HIERARCHY
ROOT hips
{
  OFFSET 0 9.714602 2.157075e-15
  CHANNELS 6 Xposition Yposition Zposition Yrotation Xrotation Zrotation
  JOINT leftUpperLeg
  {
    OFFSET 0.603868179 -0.8547634000000004 0
    CHANNELS 3 Yrotation Xrotation Zrotation
    JOINT leftLowerLeg
    {
      OFFSET 0 -3.63383757784745 0
      CHANNELS 3 Yrotation Xrotation Zrotation
      JOINT leftFoot
      {
        OFFSET -0.12525308900000004 -4.195072000000001 -0.20169123999999997
        CHANNELS 3 Yrotation Xrotation Zrotation
        JOINT leftToes
        {
          OFFSET -0.03434009849999996 -0.8300733570000007 0.7748183
          CHANNELS 3 Yrotation Xrotation Zrotation
          End Site
          {
            OFFSET -0.03434009849999996 -0.20150344299999845 0.7748183
          }
        }
      }
    }
  }
  JOINT rightUpperLeg
  {
    OFFSET -0.603888966 -0.8547634000000004 0
    CHANNELS 3 Yrotation Xrotation Zrotation
    JOINT rightLowerLeg
    {
      OFFSET 0 -3.633837684417624 0
      CHANNELS 3 Yrotation Xrotation Zrotation
      JOINT rightFoot
      {
        OFFSET 0.12526601599999998 -4.195072000000001 -0.20168892999999996
        CHANNELS 3 Yrotation Xrotation Zrotation
        JOINT rightToes
        {
          OFFSET 0.03434613350000004 -0.8300733570000007 0.7748197
          CHANNELS 3 Yrotation Xrotation Zrotation
          End Site
          {
            OFFSET 0.03434613350000004 -0.20150344299999845 0.7748197
          }
        }
      }
    }
  }
  JOINT spine
  {
    OFFSET 0 0.12716710600000014 0
    CHANNELS 3 Yrotation Xrotation Zrotation
    JOINT chest
    {
      OFFSET 0 0.5628217276339793 0
      CHANNELS 3 Yrotation Xrotation Zrotation
      JOINT upperChest
      {
        OFFSET 0 0.8959260118715402 0
        CHANNELS 3 Yrotation Xrotation Zrotation
        JOINT leftShoulder
        {
          OFFSET 0.164333079 1.3716208900000004 0
          CHANNELS 3 Yrotation Xrotation Zrotation
          JOINT leftUpperArm
          {
            OFFSET 0.5440966369472551 0 0
            CHANNELS 3 Yrotation Xrotation Zrotation
            JOINT leftLowerArm
            {
              OFFSET 2.0903029426819146 0 0
              CHANNELS 3 Yrotation Xrotation Zrotation
              JOINT leftHand
              {
                OFFSET 2.1773154932749046 0 0
                CHANNELS 3 Yrotation Xrotation Zrotation
                JOINT leftIndexProximal
                {
                  OFFSET 0.5242087100000004 0.04142403544999951 0.1569554180744
                  CHANNELS 3 Yrotation Xrotation Zrotation
                  JOINT leftIndexIntermediate
                  {
                    OFFSET 0.2688390000000007 -0.01759290700000138 -0.007211491469999989
                    CHANNELS 3 Yrotation Xrotation Zrotation
                    JOINT leftIndexDistal
                    {
                      OFFSET 0.1728022099999993 -0.011349916499998614 -0.002532955260000011
                      CHANNELS 3 Yrotation Xrotation Zrotation
                      End Site
                      {
                        OFFSET 0.1728022099999993 -0.011349916499998614 -0.002532955260000011
                      }
                    }
                  }
                }
                JOINT leftMiddleProximal
                {
                  OFFSET 0.5304522810000001 0.04766821864999882 0.02003710807439999
                  CHANNELS 3 Yrotation Xrotation Zrotation
                  JOINT leftMiddleIntermediate
                  {
                    OFFSET 0.308005214 -0.01806497570000065 -0.000008828937999999509
                    CHANNELS 3 Yrotation Xrotation Zrotation
                    JOINT leftMiddleDistal
                    {
                      OFFSET 0.1879638430000008 -0.011110305799999498 0.00013381242800002136
                      CHANNELS 3 Yrotation Xrotation Zrotation
                      End Site
                      {
                        OFFSET 0.1879638430000008 -0.011110305799999498 0.00013381242800002136
                      }
                    }
                  }
                }
                JOINT leftLittleProximal
                {
                  OFFSET 0.4858322439999996 -0.01170992855000108 -0.22194579292560002
                  CHANNELS 3 Yrotation Xrotation Zrotation
                  JOINT leftLittleIntermediate
                  {
                    OFFSET 0.19780874300000084 -0.010591745399999297 0.01081235710000003
                    CHANNELS 3 Yrotation Xrotation Zrotation
                    JOINT leftLittleDistal
                    {
                      OFFSET 0.13411581499999992 -0.007411241529999835 0.005455538629999951
                      CHANNELS 3 Yrotation Xrotation Zrotation
                      End Site
                      {
                        OFFSET 0.13411581499999992 -0.007411241529999835 0.005455538629999951
                      }
                    }
                  }
                }
                JOINT leftRingProximal
                {
                  OFFSET 0.5272181330000003 0.024465322449997995 -0.11045969992560002
                  CHANNELS 3 Yrotation Xrotation Zrotation
                  JOINT leftRingIntermediate
                  {
                    OFFSET 0.23788988600000005 -0.012254714999999639 0.009996630000000048
                    CHANNELS 3 Yrotation Xrotation Zrotation
                    JOINT leftRingDistal
                    {
                      OFFSET 0.16061007999999988 -0.008172988999999298 0.005049183999999915
                      CHANNELS 3 Yrotation Xrotation Zrotation
                      End Site
                      {
                        OFFSET 0.16061007999999988 -0.008172988999999298 0.005049183999999915
                      }
                    }
                  }
                }
                JOINT leftThumbProximal
                {
                  OFFSET 0.10017096999999975 -0.08589744455000048 0.15498148307440002
                  CHANNELS 3 Yrotation Xrotation Zrotation
                  JOINT leftThumbIntermediate
                  {
                    OFFSET 0.28238728599999985 -0.0738751900000012 0.14039220000000008
                    CHANNELS 3 Yrotation Xrotation Zrotation
                    JOINT leftThumbDistal
                    {
                      OFFSET 0.19661068900000078 -0.08030175999999889 0.01706469799999999
                      CHANNELS 3 Yrotation Xrotation Zrotation
                      End Site
                      {
                        OFFSET 0.19661068900000078 -0.08030175999999889 0.01706469799999999
                      }
                    }
                  }
                }
              }
            }
          }
        }
        JOINT neck
        {
          OFFSET 0 1.4057550240976888 0
          CHANNELS 3 Yrotation Xrotation Zrotation
          JOINT head
          {
            OFFSET 0 0.7687676000000313 0
            CHANNELS 3 Yrotation Xrotation Zrotation
            JOINT leftEye
            {
              OFFSET 0.276441574 0.46404719999999955 0.116034755
              CHANNELS 3 Yrotation Xrotation Zrotation
              End Site
              {
                OFFSET 0.276441574 0.46404719999999955 0.116034755
              }
            }
            JOINT rightEye
            {
              OFFSET -0.27644991899999993 0.46404719999999955 0.116034495
              CHANNELS 3 Yrotation Xrotation Zrotation
              End Site
              {
                OFFSET -0.27644991899999993 0.46404719999999955 0.116034495
              }
            }
            JOINT jaw
            {
              OFFSET -2.868399210000001e-7 -0.10894656200000075 0.5470737
              CHANNELS 3 Yrotation Xrotation Zrotation
              End Site
              {
                OFFSET -2.868399210000001e-7 -0.10894656200000075 0.5470737
              }
            }
          }
        }
        JOINT rightShoulder
        {
          OFFSET -0.164300315 1.3716208900000004 0
          CHANNELS 3 Yrotation Xrotation Zrotation
          JOINT rightUpperArm
          {
            OFFSET -0.5440967087760871 0 0
            CHANNELS 3 Yrotation Xrotation Zrotation
            JOINT rightLowerArm
            {
              OFFSET -2.0903020053638963 0 0
              CHANNELS 3 Yrotation Xrotation Zrotation
              JOINT rightHand
              {
                OFFSET -2.1773139222338718 0 0
                CHANNELS 3 Yrotation Xrotation Zrotation
                JOINT rightIndexProximal
                {
                  OFFSET -0.5240443353000002 0.04012465494599882 0.15783574549999999
                  CHANNELS 3 Yrotation Xrotation Zrotation
                  JOINT rightIndexIntermediate
                  {
                    OFFSET -0.26884555800000043 -0.017589330699998573 -0.006999019529999977
                    CHANNELS 3 Yrotation Xrotation Zrotation
                    JOINT rightIndexDistal
                    {
                      OFFSET -0.17280339999999894 -0.011366605800000595 -0.0023968889999999906
                      CHANNELS 3 Yrotation Xrotation Zrotation
                      End Site
                      {
                        OFFSET -0.17280339999999894 -0.011366605800000595 -0.0023968889999999906
                      }
                    }
                  }
                }
                JOINT rightMiddleProximal
                {
                  OFFSET -0.5304410943000004 0.047378540046001394 0.02097420400000001
                  CHANNELS 3 Yrotation Xrotation Zrotation
                  JOINT rightMiddleIntermediate
                  {
                    OFFSET -0.30800104100000003 -0.018138885500000868 0.00022318214199998354
                    CHANNELS 3 Yrotation Xrotation Zrotation
                    JOINT rightMiddleDistal
                    {
                      OFFSET -0.1879608629999996 -0.011157989999999174 0.00027462840000002514
                      CHANNELS 3 Yrotation Xrotation Zrotation
                      End Site
                      {
                        OFFSET -0.1879608629999996 -0.011157989999999174 0.00027462840000002514
                      }
                    }
                  }
                }
                JOINT rightLittleProximal
                {
                  OFFSET -0.4860737942999993 -0.010194778443999297 -0.22149037550000003
                  CHANNELS 3 Yrotation Xrotation Zrotation
                  JOINT rightLittleIntermediate
                  {
                    OFFSET -0.19779741800000084 -0.010701417900000898 0.0109232217
                    CHANNELS 3 Yrotation Xrotation Zrotation
                    JOINT rightLittleDistal
                    {
                      OFFSET -0.13410925900000037 -0.007473230360000027 0.005529150370000013
                      CHANNELS 3 Yrotation Xrotation Zrotation
                      End Site
                      {
                        OFFSET -0.13410925900000037 -0.007473230360000027 0.005529150370000013
                      }
                    }
                  }
                }
                JOINT rightRingProximal
                {
                  OFFSET -0.5273464322999999 0.025143623346000066 -0.10969422750000002
                  CHANNELS 3 Yrotation Xrotation Zrotation
                  JOINT rightRingIntermediate
                  {
                    OFFSET -0.23787677299999976 -0.012384653099999365 0.01014918090000004
                    CHANNELS 3 Yrotation Xrotation Zrotation
                    JOINT rightRingDistal
                    {
                      OFFSET -0.16060352300000025 -0.008248091000000457 0.005152895999999962
                      CHANNELS 3 Yrotation Xrotation Zrotation
                      End Site
                      {
                        OFFSET -0.16060352300000025 -0.008248091000000457 0.005152895999999962
                      }
                    }
                  }
                }
                JOINT rightThumbProximal
                {
                  OFFSET -0.09997814890000067 -0.08706808505400065 0.1544524175
                  CHANNELS 3 Yrotation Xrotation Zrotation
                  JOINT rightThumbIntermediate
                  {
                    OFFSET -0.2821510999999999 -0.0748121737999985 0.14037167699999997
                    CHANNELS 3 Yrotation Xrotation Zrotation
                    JOINT rightThumbDistal
                    {
                      OFFSET -0.19664823999999914 -0.08023024000000101 0.016960725200000012
                      CHANNELS 3 Yrotation Xrotation Zrotation
                      End Site
                      {
                        OFFSET -0.19664823999999914 -0.08023024000000101 0.016960725200000012
                      }
                    }
                  }
                }
              }
            }
          }
        }
      }
    }
  }
}
MOTION
Frames: 238
Frame Time: 0.03333333333333333
-0.15388295204021774 9.24428490313121 -3.3732799026518494 -7.88644473128833 -13.476935013129484 2.5524886957470305 -1.7061137381303526 2.27747591183691 -6.448053500253759 -6.2822298778331495e-18 8.573981557267132 0.7314484095794324 4.607581715307246 5.887444313496634 5.223601210883807 0 0 0 -5.837968600246772 -14.50919481227875 16.613440923992233 1.2102113737984858e-16 34.786789002056736 2.4733568595961106 -0.7935542666707279 1.2815026261724836 -20.443085390409788 0 0 0 -6.976910778156529 6.714280082431794 -1.3131020239424638 -7.223191513087883 0.292059379961478 -2.3069271983191886 0 0 0 0 0 -9.172257063262345 -11.24174384138861 -4.6942101275816155 -54.3920120625255 -27.123573483560115 2.4022351773088184 58.702269905686165 40.928559908112526 -16.271905384347452 -0.1719075713898077 -12.27346263601614 1.0807453680639065 -10.27301525921231 7.216341802192253 -0.6854035254238255 -14.652359909582406 1.488311234377048 -0.12275496173863688 -1.7076499717895461 2.1621188362977013 -0.2546607330975113 0.5976282371667021 5.0498613026682175 -0.28776185529841664 -14.648203449344804 2.4509906861157376 -0.14466394719073813 -0.2385773173336406 51.95676176744742 -4.302208801738256 -6.418218638395453 2.72113179408574 -0.11078814528331103 -0.9768308963471085 -2.484945133913829 0.16432466492634265 -0.6693604073296301 20.136184737616176 -1.7542343023544837 0.06366839132812598 1.1087159995566491 0.45484446986113364 -16.42852018334546 -0.30631518050750695 0.028670970882667676 -0.4162036970898737 0.23737656096877743 -8.738858837512648 -26.646090004590256 -26.10060921365434 2.0976871430640864 -6.84574983997339 -25.874352564223873 -5.551964450943005e-15 1.2753615516842825e-15 8.408876702711598 0.9576333720397101 -2.044944998537103 8.408876702711598 0.9576333720397101 -2.044944998537103 0 0 0 0 0 0 0 0 0 0 0 -7.341238128564305 33.83796100226297 -34.86374015778102 19.673564602090178 -1.8613295087996014 -35.84347297250729 0.5520682520702236 66.46113577278619 -46.00972412015927 -14.36538225877031 -7.998557518802643 -0.744711050699003 43.76626093402296 0.8816330690933916 -0.16508416642383186 36.649245560657974 -1.244365907203374 -0.18229993750105583 18.112523306436156 -12.720874574250182 0.7586946652773195 44.64666655105924 1.1428643224888735 0.14069795620265285 42.94597204676412 -1.469185530651876 0.06962034878550818 19.170741225954707 -18.45967888463142 2.1293950289416492 55.88129923905876 -1.811102708316438 1.994901728013461 37.73479188299379 -2.4582632485318685 0.6488855239601398 23.60223845931775 -12.470233321856824 2.9640353310283047 47.96434980673721 -0.2015376252628703 1.7999486550903425 45.61639636640106 -1.5201432185630182 0.6751720879913904 21.311271170375896 -34.34321910900032 -0.28118440877513345 5.202239519274561 -4.87016622329957 1.344352280886985 2.4128327212050116 -16.306675134864033 3.5721258373226935e-15 -5.11781901825377e-16
-0.15355360912556043 9.237554044959202 -3.4638967283787725 -8.53793964762064 -11.546250876045582 2.717622911435075 -3.308433713279269 0.6222124209603592 -6.934153145023616 -0.034751055498547824 11.583580993461682 1.3719511493161456 9.032197401981003 2.4849593249509137 4.000436045406472 0 0 0 -0.34995549375077156 -12.257587423009731 12.081611149476583 -0.1384755568964587 31.367280633169003 0.4232494166209428 -0.400156477805405 -1.0588744915205137 -15.010514865999617 0 0 0 -5.003514480634256 5.7458764570943615 -1.1803127427591762 -5.242444667467206 0.21700735481046343 -1.8879097107943272 0 0 0 0 0 -9.701810213915385 -5.857846861817718 -2.665214021775102 -57.98140110568694 -21.557412737339856 -4.000182546404654 46.843854771897924 38.97450246009331 -16.374592245506918 1.0128236056792084 -7.813054408028632 -1.4039092372229007 -27.694035060794228 5.162309246601749 0.3317589227767043 -43.09772960562105 1.0199647157306093 -0.17792535314465335 -16.804350738019657 2.3396302403309535 -0.35544719200090785 -22.133834526640733 3.4836286472824725 0.6978861253840678 -43.090177933049034 1.6630197229016999 0.18152225251137788 -18.559127332045733 37.51289212991695 3.5643034048004654 -25.42350322167589 1.6097659695738853 1.7781509000262485 -33.93903995993135 -1.766265062391366 0.616063237502916 -20.16898081844143 15.430150556332526 1.669503840693372 -22.369375174216295 0.37419258718596266 1.4446339095611112 -44.2705136933219 -0.2855378164474301 0.6441444305191346 -21.680878949380443 15.661939789660945 -5.997675743818006 -28.161898126676853 -19.919390487385442 2.2485567478406487 -4.384136497880021 -15.849009299921462 1.413561931367789 -0.14396326875494045 8.161284542667888 0.9706346635531553 -2.051480698772402 8.161284542667888 0.9706346635531553 -2.051480698772402 0 0 0 0 0 0 0 0 0 0 0 -7.356005023028873 33.38043772528839 -34.70664429088744 18.902718151031404 -1.9166739103270594 -36.64782633901082 0.546023910153574 65.38507211891194 -46.84260598671649 -13.490936466117835 -5.012266434624499 -0.7520140529981462 47.341955729155146 0.40655758573226114 -0.6119294550379323 57.762797404946454 -0.8955090463546669 -0.28392929774567005 31.780871893610563 -8.490671032312665 0.924167228808829 50.18052841487149 0.8043069090456882 0.00571852086370775 61.963770724240746 -0.9740475328771858 0.15501454731752598 29.117339386943108 -12.906749053710156 2.682124982734987 58.427593172220476 -0.4538272174231748 2.7139330018541186 58.48150176760905 -1.5504549126249176 0.9600235258716829 27.491660040992052 -8.754100071385357 3.0759523094906798 52.98255560559139 0.5047174274184197 2.09212920393719 63.74380507239446 -0.9202139772844202 0.9248124455098208 27.64958244642813 -34.716869839761266 -0.3899749561915671 7.0966228527488955 -0.650498202609914 1.5018955891086425 2.3513077849794195 -10.831002958871386 -0.04006284803221888 0.003755541051514892
-0.1532242662109031 9.230823186787195 -3.554513554105695 -9.18415036464522 -9.615734504910682 2.883667970587446 -4.896827257283633 -1.0459371047880093 -7.373829815608098 -0.03517818257122662 14.593374059534115 2.018440726568957 13.524520590679638 -0.8124393803309531 2.5196064003445926 0 0 0 4.895969612806249 -9.603417599582768 7.825574475784927 -0.13384453799576387 27.945804711675116 -1.5489566965831592 -0.22979989539781523 -3.4259680273331043 -9.585376172544397 0 0 0 -3.0385717639356393 4.7749709530227555 -1.1473017794552103 -3.2623082580111538 0.12751967038041642 -1.4717382699004948 0 0 0 0 0 -10.231363592823826 -0.6165408790676012 -0.3132415863159298 -61.36129239143155 -14.683919365914003 -9.11418909742079 34.311156464927585 37.01781382165166 -16.438422222279385 2.2010227344330295 -2.8092879247217906 -2.431782822812 -45.270039382202945 2.871781908695598 0.24726981054044425 -71.56100889506045 0.5821467432825526 -0.3531691202734924 -31.90025076260794 2.5423008756595276 -0.3798127661011761 -44.86564990970726 1.6368475745692286 0.8182677760264782 -71.55098234270662 0.8124508721332645 0.24346410629474946 -36.88257937291532 21.207947943722072 6.0637310862360545 -45.9004212344834 -0.3523975752796844 2.7573794034275916 -66.96273019923511 -1.2395167957895945 1.2817642665277813 -39.66477273782458 9.766395158167384 3.025738159239396 -45.03810612067208 -0.7380695736705306 1.976639855220134 -72.1335365832916 -0.48943698593926693 1.2252433026070542 -42.94900077624511 30.94873659224249 -2.9563413152092792 -28.88793864010463 -13.737321560884354 2.1336303288027865 -1.9205509479520462 -5.818021587127611 2.8305949303174187 -0.03950431118089723 7.913689123813048 0.9836075061551597 -2.058072588179213 7.913689123813048 0.9836075061551597 -2.058072588179213 0 0 0 0 0 0 0 0 0 0 0 -7.370771945916513 32.921236770009855 -34.55461465855161 18.131805512281915 -1.9718310105255865 -37.45219519082486 0.5400945428418653 64.27332636700937 -47.66382924648972 -12.579662418900151 -2.0321648052481334 -0.9454416173653507 50.91250699693566 -0.19763569637648185 -0.8576263085962857 78.8808772117096 -0.5805422612440998 -0.4651135633309135 45.44858250382258 -4.264267788718939 0.6808997627499239 55.71146249600509 0.4402444612189288 -0.011568743042075325 80.98202063961836 -0.4716008572010666 0.15359785155619168 39.06431925697894 -7.332708873701289 2.9855691996207554 61.01640997619983 1.0709334420111727 2.905671651661152 79.24719619560965 -0.6235451601714738 1.2088332728077331 31.38588287537581 -5.042577797190908 2.862833292573601 57.997243116590234 1.2669622266397131 2.1501658168502393 81.87544468800567 -0.2963477801970434 1.1066865639040422 33.990577975381605 -35.09391114809114 -0.4863521818147377 8.99170116094889 3.5693236592986386 1.663537601474886 2.3015419238777173 -5.355330740480155 -0.08030124634960949 0.0036710240372066234
-0.1528949232962458 9.224092328615185 -3.6451303798326187 -9.825035358996578 -7.6854051308471165 3.050980726791804 -6.4738914888830745 -2.7255931028343765 -7.767475214284753 0 17.602977445017927 2.674784824864623 18.111222760331156 -3.9823483573485596 0.7811121521746611 0 0 0 9.89300906794388 -6.586801215082061 3.860850472755256 1.0924997750077025e-16 24.52643483893148 -3.464260150631921 -0.2845236405514286 -5.798546864513254 -4.149169738967777 0 0 0 -1.0809149374707738 3.807186958363663 -1.2136179270559109 -1.2828784229121324 0.023707997497202475 -1.0589084441552168 0 0 0 0 0 -10.760916733862429 4.4812543754365235 2.333610654740527 -64.51488352529863 -6.702513282050868 -12.599450494923028 21.093446777333302 35.059714678284735 -16.46328062594409 3.391072632673546 2.271968443927273 -1.8994474265157018 -62.870612425082555 0.8981796529938653 -0.9183544133165132 -100.00115676825729 0.20506440643375626 -0.6363837304872692 -46.994925037615204 2.7386440742927425 -0.3239717926528388 -67.59737530862503 -0.04407405768731226 0.04418823004595756 -100.00000324823134 -0.01446299540962418 0.03486799446815148 -55.20488730301499 5.06868051639609 2.7019480045613298 -66.24150745226639 -2.532160911038129 2.5093442720218944 -100.00892673788951 -0.9650907270655266 2.085069141720135 -59.161225164458884 4.016695238894325 2.0931127667808234 -67.73161396993041 -1.9702910268999527 1.9272618043132963 -100.0053272155371 -0.890365079085566 1.6927911491631227 -64.22400837285481 46.17635457086687 0.16825924398664172 -28.78599474883841 -7.566788572690273 1.7544726169075484 0.5159795264449226 4.230613336432257 4.207734046375863 0.31097431173999657 7.6660912472442915 0.996551686705503 -2.0647203325027212 7.6660912472442915 0.996551686705503 -2.0647203325027212 0 0 0 0 0 0 0 0 0 0 0 -7.385538869289253 32.46042445759562 -34.407688642484494 17.36082487166735 -2.0268043003315737 -38.256575889853785 0.5342776156723321 63.124279657883655 -48.47269205212874 -11.62998392425045 0.9304075979879896 -1.3237323271140085 54.4685408355833 -0.8498011839671277 -0.8691405400426697 100.00103582277193 -0.3172977584317084 -0.7155878005997235 59.11563855329941 -0.08114105564686244 0.03248310744232579 61.20922440253603 0.09042073683716843 0.09072399324355175 100.00001189584161 0.02304775988696518 0.0654129626748643 49.01089196546758 -1.7497498624957784 3.0361839647736604 63.62290767882153 2.5646044380901882 2.5450223147302506 100.00916994039282 0.3182056736061648 1.394096239463493 35.28394836563996 -1.3649681897749786 2.327253534523592 62.98616714774507 2.0094030134073133 1.9682779507839616 100.00554969394483 0.34382512043278796 1.2185443519472905 40.33350165392541 -35.473941967269624 -0.570206410857679 10.887399384121107 7.7893702064647306 1.8284019040424824 2.2638068328403356 0.12034848711291139 -0.12034795496972157 -0.00025278834849857466
-0.1530024062057111 9.198341554305301 -4.010214657439998 -9.882626138256503 -7.537745887939178 3.055327995115834 -6.518269065236105 -2.775191094538604 -7.811082842678343 -0.00010933179795963438 17.724056170119287 2.6911786323197995 18.303740014569144 -4.171778181932507 0.5525208727151923 0 0 0 9.814570150288535 -6.3589551725244675 3.6848625807168687 0.0003955321437092117 24.180510374011888 -3.4441785714901223 -0.3389910564129057 -5.862485911955849 -4.012589477000831 0 0 0 -0.9528804909858049 3.734767611561992 -1.1742106959400165 -1.1515334845400482 0.02125556085731853 -1.1050380980048748 0 0 0 0 0 -10.919238153661926 4.907991239149278 2.5379640554712437 -64.4705600634501 -6.993803992085983 -12.533719869629367 20.7841410351182 29.84794020795292 -16.720213721683425 5.905822960534317 2.695211690260499 -1.7641188297080999 -58.919119623925454 0.22326421586625528 -1.1687207558309547 -93.22479137644028 0.28310780208883435 -0.5691350854220477 -43.13180943570347 3.215430462895876 -0.2685851794124265 -64.27058365709682 -0.04407405768731226 0.04418823004595756 -100.00000324823134 -0.012384379795512901 0.03300744127362258 -51.28038206203121 5.030866115296686 2.636867427153688 -64.05363759742148 -2.532160911038129 2.5093442720218944 -100.00892673788951 -0.8108528547622041 1.9646656415529238 -54.34050711147533 4.550739215857288 2.0746725075188053 -65.3517782981187 -1.9702910268999527 1.9272618043132963 -100.0053272155371 -0.7583678194760067 1.6082699421225284 -59.229527711045215 45.33703587695635 -0.025834334302251023 -26.20324299595102 -5.14337254848797 1.6029792707101804 0.5979028813501572 5.063053367995262 5.01982618632959 0.49190441891362097 7.147832683059955 0.9333958134321115 -1.9698253266477996 7.147832683059955 0.9333958134321115 -1.9698253266477996 0 0 0 0 0 0 0 0 0 0 0 -7.379849994052465 34.91929609198428 -34.96009611857565 16.620113084219994 -1.9219160251002172 -39.547157081984736 0.5010828546047293 60.78720411329549 -49.13692744531001 -11.1163838924718 0.7198086035500166 -1.3718339032747242 55.29304055223082 -1.551766030862664 -0.8674595868740813 98.67268718403331 -0.30645888693602885 -0.7074149024577184 58.13527560545057 -0.15089816372338272 0.020812178830664493 62.20639412672025 0.09042073683716843 0.09072399324355175 100.00001189584161 0.023471933877712115 0.06585031518219887 49.42843483630086 -1.8422558373368785 3.0493066097616364 65.41823302904731 2.5646044380901882 2.5450223147302506 100.00916994039282 0.35332873774337076 1.451801280887986 36.92515591297701 -1.4095050222719134 2.3365855379624665 64.00337149966376 2.0094030134073133 1.9682779507839616 100.00554969394483 0.3771957357797965 1.2631533879168777 42.07219891238555 -35.4048274049867 -0.5814695347577914 11.016764437807543 7.649281151382975 1.8254634290277842 2.487830434232074 -0.6883791333587823 -0.10316548746500971 0.0005113961251336114
-0.1531098891151763 9.172590779995417 -4.375298935047375 -9.94020716911905 -7.390087048267108 3.0596924585505967 -6.562610108320206 -2.824823009298937 -7.854653924729832 -0.00018234349693632037 17.845134209150455 2.7075829850936923 18.497058755286417 -4.3604398312776524 0.323236364484966 0 0 0 9.735460585215103 -6.131349596823451 3.5086380139290094 0.0006574580100028743 23.834585912534756 -3.4241539372024903 -0.3936178144072506 -5.926295807164508 -3.8759329274664305 0 0 0 -0.8248230256221664 3.662267831749232 -1.1352927000290094 -1.0201867676118013 0.018908880469953506 -1.1511732342441654 0 0 0 0 0 -11.077559118067327 5.334956634817918 2.7419820106320447 -64.42470687671909 -7.2855747149469785 -12.469455754559888 20.4747723204508 24.625411769569087 -16.756900987721423 8.43647217758755 3.126751773219757 -1.6582662160334458 -54.96698391859489 -0.4765388586802829 -1.3376958257748872 -86.44541231218105 0.36550396387291095 -0.5072969440231982 -39.26864396420739 3.6946257677619396 -0.24096137988962504 -60.94345724378262 -0.04407405768731226 0.04418823004595756 -100.00000324823134 -0.010437979883423428 0.031008986974477192 -47.35587591824369 4.990594453403505 2.5732764642355543 -61.86583803491834 -2.532160911038129 2.5093442720218944 -100.00892673788951 -0.6672955273858389 1.8317350289090937 -49.52048477001827 5.0835460595203905 2.034088544719769 -62.97226311656974 -1.9702910268999527 1.9272618043132963 -100.0053272155371 -0.6342383244499737 1.512583303659518 -54.23546893321033 44.48982265523826 -0.1818895637893787 -23.61791329483701 -2.7203478140463857 1.4481590902100412 0.6733394126145742 5.899186188281806 5.829206489003114 0.6849179656221325 6.629478417702302 0.8711007102010068 -1.8743644569259317 6.629478417702302 0.8711007102010068 -1.8743644569259317 0 0 0 0 0 0 0 0 0 0 0 -7.3741602721259385 37.40311562567483 -35.485722326991656 15.846048284848715 -1.814825158673407 -40.837668955061616 0.46687409559868276 58.40945490183017 -49.786690011348746 -10.554336100576068 0.5085348924312875 -1.416900457658753 56.11773000832118 -2.2535822180597243 -0.882049877696438 97.34441524288255 -0.29576146914116636 -0.6990578033315427 57.154917180433976 -0.22084782163143105 0.01035701226597933 63.20357798135452 0.09042073683716843 0.09072399324355175 100.00001189584161 0.023899284262860938 0.06628455942160931 49.845975590498114 -1.9343057982233405 3.065316735683747 67.21355562943663 2.5646044380901882 2.5450223147302506 100.00916994039282 0.39009157790166615 1.5084768262332735 38.56643992376975 -1.4538694630369267 2.3467058704688104 65.02057227606151 2.0094030134073133 1.9682779507839616 100.00554969394483 0.41190542553491444 1.306729641165067 43.8109504445322 -35.335736975116944 -0.5928887166141117 11.14611610873759 7.5091822385056615 1.8230722912397428 2.711859925929218 -1.4971060838424308 -0.08597394454299527 0.0010329820293923928
-0.1532173720246416 9.146840005685533 -4.740383212654754 -9.997780004875292 -7.24242935249988 3.0640746165444277 -6.606916374916795 -2.8744884612474597 -7.898188583368937 -0.00021896182186991936 17.966212101960746 2.7239985194540717 18.69118422183919 -4.548326649001133 0.09325584551454741 0 0 0 9.655682315907889 -5.903987022572565 3.3321715506008376 0.0007868700537251352 23.488663789709438 -3.4041838377804488 -0.4484037696559218 -5.989976155510242 -3.7391992470316047 0 0 0 -0.6967419627755422 3.5896892334958013 -1.0968644033496366 -0.8888382023162197 0.01666796799929135 -1.1973137137425254 0 0 0 0 0 -11.23587980471969 5.762160949657011 2.94565283651581 -64.37732442830603 -7.577820520864331 -12.40666222024658 20.165348952826783 19.408288024565323 -16.57292394571529 10.959136662231542 3.564544757864709 -1.5823970817578388 -51.01434200154809 -1.191438401059313 -1.4228868221694257 -79.66411802120153 0.4518786122449052 -0.451150449363983 -35.40543000966219 4.174616177770517 -0.24119539598148437 -57.61622258693146 -0.04407405768731226 0.04418823004595756 -100.00000324823134 -0.008632920681418335 0.02888200307730707 -43.431372350645674 4.947924369617599 2.5112673216055383 -59.678098753995435 -2.532160911038129 2.5093442720218944 -100.00892673788951 -0.5354309237704842 1.687219453367945 -44.70117070990713 5.6141914518851115 1.9714349369166644 -60.59329997818053 -1.9702910268999527 1.9272618043132963 -100.0053272155371 -0.5189177772391983 1.4064585181892566 -49.24185583203453 43.63642149061142 -0.2995545452537983 -21.030534430539284 -0.2976871783834089 1.290289422782854 0.7421565255735927 6.739347873239621 6.63568981534765 0.8900986339767936 6.111029155727195 0.8096718092204227 -1.7783451850071161 6.111029155727195 0.8096718092204227 -1.7783451850071161 0 0 0 0 0 0 0 0 0 0 0 -7.368471397035403 39.91149106847338 -35.98331442117873 15.039581012971631 -1.7054253962220138 -42.12810942400704 0.43152665342163093 55.98974070457204 -50.42059872054141 -9.942891480329777 0.2966301917198894 -1.4589220224294084 56.94259458163962 -2.954876306302194 -0.9129015185346369 96.01641286369225 -0.28520864423548176 -0.6905188520806583 56.17456337315473 -0.29096882420068065 0.0011207871853716259 64.20077414892397 0.09042073683716843 0.09072399324355175 100.00001189584161 0.02432978820861646 0.06671568205281679 50.26351793284361 -2.0258098150510078 3.0841988691667512 69.00888252846904 2.5646044380901882 2.5450223147302506 100.00916994039282 0.4284642001311544 1.5640766243189346 40.207804030223706 -1.4980474576822087 2.3576115587042326 66.03777529948508 2.0094030134073133 1.9682779507839616 100.00554969394483 0.44792229909185166 1.3492328388212353 45.5497583389723 -35.26667335099522 -0.6044638511089867 11.275454906628118 7.369075044494204 1.821228915593858 2.9358943295851567 -2.3058325838643716 -0.06877674643657446 0.0013118658337222132
-0.15332485493410689 9.121089231375649 -5.105467490262133 -10.055344421531386 -7.094771819312303 3.0684741400125786 -6.6511855396130315 -2.9241874920460655 -7.941686094822217 -0.00021911244924920333 18.08729038949829 2.7404253099881015 18.88611680644473 -4.735434493804856 -0.13742321515356976 0 0 0 9.575231308078369 -5.676870430803545 3.155457746046485 0.000784825137127557 23.1427388550906 -3.3842663391865284 -0.5033488472694073 -6.0535261320209415 -3.602388090953156 0 0 0 -0.5686370484639109 3.5170336439485514 -1.0589260017476392 -0.7574878939776342 0.014532836778253407 -1.2434591729646647 0 0 0 0 0 -11.394200594209112 6.18961437402064 3.1489650287075763 -64.32841333346988 -7.870533459062813 -12.345343369084015 19.855873179208775 14.212459765927562 -16.17036738730993 13.450179503218294 4.006515231175194 -1.5368757888150355 -47.061348281298926 -1.9114121414642062 -1.423086026305493 -72.88216412067298 0.5418393330647441 -0.4009508513983494 -31.5421597552867 4.653784641348535 -0.2692864554663299 -54.289097673032025 -0.04407405768731226 0.04418823004595756 -100.00000324823134 -0.00697766977643184 0.02663646639968784 -39.50687129592677 4.902917895324968 2.4509309223347855 -57.490416172903075 -2.532160911038129 2.5093442720218944 -100.00892673788951 -0.41618774296076405 1.532142264273796 -39.8825529956459 6.14175412229781 1.8868258183020346 -58.21512569575658 -1.9702910268999527 1.9272618043132963 -100.0053272155371 -0.41328016222310415 1.2907021135727328 -44.24868916292324 42.778571265191616 -0.37856305423894315 -18.441664084628727 2.12463988808589 1.1296529662324388 0.8042335329640893 7.583874482282845 7.439087595224923 1.1075389164277782 5.592485321515453 0.7491142288037591 -1.6817755220885982 5.592485321515453 0.7491142288037591 -1.6817755220885982 0 0 0 0 0 0 0 0 0 0 0 -7.362782959840896 42.44385120679381 -36.45163712812667 14.201826259732888 -1.593597072185429 -43.418476840642924 0.39490350223768317 53.52690067663522 -51.03722182122389 -9.281228841026785 0.08413845856499308 -1.4978893777448792 57.767625159616294 -3.6552743899745828 -0.9599933193889569 94.68887333628105 -0.27480347909959313 -0.6818006643681923 55.194210451356696 -0.361239984499824 -0.0068936835990052545 65.19798078799943 0.09042073683716843 0.09072399324355175 100.00001189584161 0.024763420433465272 0.06714365639531916 50.68105869932007 -2.1166780362090023 3.1059343542099427 70.80420955865112 2.5646044380901882 2.5450223147302506 100.00916994039282 0.4684152794502588 1.6185547348884306 41.84924979452115 -1.542024901827624 2.36929920347128 67.05497738831205 2.0094030134073133 1.9682779507839616 100.00554969394483 0.48521327332200254 1.3906239840380983 47.2886252763823 -35.19763363353566 -0.6161948329747463 11.404778510370095 7.228961996983085 1.8199328733037583 3.159932613312915 -3.1145587531727505 -0.05157733004470328 0.0013479924227431236
-0.15343233784357216 9.095338457065763 -5.470551767869511 -10.112898488481866 -6.947115188525874 3.0728912532118584 -6.695419760507263 -2.9739201435167444 -7.985147428780372 -0.00018272008025134454 18.20836961383555 2.756863376155639 19.081856812366173 -4.9217570296712 -0.36880337613402564 0 0 0 9.494108551876073 -5.450001533244719 2.978492198090982 0.0006523454354494289 22.796815239658287 -3.3643997736163738 -0.5584528586023009 -6.11694491045972 -3.465499752500635 0 0 0 -0.44050794616531647 3.444302675111969 -1.0214778953205395 -0.6261358581668423 0.012503500140857353 -1.28960936126294 0 0 0 0 0 -11.55252270543722 6.617327614695503 3.3519072609150484 -64.27797378858143 -8.163709035310674 -12.28550333495508 19.54635179098592 9.052761738519155 -15.553730451412306 15.886922047997295 4.450567646428591 -1.521920991481765 -43.108179284438876 -2.6263587485756146 -1.3382904277970464 -66.10086486467165 0.6349774804726684 -0.3569263834257852 -27.678839238677693 5.1305167053436485 -0.3251379327605054 -50.962316947259225 -0.04407405768731226 0.04418823004595756 -100.00000324823134 -0.005479989723832993 0.02428290570914038 -35.58236612905564 4.855641168833326 2.3923547722405876 -55.302782833983514 -2.532160911038129 2.5093442720218944 -100.00892673788951 -0.3104047984171694 1.3676011781944466 -35.06460821282036 6.665321903782205 1.7804150254397957 -55.83795599058347 -1.9702910268999527 1.9272618043132963 -100.0053272155371 -0.3181252986070054 1.1661937015947172 -39.25597241648032 41.918020416715784 -0.4187358650899884 -15.851882869748763 4.546666356595905 0.9665371385087208 0.8594616620219041 8.433104297406008 8.239207015769837 1.337339149824869 5.073847071874592 0.6894330934412681 -1.5846629414102127 5.073847071874592 0.6894330934412681 -1.5846629414102127 0 0 0 0 0 0 0 0 0 0 0 -7.35709323827507 44.99945350295763 -36.889500242811074 13.334078673080409 -1.479205403659743 -44.70876488316429 0.3568533801341361 51.01991217774848 -51.6351107933295 -8.568675837617134 -0.12889623893695004 -1.5337936266459389 58.59280942558996 -4.354405191343955 -1.0232932568798792 93.36198632567809 -0.2645490248160058 -0.672905749105104 54.21385940733255 -0.43163996537966015 -0.013683959798275054 66.19519610823377 0.09042073683716843 0.09072399324355175 100.00001189584161 0.025200160926965375 0.06756845576861291 51.09860173829168 -2.2068219106826934 3.1305019933752565 72.59954054864818 2.5646044380901882 2.5450223147302506 100.00916994039282 0.5099122517421576 1.6718665964317307 43.49077470476521 -1.5857883202559095 2.3817649797070377 68.07217921088383 2.0094030134073133 1.9682779507839616 100.00554969394483 0.5237441398080633 1.4308647157607899 49.02754831419644 -35.128622465623344 -0.6280815569949149 11.534088946575897 7.088845525916873 1.8191845902900903 3.383972918894157 -3.923284401383484 -0.03437911558491585 0.0011413546629753626
-0.1535398207530374 9.069587682755879 -5.835636045476889 -10.17044462612995 -6.799458909003432 3.0773260883387477 -6.739617946897963 -3.0236860301602007 -8.028572230485805 -0.00010970839043762693 18.329446720571323 2.77331313644335 19.278406850985473 -5.107289580167097 -0.6008871775245094 0 0 0 9.412312161276024 -5.223383347156173 2.8012697047875523 0.0003904189007547909 22.450891457139534 -3.3445824664648063 -0.6137156418672736 -6.180233380850356 -3.328533866439999 0 0 0 -0.312354392548565 3.371498151582561 -0.9845203020577932 -0.4947822378392182 0.010579970588344935 -1.3357641583314506 0 0 0 0 0 -11.710843320067216 7.045310610441301 3.5544675284289897 -64.22600915987547 -8.457341609273072 -12.22714628286843 19.236788807016815 3.9422842976921606 -14.729751914513912 18.248256555020248 4.894594833466015 -1.5376044266939253 -39.15500863276892 -3.3262554917637543 -1.1697022662732102 -59.32147356274915 0.7308697685483432 -0.31927716425188546 -23.81546613326927 5.603207993476609 -0.40855789759908506 -47.636085890798455 -0.04407405768731226 0.04418823004595756 -100.00000324823134 -0.0041469030705132024 0.0218323600348389 -31.657861708256597 4.806162941287227 2.3356242436861647 -53.115194009176946 -2.532160911038129 2.5093442720218944 -100.00892673788951 -0.21882532407765526 1.1947602008191374 -30.24729421445684 7.183991951431532 1.6523959934700545 -53.462005006350445 -1.9702910268999527 1.9272618043132963 -100.0053272155371 -0.23417311824869713 1.0338785541361573 -34.26368133381503 41.056533675490016 -0.4199816342492976 -13.26178346922017 6.968427447392858 0.8012335040102133 0.9077441550854466 9.28737619431384 9.035854956548325 1.5796086020743951 4.5551146213680695 0.6306334269282432 -1.4870152245260084 4.5551146213680695 0.6306334269282432 -1.4870152245260084 0 0 0 0 0 0 0 0 0 0 0 -7.3514048008909665 47.57736582505078 -37.295752962607615 12.437814514730245 -1.3620981957919638 -45.99898133048318 0.31720854097468265 48.46794190641822 -52.21277100972153 -7.8047474621338475 -0.3424295604538645 -1.566626944162379 59.418134295968315 -5.051898632611305 -1.1027583682610336 92.03594009117485 -0.25444829665144064 -0.6638366685428487 53.23351226796722 -0.502147442150024 -0.019247975368660176 67.19241799119592 0.09042073683716843 0.09072399324355175 100.00001189584161 0.02563998634361747 0.06799006683241575 51.51614424249453 -2.296152975527732 3.1578774064244284 74.39487383214946 2.5646044380901882 2.5450223147302506 100.00916994039282 0.5529211579441956 1.7239683859170762 45.13238342004418 -1.6293235301424493 2.395005063734627 69.08938005280362 2.0094030134073133 1.9682779507839616 100.00554969394483 0.5634794067318866 1.4699180563024576 50.766527844339755 -35.05963497105319 -0.6401240247338057 11.663385395200986 6.948726781172249 1.818983852319825 3.6080145719533596 -4.7320105844449705 -0.017185529941805854 0.0006919940556511183
-0.1536473036625027 9.043836908445995 -6.200720323084268 -10.227980298871516 -6.651802859785801 3.0817782576307065 -6.783780219519311 -3.0734856215627353 -8.071960728968893 0 18.450525846670793 2.7897746645004524 19.47576764704045 -5.2920257011004175 -0.8336770603790141 0 0 0 9.329841869737116 -4.997018479243919 2.623785212472277 -1.0727766843612337e-16 22.10496784741433 -3.324812360392756 -0.6691371290977858 -6.2433898561654955 -3.1914900924303597 0 0 0 -0.18417595246875226 3.2986221104930173 -0.9480535802516847 -0.36342715517878216 0.008762258121551736 -1.3819232178341851 0 0 0 0 0 -11.86916447041593 7.473574488645136 3.756634643408558 -64.17251649146634 -8.751423220722966 -12.17027553520476 18.927191117735635 -1.1081754307010754 -13.707143733021853 20.515131967799952 5.336490153676672 -1.5838507593786417 -35.202025095141344 -4.001309447080694 -0.9197090994733238 -52.54509170422976 0.8290807025418648 -0.28817444662410974 -19.952050144212002 6.070269635094092 -0.5192598600720908 -44.310610968511874 -0.04407405768731226 0.04418823004595756 -100.00000324823134 -0.0029846631922983793 0.019296321971640787 -27.733358405880505 4.754555060342852 2.2808221499759638 -50.92764080347879 -2.532160911038129 2.5093442720218944 -100.00892673788951 -0.1420920209182969 1.0148412684863861 -25.43054565501625 7.696873002557745 1.5030008589142583 -51.0874665479927 -1.9702910268999527 1.9272618043132963 -100.0053272155371 -0.1620584523328386 0.8947613205864061 -29.271790453558264 40.195869727840595 -0.3822975958501741 -10.671964467725289 9.389960179829226 0.6340377364996863 0.9489962824994806 10.147029721842166 9.828831149135159 1.8344640225671898 4.03628813158183 0.5727203123159056 -1.388840290597619 4.03628813158183 0.5727203123159056 -1.388840290597619 0 0 0 0 0 0 0 0 0 0 0 -7.345715516651092 50.17647900562367 -37.66930403409343 11.51469173850887 -1.2421037553091934 -47.28911414474644 0.2757824594377883 45.87037290483223 -52.76868180234871 -6.989173270094769 -0.5564170222142801 -1.5963820452087651 60.243588122246685 -5.747387222259424 -1.1983345565488026 90.71091870334952 -0.2445042588936636 -0.6545960916356611 52.2531723983392 -0.5727411315122309 -0.023584036890327384 68.18964717076618 0.09042073683716843 0.09072399324355175 100.00001189584161 0.026082873225054076 0.06840845623611043 51.93368436573682 -2.384583540150273 3.1880338852365226 76.19021368888815 2.5646044380901882 2.5450223147302506 100.00916994039282 0.5974069023232269 1.7748170191151778 46.774075975717366 -1.6726172614840156 2.4090154196420563 70.10658038959308 2.0094030134073133 1.9682779507839616 100.00554969394483 0.6043826605644482 1.507747877924792 52.50556715148754 -34.990676629802216 -0.6523220777174853 11.79266770595135 6.808607778129937 1.8193308727612154 3.8320560956095866 -5.540736559767653 1.2283740442737073e-15 -5.94407319646771e-17
-0.1384704489511982 9.029557647495352 -6.519243625596206 -9.302489624849263 -6.162169145205849 2.7276894197178407 -4.88553798589194 -2.754196269184536 -6.87556182197411 -0.009581160691316221 17.9918063811853 2.028146770824536 17.980364053432922 -6.762267494670136 -1.2596735408738169 0 0 0 9.686314958517281 -4.7409092438344915 3.4186752986936346 -0.003342845717524645 21.43829644548069 -3.504292840037347 -1.1739424271989989 -7.139227975802149 -3.279528113665434 0 0 0 0.4035006978757344 3.1241363821695116 -1.910504262731795 0.24368518102385034 0.053835165423144545 -0.23314711496075485 0 0 0 0 0 -11.305919635979235 5.91630840311197 2.7238139616203094 -60.50730938069949 -25.124739762794572 -6.883652257626768 29.73790317542713 -6.090496101954671 -12.496295968266244 22.670843434158645 5.7741582059467955 -1.6604379529579079 -31.249390933888964 -4.642105043967378 -0.5918437485451955 -45.77256599941686 0.9291637753471969 -0.26375959869095095 -16.08859317917441 6.530133037493812 -0.6568641831410751 -40.98607446756393 -0.04407405768731226 0.04418823004595756 -100.00000324823134 -0.001998720076020263 0.01668668431923563 -23.808854294720664 4.700893439973386 2.228028533289895 -48.740119907726736 -2.532160911038129 2.5093442720218944 -100.00892673788951 -0.08074280947156816 0.8291159311281969 -20.61429017721192 8.20308615571981 1.332499415879509 -48.71452797832928 -1.9702910268999527 1.9272618043132963 -100.0053272155371 -0.10232613464365707 0.7498977932482266 -24.280255022111962 39.33779499312753 -0.30576933037844645 -8.083018281855503 11.811304136312382 0.46524846401313397 0.983146161551453 11.012406325505912 10.617933408718246 2.102029858292762 3.7665776019690815 0.45152702858663235 -1.3515561651647703 3.7665776019690815 0.45152702858663235 -1.3515561651647703 0 0 0 0 0 0 0 0 0 0 0 -6.7957031183585626 49.86412668119177 -41.0670272105655 10.73314448164139 -0.9661445759839217 -46.557816815707035 0.1500463029187448 36.16691623650374 -50.7441781871253 -4.286836858945953 -0.9133769037522744 -1.7629785017642943 67.87160196917044 -4.415624887227784 -1.2102656905502371 87.62030092808816 -0.22493107193971348 -0.6354426538848558 50.27536600666596 -0.08149152783525744 0.12105173282011537 74.65454563679049 0.08384729718213835 0.09102808378645863 95.48909919378663 0.024832884632055175 0.06721163816862882 50.74766989540776 -2.4322456129967116 3.18768735723814 81.33960822565317 2.3684448534507805 2.5547331462164506 95.23456710435995 0.5853366226728809 1.7613089048915933 46.33389979661589 -1.6289217748739542 2.4497843231398115 76.40475698097846 1.9241931349932961 1.9746237510013425 97.33817209076135 0.5480795889849531 1.4550629985561683 50.09869444782269 -36.99721367973924 -0.6435324496204297 13.817593312969574 6.229669381668742 1.6882527542957386 -0.7009799204532579 -3.1006432376179074 -1.0261842766522444 -0.008190213514424904
-0.1232935942398937 9.01527838654471 -6.837766928108145 -8.380093491795593 -5.672177719838147 2.374427563390474 -2.98149094723421 -2.4747234518176437 -5.669519324663994 -0.012742407348081037 17.53300872495843 1.2685507723427798 16.49096437805179 -8.243043362825095 -1.6482074030782237 0 0 0 10.046190430933922 -4.489756264067289 4.214863917923467 -0.004437208938635226 20.77161844718946 -3.682927432928035 -1.6784099679728572 -8.03580147162417 -3.35977564455696 0 0 0 0.9843147825665483 2.9562451376778895 -2.8801534557038124 0.8515795859876207 0.08672496604980086 0.9160430174891999 0 0 0 0 0 -10.742676076842843 4.297234095006108 1.792841765558737 -56.817880240835365 -40.14623875149142 1.0908424141264483 38.592129557734616 -10.999431680247604 -11.108944712984961 24.70116366380324 6.205524419101441 -1.7669983744229747 -27.29726888670121 -5.239739024186561 -0.19072756848368674 -39.00440902350486 1.030664324471188 -0.2461436993422417 -12.22510748928368 6.981257329034766 -0.8208994823672346 -37.662634774715244 -0.04407405768731226 0.04418823004595756 -100.00000324823134 -0.0011936974621030048 0.014015686721358861 -19.884351688546605 4.645256790203278 2.177319811699076 -46.55262595884477 -2.532160911038129 2.5093442720218944 -100.00892673788951 -0.03520731680498443 0.6388963818437091 -15.798439836110969 8.701770415440572 1.141199106793643 -46.343347743183244 -1.9702910268999527 1.9272618043132963 -100.0053272155371 -0.05542717216755746 0.6003871234111104 -19.289025162096046 38.484057584822125 -0.19057051328396346 -5.495526595920267 14.232499618658284 0.295167263563426 1.010133642264144 11.88384851543666 11.402954671075832 2.3824386771903567 3.4967927267181853 0.3305106581786138 -1.3137026201541468 3.4967927267181853 0.3305106581786138 -1.3137026201541468 0 0 0 0 0 0 0 0 0 0 0 -6.2456904272400875 49.59908177806944 -44.46775586890102 9.933438397699346 -0.6946979614920964 -45.82613439444864 0.02763880890978024 27.03566747922358 -48.47342352090343 -2.2513779522090975 -1.2893317149575456 -1.8807329849699281 75.50110302872733 -3.0851678103220337 -1.150396408159468 84.53026676264088 -0.20603069360001847 -0.615625119592949 48.29757164958968 0.4229220775393152 0.20945091211970146 81.12048132134333 0.07727030250268252 0.09081423989925157 90.97818700761934 0.023607938832981252 0.06598920023398054 49.56165337683242 -2.4797465309365943 3.1916135412576923 86.48901057803111 2.1721567338038925 2.5480989381919574 90.45995307260495 0.5733705086410071 1.7477084245847967 45.893728991231924 -1.5810120205309053 2.485517791307487 82.70314394571861 1.8387798871352192 1.9769995079672815 94.67078113140933 0.49404068951372904 1.4000609811685758 47.69193354139972 -39.00216705761266 -0.5638735015019272 15.840952387417698 5.662947618949633 1.511859264881699 -5.232122250234239 -0.6592295159453913 -2.0510888018107436 -0.06009219525987406
-0.10247367883134122 8.926015725818031 -6.986309500057335 -6.776725379156747 -4.738495054062531 1.2515439377080952 2.143058166093844 -2.103723964742796 -2.3278024474688723 -0.0026206943858881567 17.542884917571364 -0.755200262043205 10.232791687616613 -10.604313329359298 -2.4331053831711267 0 0 0 10.581713009233463 -3.6476137373729127 6.140053652772178 -0.0019863740044651613 19.825826331291903 -3.98876659093879 -5.450726296289065 -9.296645110144556 -3.7188656672494953 0 0 0 1.9143737972063766 2.457389453879743 -4.899680748452019 1.8601079934436853 0.1417278371316242 3.1924328194205835 0 0 0 0 0 -8.298190315067057 -2.197409560051324 -0.8998998004753991 -53.23715834805002 -70.49614046668376 15.451265423071511 42.96368572886679 -13.413021721852422 -14.130736086469998 23.70071627392842 0.9889797521255695 -1.0601833368594369 -32.75734741824947 -3.290266731561817 -0.4692295294561174 -48.458435930696396 1.2337361102606617 -0.22482612524579532 -9.965716562176642 5.178206229118029 -0.5872377694277144 -43.66964859795366 -0.04392177915240649 0.04420106666994978 -99.78506192921337 -0.005002177119381121 0.02344970426691298 -34.231393812671556 5.183768392304508 2.3320792097000833 -53.6106286485609 -2.532160911038129 2.5093442720218944 -100.00892673788951 -0.06836389427171305 0.7838445800203463 -19.45900353489302 5.464241404736352 1.7886800410971209 -55.4553260130025 -1.9702910268999527 1.9272618043132963 -100.0053272155371 -0.09285419140497711 0.7230889533414813 -23.37482756726492 39.56419902459646 -0.27238099261959353 -9.342009910272484 14.67054535682104 0.48583258849092575 -0.006700000182238403 7.162281041001519 7.046200960792675 0.9385691328270822 2.345575740909863 -0.25376049996814265 -0.9913150602434332 2.345575740909863 -0.25376049996814265 -0.9913150602434332 0 0 0 0 0 0 0 0 0 0 0 -1.354983194695987 28.97874225293639 -50.475822632761805 33.268771995882915 -0.6268552825073938 -44.7693002058675 0.5199719085010879 18.423816875492104 -46.02656770453326 -0.847368519721611 -1.6776210067984585 -1.9475522349531853 83.13162137836932 -1.7599139887085633 -1.0189345838482107 81.44255278953572 -0.18782562093627816 -0.5951671340418435 46.31979467059553 0.9340839351604555 0.2404819283948542 87.58696886064297 0.07073051155594962 0.09008378227384543 86.46727501849821 0.022408556543688972 0.06474166937227357 48.37563596105323 -2.5267030202156113 3.199780847344453 91.63843828629447 1.977104526146508 2.5251658776893033 85.68544442001651 0.5615094807363092 1.7340165403785899 45.453564192399085 -1.52946627492903 2.5157842880030477 89.0017173397316 1.7533486607380175 1.975399865407745 92.00338886014528 0.4423611134601218 1.3428388711633377 45.28528138415363 -41.003029669765155 -0.41354305012821596 17.860252158188594 5.111983137956158 1.2912740736555774 -9.760916868753654 1.7850647861266635 -3.0728507816583086 -0.15570773352101894
-0.1023068703884077 8.898168832430496 -6.975317167210294 -6.440648766396289 -4.637009422191383 0.7113766345011469 3.6921988205325653 -2.465054447450405 -1.1462736928944117 0.005995751841323017 18.82341405454246 -1.3720832974080528 6.712857030809992 -11.17080676975886 -2.3162904038350502 0 0 0 10.291127082077708 -3.234285416258437 6.839028396440885 -0.0010541722763604392 19.915105211086107 -3.9155321015720763 -5.680249719168371 -8.957551672318779 -3.814487176731477 0 0 0 2.0476742158670986 2.4179422846115957 -5.42159378494316 2.0242296109497837 0.14861649189179263 3.621559896742028 0 0 0 0 0 -6.395881593926795 -6.484849284217275 -2.7184609548177066 -52.64824190139979 -76.04375667159348 16.245721399047998 42.525742744900896 -14.711564356414705 -15.761830219890802 25.076735146861274 -6.449888191418139 0.14887226466181736 -39.46201947229693 0.4610411336243348 -0.6541079147172952 -47.57978323917402 3.7127063608309387 -0.41846489144716437 -10.80284657649749 8.473750249117908 -1.195903439072219 -50.9231496163925 -0.04290217996332219 0.044272223388487825 -98.34744800401421 -0.006001725519926281 0.025143844797514168 -36.99833059718907 5.17226301865888 2.5252060440541877 -60.44564120944993 -2.532160911038129 2.5093442720218944 -100.00892673788951 -0.05493865032747408 0.7301335259246058 -18.09622020570972 6.0061459363520955 1.796626693308952 -63.23887495779544 -1.9702910268999527 1.9272618043132963 -100.0053272155371 -0.12337509526829556 0.8051540976506255 -26.163291666326497 41.41618602618476 -0.2084977342047922 -10.600271403404166 18.419425992460926 0.560118904638749 -1.0686267711128195 11.844112914415119 11.328321826113806 2.5677001983477368 1.2980653858947988 -0.831110662439249 -0.670593895364593 1.2980653858947988 -0.831110662439249 -0.670593895364593 0 0 0 0 0 0 0 0 0 0 0 2.5586492376742482 13.605829364800025 -47.288469695530324 51.84159450883841 -1.9315023418799577 -41.55176232188972 0.7180379182525778 10.374600927698742 -41.58791501908181 -4.6312053098414525 -2.148662827950163 -1.9925735720008921 83.28407541906645 -1.4544770270519631 -0.9512127437593639 81.71183716886982 -0.2934772703619317 -0.5907446698919543 45.28617694969615 1.1353810874497972 0.22244374511984577 87.52351939094412 0.069517681286129 0.0898906157481391 85.62561412519747 0.02199811463648142 0.06430266268706948 47.9637627123037 -3.815497939292491 3.0765649210858266 91.8718617495703 1.8912315772300288 2.509792078893632 83.56510899049263 0.49930071252117103 1.6585312103035734 43.076695816044044 -1.7070285635572673 2.5131070509480926 89.38092587412977 1.7465564955734851 1.9751021483911564 91.7911750746126 0.4146685082031209 1.310084352166396 43.946593760323275 -42.42651061856097 -0.2209750433492754 15.819384467869217 4.792203258181091 1.2725700418872055 -9.015686278114087 3.3658846753189344 -3.9953302700649145 -0.27759702115542867
-0.10282639800400838 8.897436006304176 -6.814753472748559 -6.20108718476453 -4.67101807628643 0.195220706062184 4.536905750815948 -2.9611102351330336 -0.3121113575596225 0.00780682487602593 20.299443381915005 -1.719475297161062 4.60583026229051 -12.014101758142724 -2.635622066988784 0 0 0 10.150209636370327 -2.921196888334075 7.37921026890137 -0.0005729914694678203 20.12442910446005 -3.8921339812614586 -5.300675792958371 -8.775216288768869 -4.045498190511428 0 0 0 2.130732189469004 2.471686311216987 -5.652624338739806 2.1340400451726866 0.15865012922683924 3.962983300805903 0 0 0 0 0 -4.463229216565259 -9.802031601529833 -4.272585334996496 -52.76220815168083 -77.52053753337418 15.609765409926457 42.35823253409222 -16.748808767196667 -16.50295349351632 26.589900354552423 -7.925569016882171 0.12349226368561123 -34.46687283118789 -0.08966649401443952 -0.6466116193441908 -53.717697281082074 2.403274643691306 -0.34492620964020215 -18.981129497920037 11.907175208007917 -1.4494441101814957 -49.555499639333455 -0.043137988249965106 0.044258052742763024 -98.67971723326853 -0.008268543560654871 0.02841462197851817 -42.59781106875752 7.786261708518919 2.262149535388684 -61.43984003722007 -2.532160911038129 2.5093442720218944 -100.00892673788951 -0.05353146433442206 0.7241698636235011 -17.945399093673018 9.043682026572442 1.5123437366883044 -60.36980239499795 -1.9702910268999527 1.9272618043132963 -100.0053272155371 -0.09853384655176198 0.7393255285223511 -23.922585610867692 42.34781933978647 -0.12500751536743504 -9.100504095467405 20.966282797407782 1.5197428879844412 -4.860552120103131 15.106121215991712 14.108777861124484 3.953034132564601 0.49497953533703004 -1.3325457456287562 -0.42746387959648635 0.49497953533703004 -1.3325457456287562 -0.42746387959648635 0 0 0 0 0 0 0 0 0 0 0 6.611947116716818 2.128112456542259 -1.6575505608551069 70.63614487534066 70.30420773905652 -22.799012008330717 -30.291988532180838 -4.571718723717237 -41.601249151984376 -6.587835106260274 -1.8771923990311437 -1.9476833649596008 83.6475615744973 -1.3109407922577685 -0.9183931582727339 81.74147017840244 -0.3629486002676851 -0.6037788197619528 46.03782517454237 1.070236606265364 0.19404976721281778 87.34290099625862 0.07089386254838911 0.09010840166778573 86.5804880922 0.022646802880261847 0.0649936194707753 48.61327783705533 -3.1901406785729645 3.156873338561094 92.5630360102139 1.9101564384861862 2.5134623491095534 84.03362640424797 0.5002146893695013 1.6596875978824466 43.1125053106766 -1.4235313047246554 2.551815893718928 89.6513528700049 1.7880737309948598 1.9765298664205015 93.0879016014198 0.4254561278528016 1.3230290569316976 44.472492654979135 -43.0889666419197 -0.1579886522289212 15.629609978407444 4.8741979626109595 1.2429885151254256 -10.07399893371071 4.8129275653168415 -5.09652781502318 -0.4639849654523862
-0.10023211067312951 8.960305423548787 -5.332417489299171 -6.005904816376166 -4.610246597553426 -0.17624937890319772 4.957753260965648 -3.517553931821386 0.06514703477729922 0.0059090708736681185 21.478987024572533 -1.8985846311385581 4.377402050232459 -12.831507962059991 -2.8870405053910533 0 0 0 9.891723146978151 -2.791680909837778 7.623077794704878 -0.00036671642881663384 20.23232247590899 -3.8123161374364263 -4.905569036175877 -8.522643290131837 -4.102122715375484 0 0 0 2.4456951606352497 2.7034298829685746 -5.613780305701415 2.4670267159752646 0.19637907534309998 4.361738303416014 0 0 0 0 0 -3.021483857818726 -12.564078725438579 -5.974681604497168 -54.374537817795755 -76.00391226671647 14.355415626744177 42.62166954922865 -18.522015267616922 -16.9530142226527 26.35472256642464 -6.513458974748707 -0.14759041262358294 -34.032363347106944 0.22181216033007642 -0.8201962209301232 -69.8135523222971 1.2658548044399922 -0.3289319245241128 -22.94386703038345 12.45429670177796 -1.5034222345008024 -53.58798520101417 -0.04360622307475015 0.04422583611822579 -99.33986007613501 -0.005719858873447953 0.024684694625299486 -36.240540383751814 10.63979549923089 1.9732272158372428 -63.28404975407291 -2.532160911038129 2.5093442720218944 -100.00892673788951 -0.09969224775935588 0.8923441535333422 -22.23914299603844 9.82213343501689 1.4441631172477158 -64.80694147069502 -1.9702910268999527 1.9272618043132963 -100.0053272155371 -0.11794993235750503 0.791423764562038 -25.693158677568743 41.37425559601956 -0.1502425760323938 -7.718390957042216 15.061981295411373 1.7319890745573419 -5.727153413107201 5.060886078184994 7.222253816139883 1.3480996609444231 -0.05507381341568428 -1.7480133636554254 -0.30297578487419613 -0.05507381341568428 -1.7480133636554254 -0.30297578487419613 0 0 0 0 0 0 0 0 0 0 0 8.413192376250109 5.580950332636554 -2.585326667380691 69.77982546984575 64.63807388916737 -21.32274658606798 -37.59611327587718 -16.907074773667038 -43.843638958126355 -2.903534242733403 -2.2423058360658117 -2.0041270332641004 87.02619080481483 -0.9174175816336926 -0.8818079642924566 78.9964010346726 -0.2525188316932507 -0.5735303705890608 43.582055452538114 1.1796423576789796 0.1995269575646406 90.57486404340159 0.06842298949225517 0.08970052414637052 84.8641606271381 0.018320420266380585 0.06006366736584709 44.11700856541035 -3.4111760459639386 3.125362302812304 94.1028733760432 1.8221677919551638 2.49502799265645 81.84861640470984 0.38499243433787045 1.5008249095605157 38.34304063702857 -1.5560027104909595 2.530027512423387 92.52135304127889 1.7436913569120807 1.9749688805330103 91.70164544963473 0.339968077183949 1.2132016208976346 40.12785393573372 -43.48840420347303 -0.1568268886957354 19.322220849046076 3.3788299564362454 1.0209848192230813 -10.133692260696956 3.640129806987331 -3.784392852541445 -0.2717089527779798
-0.08352849242225847 9.002391785642194 -4.385150364330424 -5.800282134667053 -4.643246617623538 -0.40295747602349524 5.413721580202971 -3.869019752145734 0.13476202649712843 0.004516109159551695 22.368218366211437 -2.0829339253413166 4.002922072131017 -13.142868117063884 -3.228360887054906 0 0 0 9.71919830402984 -2.673079620620283 7.634154014710603 -0.00007667111935300586 20.028872105592566 -3.755885882740949 -4.1110012572745225 -7.652721469791962 -4.282877659186007 0 0 0 2.779275897838765 2.83947501291613 -5.14216736449834 2.808081061705566 0.19655611435359707 3.9935253275651728 0 0 0 0 0 -1.7850150054858345 -13.153015669369609 -6.594437887236607 -55.53615576803909 -72.74636380554746 12.024198702584181 40.72026620563718 -16.43503164120048 -15.424319720905439 27.471981425331112 -4.532652110543658 -1.0609005228575652 -41.66437963845006 0.34441604612671106 -0.8619839263224588 -74.91399403481438 1.018917085033308 -0.3569887634734188 -28.043239899276887 10.249589208736328 -0.9804885330575477 -57.24425530680995 -0.043710223378639224 0.0442179453797543 -99.4865583752136 -0.005936501875359943 0.025038802280999615 -36.82442018732692 8.983759914987667 2.2388609045294117 -64.27981585548166 -2.532160911038129 2.5093442720218944 -100.00892673788951 -0.17372327718623873 1.0941656918362654 -27.532986789423585 8.003801966616146 1.7464908042235066 -66.39888520498903 -1.9702910268999527 1.9272618043132963 -100.0053272155371 -0.1574605583796251 0.88477827560486 -28.921773637780788 41.04837190795886 -0.24262177097307733 -12.360330865293802 11.704702797581096 1.712278491026334 -5.581790296104036 5.1690620861220165 6.840044611645178 1.1683946722374543 -0.35538521612186147 -2.073388444538835 -0.3073164684568078 -0.35538521612186147 -2.073388444538835 -0.3073164684568078 0 0 0 0 0 0 0 0 0 0 0 10.02948696227107 5.686366833216981 -3.057110720090153 68.53457829218229 66.45789739653998 -19.82626740945073 -42.132063009245854 -25.858289066025307 -46.56545587217911 1.4358161265112541 -2.523110110580407 -2.0394023738691094 90.97583785174841 -0.6481460995223051 -0.8376731423881635 72.0423560548482 -0.2471021917449255 -0.614043359481957 47.93097153791863 0.92422365531888 0.1555047619326367 93.6024171630804 0.06273086564050473 0.08846693979838867 80.87185366087174 0.02381628140626536 0.06620070945535754 49.7651180764961 -2.132017955167465 3.2744827261048397 95.50684533549465 1.6551994779091812 2.450213309643728 77.64609809982696 0.5187398679410561 1.6828112213911521 43.83242179333774 -0.8840281269455044 2.6082296123027406 94.77418071100502 1.6144840786763281 1.9642784410805012 87.65389656930653 0.45004103676571827 1.351653319071544 45.65015536402267 -44.31978829593854 -0.12005589703892504 26.774962552910708 6.142120090981768 1.389893472364143 -11.33864629423067 1.693000390546043 -1.894499017328577 -0.1036593413830669
-0.048756689659645185 9.020471452183662 -4.05347018080746 -5.620873622597361 -4.670031252205311 -0.44477925497239834 4.744843923931592 -4.022346590664141 -0.3057142134779091 0.0010268333863175192 22.886450328035714 -1.8317140230786053 4.013730852839012 -13.218556401955114 -3.1761902208776513 0 0 0 9.903014402690749 -2.5154935112921253 7.389958535503286 -0.00019036060109498443 19.790531338757877 -3.8247252306551442 -3.924633078152716 -6.8676854130438665 -4.248138694587433 0 0 0 2.9943858361805327 2.833563071057277 -4.137082283591661 3.018868561912155 0.1599111711154075 3.1185960731197984 0 0 0 0 0 -0.7026551440671115 -9.833742485130573 -5.300617193332377 -58.012141184037525 -65.57100920531364 5.740542197292736 35.87718208566209 -14.33208910198083 -13.93586820123733 28.638172379360093 -2.4474362299349925 -1.7025064483421228 -49.325789133837596 0.470251074524954 -0.8927074783009342 -80.014562328756 0.7754495437267868 -0.40688253784315126 -33.14247203877053 8.016269949588027 -0.599529620855116 -60.91752101288838 -0.04381420367192021 0.04420978783693978 -99.63325654776064 -0.006156742149361329 0.025390682121829183 -37.40829938917232 7.323054691130244 2.4755846456665624 -65.28302842797306 -2.532160911038129 2.5093442720218944 -100.00892673788951 -0.2660692664711776 1.2882965307200498 -32.827467329076995 6.177482886757752 1.998057910649647 -67.99987732564206 -1.9702910268999527 1.9272618043132963 -100.0053272155371 -0.20216800688966477 0.9757595387996607 -32.150534635852914 40.731029556734825 -0.3610695614558347 -17.001714814753157 8.347412837119819 1.7011107666012382 -5.435522598270269 5.278359201605119 6.458174082759585 0.9881034428149156 -0.40265728554067165 -2.2953649722745753 -0.5030526346008485 -0.40265728554067165 -2.2953649722745753 -0.5030526346008485 0 0 0 0 0 0 0 0 0 0 0 11.440981068274379 5.390579888390254 -3.2423848666230923 67.19090560184019 71.64599567983693 -18.70479385588241 -46.1181251413613 -24.740607116837026 -53.43476406223299 -5.442954492378996 -2.4443198217853888 -2.017326817330438 86.03988740244384 -1.7960328293792243 -1.0815606535956108 75.24960015301183 -0.252825395763288 -0.6273020148766725 49.31976430571778 0.4258344700626384 0.1892243849947888 89.3411570887642 0.06726956998574976 0.08948395886015222 84.05987971846129 0.02504942976995107 0.06742254708524902 50.954829064804926 -2.3123285195587275 3.270617152113194 93.60162852360958 1.8031109641702598 2.4905715593895135 81.37297025299 0.5799424497230818 1.7552041103781282 46.13595238610648 -1.24194791787342 2.61396246452314 91.18888781326288 1.6801019430824435 1.9708555220874575 89.7124919660488 0.4788484048573068 1.383736174254817 46.99592308223588 -44.22367940801574 -0.12126529677108315 23.5597025252003 6.137068433498887 1.4947337147876607 -7.469469256381631 1.0264960390719016 -1.5793223263384626 -0.07720061364067149
0.02194775224293077 9.01365954326434 -3.9857452375449585 -5.4688335963088095 -4.63912302993463 -0.0765379597276462 2.18217421146084 -4.130447000035893 -1.9252769665188263 -0.0011937153015827292 23.06711789066209 -0.8360238933288263 5.856944200771659 -13.141417995305023 -2.6753572935942995 0 0 0 10.142093922263882 -2.348964717310965 6.604529121714188 -0.00025736747438906367 19.537194130653514 -3.8939488288536324 -5.021864261593812 -7.004065518257776 -4.410730791487268 0 0 0 3.04475809451483 2.7879241221764053 -2.5159768022309392 3.0504557999533635 0.11839941249612075 2.2778041827394873 0 0 0 0 0 0.1923926012446617 -2.839682811762171 -1.7046940362989365 -62.173749470406484 -47.8305393775578 -3.629146103038759 29.33903839344961 -12.21117280505083 -12.489998840120869 29.852526122272227 -0.29467514189836724 -2.0600547122893813 -57.00759566949635 0.5983205088975885 -0.9121233118843894 -85.11522105123075 0.5373782203120915 -0.4782175652114464 -38.24148552604851 5.763240659442768 -0.36267250008625346 -64.60266222322059 -0.04391816061953926 0.04420136682483661 -99.77995556947216 -0.006380556766942919 0.02574030079724698 -37.99217984447331 5.658166909959621 2.6831222159894765 -66.29286151989739 -2.532160911038129 2.5093442720218944 -100.00892673788951 -0.3759478366633112 1.4730791284604372 -38.12267406478799 4.344581075577725 2.198405676126814 -69.60830741138606 -1.9702910268999527 1.9272618043132963 -100.0053272155371 -0.25193090239604043 1.0640786013454946 -35.37946062398906 40.42430980426748 -0.5048057487996394 -21.6424538731332 4.990116694180199 1.6985241883449445 -5.288852437679548 5.388784516153303 6.076648108366077 0.8072119284906165 -0.1776024068848723 -2.3870621088771373 -0.9724909213110277 -0.1776024068848723 -2.3870621088771373 -0.9724909213110277 0 0 0 0 0 0 0 0 0 0 0 12.598839332865687 5.51954845680246 -3.3768201974464738 63.13806398293165 80.69984277994925 -15.75828882586743 -47.868236710447455 -21.761291734995805 -60.147627656696585 -13.961161460169116 -2.3677233517100897 -1.9885579858103744 81.10404893401336 -2.9558548454952924 -1.2608060082356891 78.4613266533874 -0.2588683037507779 -0.6404180613922508 50.708561399086015 -0.07368294732048399 0.18581759645626278 85.07976119619035 0.0718578134731951 0.09024699998472747 87.24790603020583 0.02630768097135928 0.0686185113836942 52.144538713038656 -2.4924098346417254 3.2607686750147713 91.69644635878383 1.9533397050772998 2.5212387669112406 85.10003502377366 0.6440091628087583 1.8250794629527862 48.43964858086968 -1.599524422228136 2.5973250648722943 87.6036445208962 1.745914069907637 1.9750724621205475 91.77110029697147 0.5084019680745386 1.4151337806430573 48.34172135118053 -44.1276554912711 -0.11708234380391568 20.344444831166427 6.139104778158084 1.5996756908135947 -3.6001102959292854 0.36022835340925274 -1.2638595236927155 -0.05441444180561487
0.11960118672936551 8.986233637538408 -4.005381300327528 -5.0852539423933285 -4.533947503410863 1.095826164983172 -1.279811926780419 -4.431789157385249 -5.114074075461675 0.0016165976553664102 22.8993287526455 0.5570146092527887 11.692591936019491 -12.7035436253834 -2.3973927675236077 0 0 0 9.493725212931608 -2.102517837345817 4.885852399268581 0.0014317386873292908 18.9833004320934 -3.5882174417971933 -4.397164249505173 -7.875757091695985 -4.116331877617408 0 0 0 3.0401163700323983 2.774085655823358 -0.8862480605264275 3.009143685064673 0.06709393071641283 1.2842742729677354 0 0 0 0 0 0.8994280252141746 3.443820283902813 2.228109489546581 -65.268327369461 -34.04902043472867 -6.135680395366826 21.746983906811497 -10.807132188116357 -8.828786271094943 32.61518768410764 0.16174254888040504 -1.926648661550899 -63.14414241858379 0.7017102661075679 -0.9200638881483346 -89.38579158325619 0.36809863412793475 -0.550834000045635 -42.60640651669564 3.553672580229332 -0.18252071914877827 -68.6569861088544 -0.043849571912609 0.04420695304078613 -99.68316449359709 -0.007669533742845811 0.027614514246887937 -41.19197201777843 3.5553054770510824 2.978583555598602 -68.75078317997698 -2.532160911038129 2.5093442720218944 -100.00892673788951 -0.41207370716460706 1.52627966054972 -39.706192066013436 2.7047401967186495 2.372379267072837 -71.89738292283576 -1.9702910268999527 1.9272618043132963 -100.0053272155371 -0.3465390228051769 1.205782489195016 -40.80805543565563 41.496150672113174 -0.5048352051337728 -26.849515626747024 0.5318857122578553 1.4289068300102994 -1.5927751730900557 5.013376113402422 5.34454757111509 0.5880371860664046 0.41567384267711865 -2.3467861925560745 -1.7328809175239992 0.41567384267711865 -2.3467861925560745 -1.7328809175239992 0 0 0 0 0 0 0 0 0 0 0 13.311848417248605 8.044651237349731 -4.5631895692872915 56.00103697255435 92.17813205180911 -11.86701388965509 -47.06847186639143 -15.578400303604374 -66.47983911447768 -25.515984090924825 -2.2938891329309716 -1.9533097915512077 76.16834722633772 -4.123968249655847 -1.374769059651977 81.6762106282161 -0.2652273470942778 -0.653383867534466 52.09736193138687 -0.5715657188464357 0.14530346571988645 80.81856140539011 0.07648138870055307 0.09075368859542457 90.43593230089442 0.027590493336731674 0.06978809542081255 53.33424909876444 -2.6720612079637474 3.2449485872719435 89.79132889369545 2.1052487715311856 2.5420850007939877 88.8272414153839 0.7108368581412636 1.8923243357397181 50.743513107009036 -1.955352018801862 2.55838346014541 84.01865314979091 1.8118354151417904 1.9769241175690546 93.82971593585438 0.5386854348051157 1.4458288257279814 49.68755535289484 -44.032015747877814 -0.1075202073296941 17.129200420224368 6.148221396648513 1.7042410156595653 0.2694565863305097 -0.30584295463481487 -0.9481530390486662 -0.03530101144840188
0.2315790352810018 8.939350570314428 -4.065752308588054 -4.642435674720346 -4.3392936988461575 2.468687352467019 -3.9802774302398243 -4.822830952117191 -8.069889886305381 0.007117122501630208 22.301866073523605 1.6791820224943947 14.580536302500924 -11.771816356195869 -2.0832625712035866 0 0 0 8.946973200474384 -1.9835309350271733 3.116954258662222 0.002108912191879277 18.424612105594637 -3.316477406594339 -4.329539538211851 -7.797742321888529 -3.9967483289617847 0 0 0 3.085170246857476 2.7809527271055283 0.15741105878266912 3.0251649307955004 0.013570433746775743 0.2689662090443629 0 0 0 0 0 0.9420224555658527 6.680665977308521 4.519760485830839 -67.20597081691083 -27.098523555125702 -5.078913795824963 14.114088764291344 -8.887051708264407 -5.380315865750005 35.2682322796695 0.04604882591680736 -1.7681189519125502 -63.862862755081665 0.7590081243055653 -0.9215815600780467 -91.89412821882487 0.29506332622706116 -0.6025525727760933 -45.81323469094117 1.2909430368038421 -0.02955034451160388 -68.92520201864842 -0.042017206851930965 0.044313187860481794 -97.10135797271153 -0.011141521985548932 0.03176325608347496 -48.80667513473637 2.977670108428739 3.002246311443937 -68.50095323097241 -2.485214160970315 2.5131869556374307 -98.84865677635874 -0.5711354672569287 1.7288125485246313 -46.05111683773249 2.26027744272459 2.36061212796727 -71.05196905968185 -1.916101559307286 1.931780188494687 -98.2730383427297 -0.5401345980518243 1.4274136496712841 -50.19173237494951 43.59799634509493 -0.24188138252136288 -29.266325560117235 -3.3555657080136276 1.5103821496572873 0.14277455888682528 5.786891835025112 5.9115716766289745 0.6618773091573733 1.4465914056022282 -2.143371626864021 -2.692029362668786 1.4465914056022282 -2.143371626864021 -2.692029362668786 0 0 0 0 0 0 0 0 0 0 0 13.104431412259096 16.024646429252336 -9.03976857789223 43.093112608527946 101.60673063356764 -12.390240236319244 -44.056100249613806 -3.5490327826226773 -71.94149034291073 -42.80106766415952 -2.2233646528685953 -1.9118433915800273 71.23280798586369 -5.296675659189666 -1.4230409758509217 84.89286037126797 -0.27189881536618715 -0.6661916949690636 53.48616803824925 -1.0650610172734807 0.06790912503176628 76.55788275396526 0.0811259882156937 0.09100246387464005 93.6239587104315 0.02889731312448297 0.07093079226664963 54.523960763789795 -2.8510830451966718 3.2231746986338567 87.8863057911675 2.2581951376188205 2.553021551026621 92.55453617592862 0.780317883962585 1.956829814911734 53.04754071269326 -2.308032341848904 2.4972924280020377 80.43411082613657 1.8777809337849012 1.976408131252705 95.88833316776716 0.5696820702487063 1.47580431574707 51.03342346884384 -43.93706426090901 -0.09260902114533492 13.913977180557298 6.164378592775792 1.8079531215698532 4.13925591123134 -0.9717583059877624 -0.632245929743062 -0.019860577681802483
0.3477699862070123 8.840330723216399 -4.126357551979444 -4.236566607993444 -4.141138902311273 3.632449882456447 -5.496714977323698 -5.030028719373216 -10.175381016155448 0.009631733103291799 21.30485736804916 2.3329609811128105 14.615905156329314 -10.607960636812697 -1.7297269076281314 0 0 0 8.776026438900097 -1.9894684436239645 1.745996941087264 0.0015775657490925236 17.941990981064357 -3.197831597700017 -5.915592232775015 -10.745208961344174 -4.285989975860294 0 0 0 3.1129729805991504 2.776045657285053 0.685586145737348 3.0357156906595115 -0.06593108355656459 -1.2301945708686675 0 0 0 0 0 0.5085630366027505 8.411718924596059 5.818115932586817 -68.55369528935438 -23.82669175525482 -1.8736142419788733 8.960970189853382 -7.349344406594121 -2.1589251100515368 38.19495359558991 0.8940951052785894 -1.7913962600678022 -63.15740365520764 0.8024530587296779 -0.9220022047578268 -94.15851617685381 0.26684814258201717 -0.6376130804306467 -48.15548944193202 0.6645676056147264 -0.025953047204316047 -67.45181370931824 -0.041167742917150314 0.0443343888006898 -95.90617710405628 -0.013475401769554906 0.03401592821523661 -53.37019859386755 2.6043506024093963 2.970613084789763 -66.16321110862718 -2.4654814929665623 2.5145171344196635 -98.36150413135437 -0.6761835044899903 1.8406401917836963 -49.83034325731082 2.0126690825180567 2.332585703613859 -68.98741732842132 -1.8667512248950742 1.9344651271121442 -96.69857479768717 -0.6942731053375648 1.5610180168358907 -56.69276997495418 44.811427418279834 -0.04948809842890152 -29.863159711465705 -4.693831993475861 1.582185692176939 0.2859505774719895 5.669258347807794 5.706095311391062 0.5976300183890111 2.4495516625151335 -1.8740020625944154 -3.474746275692651 2.4495516625151335 -1.8740020625944154 -3.474746275692651 0 0 0 0 0 0 0 0 0 0 0 9.626657607753641 25.075938647535647 -10.551806119414145 30.455770288453817 104.49348514050762 -18.70898713461645 -42.71486284101293 17.883010970387193 -75.44582574751041 -69.42024671583985 -2.156673215046528 -1.8644669538292045 66.2974494352332 -6.470252543788279 -1.4054480930512547 88.10984572930552 -0.27887877795757565 -0.6788340720723818 54.87498356337091 -1.5514424042950228 -0.04593189317000118 72.29802922387704 0.08577723786923147 0.09099255875382987 96.81198494188314 0.030227578478531265 0.07204611500151727 55.713672474379 -3.0292768146497733 3.195471332022566 85.98140605821352 2.4115302401830543 2.55400201639809 96.28186440850146 0.8523401950440455 2.0184912328997777 55.35173730903682 -2.656180888714112 2.414294281878006 76.85020607777973 1.943665143467408 1.9735247189479004 97.9469466163845 0.6013749459335028 1.5050437892967348 52.379326171328806 -43.843097807264186 -0.07239577560807542 10.698784727179728 6.18750254441208 1.9103386323237352 8.009309964825473 -1.637558059872672 -0.31618063970764204 -0.008093450711748896
0.4282986696451172 8.725248839155515 -4.248888893168306 -3.8578933530658186 -3.9399070545654413 4.768537845584406 -6.034956022096432 -4.9890284277097825 -11.833267052390026 0.008077280677671111 19.952360786459398 2.5953937640868268 13.295945126525867 -9.226342463360279 -1.2591811293464508 0 0 0 9.931368578250163 -2.125979500577813 0.775759750162414 -0.0007216005350515559 17.50713797735552 -3.5776239164315458 -8.341470066373736 -13.154742078565556 -4.621653387028976 0 0 0 3.062578584939707 2.745636936881403 1.2567534981988469 2.978059227006146 -0.14991453906390548 -2.9321114099294086 0 0 0 0 0 -0.44430088325526557 9.418554366241887 6.555234741465725 -69.55858508290461 -23.262663216641123 2.1134919864454305 6.572910447874491 -6.284462154372739 0.3948192747477261 40.88593958489343 1.3003614053750838 -1.7685992148683833 -60.572191716712844 0.8478080796921297 -0.9214512360196142 -96.90527319761262 0.23865773091241207 -0.6401045468069361 -47.85240626645858 1.1522886037065543 -0.09789261332829295 -64.57833659106679 -0.04223400867420114 0.044304936936136324 -97.4065132549057 -0.012615843364221214 0.03322762152964369 -51.729711775436144 2.6814063814123115 2.8875948713160113 -63.00779287955671 -2.4988398379149177 2.5121702008777365 -99.18521671356567 -0.6771254810969279 1.841578332990969 -49.86308455551402 2.312427263423809 2.253280480245723 -65.93346957736385 -1.9014903208048812 1.9327168839061306 -97.80663013356492 -0.6367577896528367 1.5147027892504372 -54.340345535524975 45.68490826459673 0.09051685282365181 -29.913165720174934 -6.131217881470829 1.6907478184931228 -0.4628969031358662 3.9819562533433 4.007717560762526 0.31983676845150155 3.2190751916739617 -1.6950373419833509 -4.017521793119973 3.2190751916739617 -1.6950373419833509 -4.017521793119973 0 0 0 0 0 0 0 0 0 0 0 4.541589983611265 31.36392874806736 -10.215807893423648 21.686711860276272 106.93200379767222 -24.952570667775614 -42.13524082754215 45.63773911111748 -75.46436041890914 -102.33930577555056 -2.0943083671576006 -1.8115317912843396 61.362286007213875 -7.640968329184316 -1.3220537876220229 91.32572873372767 -0.28616315539763115 -0.6913035804760591 56.263800651509165 -2.0280263928885547 -0.19558244651005938 68.03927168800938 0.09042073683716843 0.09072399324355175 100.00001189584161 0.031580710552959156 0.07313357003555254 56.9033830111336 -3.2064442256571097 3.161869317941286 84.07665878091753 2.5646044380901882 2.5450223147302506 100.00916994039282 0.9267877250742342 2.0772088126263584 57.65609100018283 -2.998432514080312 2.309717823425269 73.26711363585221 2.0094030134073133 1.9682779507839616 100.00554969394483 0.6337464616295342 1.53353099716875 53.725261663720005 -43.75041097604395 -0.04694415888699225 7.483631247507342 6.217490129455759 2.0109306624334042 11.879640510890185 -2.303282784106308 5.112937914519932e-16 -1.0278355069863321e-17
0.48497388084493415 8.635987844287005 -4.465622681024061 -3.441368162696237 -3.594054615657094 5.82248570312017 -5.449367597547653 -4.512731741589201 -13.125533371809023 0.0007875626122193855 18.26198283308394 2.3863082066220813 12.116633159446495 -7.0336261229654715 -1.598135996412302 0 0 0 12.674569180298278 -2.470046394913555 0.24421763366541396 -0.0007683463635733182 17.46145237164603 -4.553014551035579 -12.160856438802421 -14.05205474435558 -4.616757385527991 0 0 0 3.1844677079457284 2.7214482591835516 1.2671169161358373 3.1168234787586857 -0.22735771721933076 -4.1335770033877015 0 0 0 0 0 -1.4197057381815406 9.135199301447951 6.4132127733365385 -70.84175255194717 -22.645463901767457 5.026361308601225 7.719947801380123 -6.171784494064952 1.7954254840086565 41.47847171939133 1.7504271267474178 -1.7735690575538183 -58.163807508682396 0.8691308695161993 -0.9204189970650601 -98.18756960569962 0.2301288337433272 -0.6473594126507661 -48.26744441080567 0.756462875413969 -0.08102036459620307 -61.69212737591765 -0.043008834971660984 0.04426598350189038 -98.49771506274757 -0.012252620993332667 0.03288054914447293 -51.02309166216289 3.3406505766931254 2.743900930995081 -59.4981352871115 -2.5155054081985377 2.510816950446057 -99.59707163893277 -0.6981400388047989 1.8622320867738031 -50.588758883509314 2.3789914947910034 2.189397737715344 -63.02319940831755 -1.9359169328758232 1.9303191924190357 -98.90598062899785 -0.6303626363893652 1.5093074091085734 -54.07382402239412 45.558334048214114 0.07819385750040034 -30.05672187189338 -5.84587565470668 1.6755320230849324 -0.5493948924316205 4.2089114774887095 4.208685581147297 0.3303896790020455 3.8491849761057337 -1.5978548432955644 -4.384649895003947 3.8491849761057337 -1.5978548432955644 -4.384649895003947 0 0 0 0 0 0 0 0 0 0 0 -0.08200843426230585 33.57657171518151 -8.886324394738912 17.959001824103716 105.56436022801246 -24.357795729350748 -39.07844208401898 20.252323428320263 -66.3680705910768 -59.30700337607027 -1.6159447838458245 -1.7706765831454592 64.94630553608698 -8.193932859423848 -1.3498393998008085 89.79939067121605 -0.3830125555569838 -0.699711469116173 56.49313707618454 -1.440960892796714 -0.10390543027993207 72.15319228761088 0.09042073683716843 0.09072399324355175 100.00001189584161 0.03502050416486048 0.07569955554334623 59.844727373232004 -2.3993446028255505 3.2745648224124193 87.02897865391564 2.5646044380901882 2.5450223147302506 100.00916994039282 0.9513453324849985 2.0955388911007757 58.40081758247856 -2.1894861283859974 2.455690377010576 77.21801787892329 2.0094030134073133 1.9682779507839616 100.00554969394483 0.6883852306938675 1.5786813258167645 55.93773942346448 -43.47810601885018 -0.06486576678515323 8.595473089582363 6.9463546701087076 1.9517949578981273 10.275522311661847 -0.988435438302751 -0.16321796965665086 0.0009429499148978823
0.5055822759073334 8.541018900445534 -4.780238549033761 -2.930046533297087 -3.195385180380435 6.7200668271342225 -4.2901495561258605 -3.7676661195341965 -14.126415507546893 -0.00587315121405417 16.758209913112214 1.9273637584550878 11.951081214413847 -4.6889443375329245 -2.3732728164629675 0 0 0 16.22044120450902 -2.9140122481806325 0.019666666798033014 0.005453974805806996 17.959801995274894 -5.828287948598824 -15.656629900422454 -14.405404499059733 -4.672620021448574 0 0 0 3.4859498632128014 2.6594834974744814 1.336390610437414 3.452594530904573 -0.3209676624573385 -5.173848017418389 0 0 0 0 0 -2.5743571457816152 8.560400458438167 5.8171796432131755 -70.35945506967623 -21.715670210867987 5.630331095625549 7.952552882611089 -6.836353562818992 2.255553704492238 40.216124262740934 1.81132956377837 -1.754286086652187 -56.359293109492356 0.8836633769280369 -0.9195016057519375 -99.09436415279617 0.2316174867566362 -0.6571070443483503 -49.04881200671105 -0.054772963913541015 -0.010708532726680464 -58.84421902940641 -0.043541699797305065 0.04423059857576519 -99.24885923906645 -0.012802398766450052 0.03340259179585062 -52.089455400161235 4.137176525978218 2.5853939705613627 -56.52813648729898 -2.5238345515995295 2.5100956732388746 -99.8029996354356 -0.7709008350787514 1.9298860834597404 -53.035886515790736 2.947333096628096 2.0796432421924935 -59.82830993091022 -1.9531113006569718 1.9288727199795448 -99.4556544406387 -0.6767066327489704 1.5472826830471331 -55.98245467810989 45.12027826733866 0.011320151498764698 -28.462061630870313 -5.47203417375916 1.6667097495692889 -0.947261374271685 4.722551961423288 4.701648862611095 0.4006632578513735 4.427850170308908 -1.5148062387336705 -4.587201417136751 4.427850170308908 -1.5148062387336705 -4.587201417136751 0 0 0 0 0 0 0 0 0 0 0 -3.6408168236583816 36.37349269751557 -9.612237857558707 15.957306316562203 103.7291608130447 -23.559284783333148 -35.49363619591097 18.706065947375823 -56.39075315756532 -43.23945957287491 -1.1665569340928752 -1.7343125085025093 67.55164426887951 -6.390289181771813 -1.218676503307938 90.90458172811655 -0.3397674258434291 -0.6995485462861614 56.85910094847248 -1.068123287992441 -0.06064207265164606 75.00923517861801 0.09042073683716843 0.09072399324355175 100.00001189584161 0.033364837121360104 0.07449875522891314 58.44301833880436 -1.6941585147773002 3.3539352431296843 89.02991282995602 2.5646044380901882 2.5450223147302506 100.00916994039282 0.9182403565388374 2.0707111808471477 57.39517038420532 -1.5839037443711377 2.5413528098902645 80.13701946035913 2.0094030134073133 1.9682779507839616 100.00554969394483 0.6564257884728502 1.552704101667132 54.652212275634774 -42.66126741835667 -0.11467941964219022 9.973414973383578 7.326086941312531 1.9423672687024367 10.219022895563352 -0.4286331643484102 -0.14719595455359144 0.0002430454640349876
0.5027399986969061 8.477709752035128 -5.020338239298091 -2.3600021349397795 -2.8523827011525715 7.323369769383929 -3.3877596913303476 -2.9802354926857957 -14.741013131119379 -0.007474232356950422 15.433428184872215 1.5470763670279586 11.173185727112978 -2.6436155603755833 -2.2413397771613366 0 0 0 19.373503911258023 -3.3866454579764005 0.0024410358735319354 0.00958219316957004 18.615822009770522 -6.960005545680604 -19.69992423003948 -14.354700901103682 -4.10696666614016 0 0 0 3.5168580674390646 2.5848339654747106 0.9312762722069962 3.508463303829917 -0.3502711711528116 -5.653165680006505 0 0 0 0 0 -3.763830446072711 7.642129191051248 5.008221684606848 -69.57038752581215 -20.646482625426223 5.341125291922203 9.116413017895134 -7.481431693493953 2.1884878048095637 38.14604007661987 2.4897972826363945 -1.8285454110849524 -55.62629845726624 0.8847212628021555 -0.9193552714525943 -99.12302981855575 0.23978165170816987 -0.6695456524292258 -50.16282348469527 0.057832590457725645 -0.014681199964430906 -57.32850714287198 -0.04376070608120247 0.044214020020844666 -99.55777630042479 -0.013166749217715214 0.033738058195343604 -52.786060865803776 4.792796102091559 2.4660493744554155 -55.040957821277665 -2.5279980526524395 2.509723711422376 -99.90596291238391 -0.8082228656253911 1.9624248775686437 -54.255409595264204 3.102568171255859 2.0232396735565756 -58.18448974866421 -1.9617031470871356 1.9280878709128422 -99.73049096705266 -0.6792110190059996 1.5492624531422108 -56.08414564041163 44.97949562260374 -0.005896051588423831 -28.553437635155838 -4.420172207664231 1.647678004974421 -1.8294202066554262 5.596853227448845 5.548888701145241 0.5557544025470113 4.901198344489742 -1.4676603638721168 -4.559005276375384 4.901198344489742 -1.4676603638721168 -4.559005276375384 0 0 0 0 0 0 0 0 0 0 0 -6.5032883209382915 37.29079371814002 -9.602173291482673 15.041417429244207 100.9900663489612 -22.121565186298707 -32.71920839972145 22.72193305328883 -48.184447557287136 -35.787997917598275 -0.8499160644049469 -1.7165436122178486 70.06705629646102 -4.910338193034985 -1.12416822399195 91.55959856099125 -0.3119080108484723 -0.6946653466513261 56.464136801207054 -0.7448302777912597 -0.023909583144141565 77.87023990695079 0.09042073683716843 0.09072399324355175 100.00001189584161 0.03465264085645666 0.07543806712642401 59.535420404737394 -1.1239717968511236 3.411367916108271 91.62370629394802 2.5646044380901882 2.5450223147302506 100.00916994039282 0.900000799060914 2.0566386942442993 56.83532112696097 -1.0301636072525038 2.6135184672067546 83.08078223251292 2.0094030134073133 1.9682779507839616 100.00554969394483 0.6203648944629031 1.521918429256969 53.17225061393694 -42.11045840146421 -0.1558826115269927 10.748766908969788 7.662213227189374 1.9540824789736937 11.549431714712966 0.1074027828800553 -0.3953103129888267 -0.0023307320016593995
0.49295935106747074 8.44459942607386 -5.169094710065506 -1.4321408479350524 -2.620188272130512 7.692900448986886 -3.0126766635648985 -2.2037745375002196 -15.095435334473793 -0.005880521817646238 14.180771994786907 1.3555807596214002 11.026052745458708 -1.1558061597355356 -2.2911393826894675 0 0 0 21.57771412697244 -3.8217495926767255 -0.07204882749362003 0.009251463274307505 19.229734471953496 -7.743064172082182 -20.367228029958195 -14.061374424015199 -3.5393332665929123 0 0 0 3.2383463916014046 2.460035813672798 0.45871017605651393 3.2345213415249483 -0.32299449973671346 -5.707374787055148 0 0 0 0 0 -5.313938478613417 6.799750831706026 4.309882408980107 -68.95509669323654 -19.370090393490997 4.227869763615556 9.764778439011819 -7.812526683939366 1.6547459167891088 35.45479475423718 2.658185690852005 -1.8141877163239717 -53.32106670421655 0.8671960469582375 -0.9201873810859097 -97.90201988631067 0.23223598667404527 -0.663797872599023 -49.577217730488265 0.3331540994188362 -0.039087318027165315 -55.336573181550364 -0.04315402318672342 0.04425703888625564 -98.70231238697704 -0.012675214824656469 0.033283547047946754 -51.844428356650475 4.741300875481024 2.407396942953346 -53.35116241744476 -2.5300795134109166 2.5095348463016136 -99.9574444820391 -0.809595941691152 1.9635954478570004 -54.299852560447384 3.1501714624987374 1.9745331972252014 -56.398000261271356 -1.919796981035613 1.9315243378998466 -98.39103865197964 -0.6464166701276617 1.5227558498899714 -54.74092558692857 44.52296731563519 -0.07032171768880896 -27.889326627872652 -3.475280355744046 1.6761677160225208 -3.2717949361278365 6.605863190822562 6.521014489580152 0.7685741913549946 5.193866882464758 -1.4968147501053228 -4.3583580884365745 5.193866882464758 -1.4968147501053228 -4.3583580884365745 0 0 0 0 0 0 0 0 0 0 0 -8.361927167312752 37.31484993422435 -9.730492824504934 15.125047038684805 99.06714436525748 -20.49571646203487 -31.266085955026266 27.081472761384237 -43.1272988440428 -33.1289552180809 -0.5681828795951146 -1.698826877398864 72.16183664647681 -4.060844137047589 -1.073644665146347 92.17015072253717 -0.3011133078502863 -0.6946693490094565 56.55755483785701 -0.591587040850256 -0.012049824491638257 79.81103221964119 0.09042073683716843 0.09072399324355175 100.00001189584161 0.03270432936446927 0.07400218538504842 57.876700767691595 -0.7138777783176851 3.4408837588472623 94.27008868839357 2.548700746634251 2.5464206819136495 99.62116187701648 0.8769470036879055 2.038439347824277 56.12153594490191 -0.666137036706951 2.6533515091214874 85.5605624706748 2.0094030134073133 1.9682779507839616 100.00554969394483 0.6098343988252205 1.5126190678932294 52.733754783362116 -42.3958524422882 -0.1507106457079975 11.396631608120154 8.29541050848889 1.942081517256611 12.458395966135559 0.5696845544072506 -0.7135423200347457 -0.009173556128417111
0.48102034766001156 8.447563649829899 -5.234284186607204 -0.9129072791707119 -2.54754065868056 7.810569834824934 -3.3092397100169415 -1.9306209592295653 -15.264822336300496 -0.0023366723850640285 13.26997391533614 1.4337907251210549 11.540706666325654 -0.5703629793555456 -2.1040937082255686 0 0 0 22.083804705034787 -3.960890158315464 -0.39121545452900003 0.00629954913179547 19.281701237710934 -7.915833329942449 -19.976147486048422 -13.546187142453498 -3.0078594191181725 0 0 0 2.714097236465084 2.415994801960976 0.09427570155807687 2.707295496443129 -0.2689440617769356 -5.65403461169229 0 0 0 0 0 -6.841724325882122 6.443158575907742 3.862556494028747 -67.55948001731443 -19.213920783179468 2.591226712795886 11.576959069888645 -7.837616859114178 0.33978704087509726 32.54445634104168 3.265523490267143 -1.8197432399079108 -51.04008667611677 0.8711838392171798 -0.9200099867378548 -98.16929839507813 0.22040713761992883 -0.6517959056340976 -48.43893009670341 0.944898383463366 -0.09960524578572573 -54.603111084911696 -0.04338417188621753 0.04424179101799486 -99.02673483478353 -0.011610185419234179 0.03224510466025035 -49.75211738521087 4.177738368742836 2.4711436602097048 -53.46513539443569 -2.5305999318488865 2.509487416377383 -99.97031451705386 -0.7083517759343583 1.8720819669835012 -50.93818457389393 2.924592230252418 2.007036341593811 -56.76603931404346 -1.9324315610477631 1.9305921280033147 -98.79461119416395 -0.5675945005826996 1.4535319026663056 -51.39889654595169 44.982671133224706 0.00021414618285470324 -26.766077861839005 -2.3494869331067574 1.7014199689561258 -4.301292328665025 7.860161874360371 7.711722565321738 1.1123144450289444 5.124229141773556 -1.6425513289895537 -3.8955077574753845 5.124229141773556 -1.6425513289895537 -3.8955077574753845 0 0 0 0 0 0 0 0 0 0 0 -9.10034382393962 36.26560415472134 -10.0553062897402 16.76061664271389 98.92202411629471 -18.508647548262346 -31.127256478326533 31.69653256816723 -40.55799595549046 -32.50409969697643 -0.8420701407310378 -1.779091251139744 76.27405039652288 -3.0629886041338845 -1.1010712129737574 84.99804093016697 -0.3837994284540817 -0.6775045466527945 54.0388028581933 -0.35676126589478024 0.027155092258762045 84.28541395549625 0.08198038905614545 0.0910200529679642 94.20962437415719 0.030867448904199575 0.07256611692701481 56.27874002096545 -0.7230755141262633 3.426912709082485 95.26813703237802 2.3378098327976917 2.554774595435453 94.49002416149014 0.7597878036067148 1.938307381615615 52.37560689686956 -0.7227348927181423 2.6291332508287195 89.66792198151227 1.9202488193650544 1.974821089907951 97.2148980317907 0.5943536471414025 1.4986841925858585 52.08364756957371 -43.864137518671214 -0.0808711808428544 12.3244937605265 7.139306951859885 2.0143303518957905 13.81055806390475 0.5545253421376051 -0.644073883013811 -0.007543854397077809
0.46908134425255243 8.450527873585937 -5.299473663148901 -0.39352436710722083 -2.4749001343106136 7.92823844994093 -3.6065654506070017 -1.6583483194114925 -15.435597515077365 -0.00007831853168741784 12.359171894071332 1.5116608024933296 12.057243037978425 0.013373505513738719 -1.9118064653736035 0 0 0 22.590749622598743 -4.097210615916922 -0.7116557691153936 0.0031806429717352205 19.333660972934997 -8.088659762541996 -19.58100603338248 -13.034552463320631 -2.47391227944416 0 0 0 2.189859216649753 2.3675105138339627 -0.2691238153861165 2.180122513313394 -0.21440515435712987 -5.601194002781401 0 0 0 0 0 -8.369510435154814 6.075933700004566 3.4240326942298673 -66.16178827290825 -19.169958950147624 0.9634102826786474 13.39535396607536 -7.795908637252103 -0.9747496984551691 29.634322549083915 3.8721648570629483 -1.8494535706327375 -48.75927283099221 0.875170723973024 -0.9198139136931368 -98.43657676960818 0.2088190825760271 -0.639561406180068 -47.300647010010714 1.5558195600930615 -0.16794556086283102 -53.87033149343639 -0.04361423387292422 0.044225239143506234 -99.35115764258472 -0.010583780097478384 0.031168469247031424 -47.659806526020205 3.6140230263288804 2.533767276720718 -53.57974009765197 -2.5311201368021323 2.509439772806577 -99.98318514333825 -0.6126559896667559 1.7747927816606817 -47.57686354436676 2.6988043030836204 2.0380903604843055 -57.134210750474224 -1.9450590828897534 1.9295708622155352 -99.19818331530362 -0.4929454707551149 1.37983243973771 -48.05706581896819 45.443670540078564 0.06172265054909361 -25.64229737596492 -1.2243081888957539 1.746880519528605 -5.330113643891089 9.125465138995109 8.894643624632877 1.483392363256117 5.053410299436961 -1.787720572595484 -3.4324455372644964 5.053410299436961 -1.787720572595484 -3.4324455372644964 0 0 0 0 0 0 0 0 0 0 0 -9.838760163401854 35.20634002819356 -10.350416812748563 18.403550298014956 98.7852983818513 -16.520188145107884 -31.02013975601038 36.181845288397916 -38.03369643588122 -31.641116816488857 -1.1210216332235121 -1.8395164730998073 80.3867591142074 -2.0695269904136566 -1.0037259724244532 77.82662030589681 -0.4671597935142292 -0.6639898244726158 51.52003791921341 -0.11959262929021741 0.04792069951512138 88.75992045424536 0.07355323960171764 0.0904630516766256 88.41923737752798 0.029071329646917103 0.07107938234573255 54.68078065593737 -0.7325153970843012 3.4131039408959727 96.2661724613607 2.1270164571663006 2.544252305396435 89.35889447306856 0.649430973703831 1.830740301477461 48.63011836603851 -0.7809229050887565 2.609026582105918 93.77523043070319 1.8308815263658607 1.9770183021747378 94.42423195903841 0.5790322244791416 1.4845746438459941 51.433547852334364 -45.331097683245446 0.012710293461134706 13.250261908739454 5.985168837398933 2.113808097765468 15.161059055408822 0.5393683297517441 -0.5746050053842506 -0.005932553672922028
0.45801333288177365 8.482631948147901 -5.540240762480355 -0.09755021788814665 -2.6209386701396564 7.763851968360353 -4.846855217456021 -1.838771171664558 -15.303239491259108 0.0028687899713788017 11.602932985375661 1.9438616159440778 12.976180391478412 -0.04130454872193123 -1.2842738438664023 0 0 0 21.079248481357993 -4.067551678880881 -1.1251478759150502 0.005303932651676031 18.61615534640365 -7.524918192718679 -17.450426875661346 -12.161158237341834 -2.9540566909426937 0 0 0 1.5735412217002511 2.37322095578079 -0.945344966959369 1.539812395508441 -0.1406865102652001 -4.566938454967522 0 0 0 0 0 -9.996628400351065 7.981208017852398 4.153912792682084 -63.82199840498917 -19.794340563475156 0.12237057595539215 17.877643064933743 -7.796666643766944 -2.3358949013636368 27.792387784685147 13.194761865997751 -2.675552708128034 -42.884724823888085 -4.944935566856477 -1.1014192967492462 -78.18663783252275 0.12652794316292187 -0.3502018007480077 -24.58689415047385 14.638262333331532 -1.33379611543479 -48.77002355577416 -0.04390259259057284 0.04420264415063279 -99.75798336214604 -0.00386089805476555 0.021249245933449824 -30.744349426108748 16.129170885298013 1.410429765445662 -46.61389279235989 -2.5317727629083966 2.5093799512851542 -99.9993246498117 -0.6620346623460873 1.8264184328803499 -49.33628135966407 14.040383182619985 1.1187626946570788 -49.955377391800056 -1.9608832452430398 1.9281645405063983 -99.7042634437799 -0.13658797408547377 0.8372926922266888 -27.269877058056526 40.303632748817385 -0.46915914413116566 -13.618869345903429 5.2061483656311776 2.2159633238459975 -9.550967746905734 13.582940409727678 12.85288676294837 3.194419417422499 4.637800307810135 -2.0618742136986103 -2.561546245946979 4.637800307810135 -2.0618742136986103 -2.561546245946979 0 0 0 0 0 0 0 0 0 0 0 -14.34065678666718 71.08936317314057 -28.859388191498343 -0.8604270116846964 0.30863087986160287 -47.38629436262018 -0.3446322272354889 44.05352349507081 -36.047114634552344 -31.535924776269457 -3.1286531211372632 -1.7744529234665622 68.17377157817569 -1.3660013853339608 -0.897257686447833 83.72956075479483 -0.30599526221873363 -0.5977054338988814 45.1687026561504 -0.3215382520934944 0.036144049473958204 76.58264946510673 0.07671202772965799 0.0907721648139202 90.5945009340836 0.02422633479348758 0.06661265551636172 50.16345789720585 -9.705125496503268 3.3430286609866675 84.15998313713666 2.345792564731653 2.5548021570302724 94.68403072159042 0.5368990345039458 1.7049129126771505 44.52745791131378 -2.625963205934461 2.5518274311040736 82.65215056686992 1.9202488193650544 1.974821089907951 97.2148980317907 0.5037094751010531 1.4102463619958292 48.13025402014538 -42.92083108370714 -0.14690939248953502 12.381900641738914 -1.3601541154610997 1.995957205386664 7.9793537747554675 -0.1223142692867935 -0.2873196216611202 -0.0013072740645205996
0.41994616075080826 8.641021215042265 -6.6797124184972025 0.08448407449746549 -2.8541528473983377 6.947783315385935 -6.069142707577514 -1.97133925763867 -14.389441229000951 0.003128802451010614 11.139023073300065 2.3551155463477413 13.356075554681071 -0.7886014008483988 -1.028991826197751 0 0 0 17.25820369758354 -4.008561873543653 -1.2501646929588972 0.013134930444945583 17.78843416923192 -6.1390636807275065 -13.945583543869988 -10.515747185550397 -2.3754702292699026 0 0 0 0.9576480575957842 2.3185359589189294 -1.7890068032116362 0.8956044402472544 -0.08251424321480648 -2.826281088609587 0 0 0 0 0 -11.405599005331544 10.229198702229109 4.754443598195432 -60.49040570747406 -24.64560687839937 -1.2533371063574834 28.36915708261346 -6.76803875822257 -6.514881894977762 21.57139505909601 13.213985818388954 -2.627307883669893 -33.3152253151873 -4.05026296103679 -0.8125561989834991 -73.61314459441526 0.08595127027028703 -0.32986543471176516 -22.88398947342693 13.839868404162456 -1.485731575614368 -40.484753787626246 -0.04398833347667435 0.04419552714476086 -99.87899336606792 -0.0021376494418784754 0.017089380350702416 -24.408019261247105 13.205784641614773 0.9638798178698367 -38.756991685584055 -2.5319668681868692 2.5093622184775444 -100.00412527304672 -0.5675371750089335 1.7247096904068493 -45.916725488242506 9.28058316401904 0.8388176950885872 -42.23009165089137 -1.9655877775708914 1.9277192589318735 -99.85479498651777 -0.109167010427237 0.7684638772742384 -24.910336882437885 39.13435844408831 -0.4091387719519148 -10.64017848093929 8.246855519502283 1.6942105274776047 -5.560348678242007 10.758354493876238 10.376914817489062 2.081162214174251 3.991455330046286 -2.2540975332802393 -1.701913531398461 3.991455330046286 -2.2540975332802393 -1.701913531398461 0 0 0 0 0 0 0 0 0 0 0 -15.162739139909002 72.82161519315024 -40.87521756336995 -2.0690065377533235 -0.22195072348254796 -44.59722571438037 -0.034735699931451834 52.55065452583107 -32.782699422452325 -32.321075886203225 -3.199061884285979 -1.7916625541683884 59.520969803100925 -1.0547108242501992 -0.8720631845410446 87.98434726057374 -0.17582368966576997 -0.5030139821459035 37.014769646617545 -2.7281299507666557 -0.020152278461008945 64.96289853435958 0.08356737276475208 0.09102953787153506 95.29725645086428 0.012853339774144752 0.052488473653651495 37.71140483020223 -6.263662064879573 2.154907392925579 63.34006070298017 2.455312455538175 2.5524521592987646 97.34660972784864 0.20288530451164108 1.1722521668935801 29.20738828161067 -2.351544846919476 2.322526781407994 70.32285218839591 1.9648658799421568 1.9720920913920479 98.61022628943773 0.2345354654854653 1.0488081849201412 34.030256761235 -33.209347514000065 -0.9266171316548868 13.311005538217584 -6.3310870802900885 1.727238327785722 5.543979670238883 -9.212983173143863 -0.14371177311666916 0.010767022531694894
0.33913484122373394 8.799377124652672 -7.051398961135422 -0.051804500688106415 -3.128762182639843 5.645983352377207 -6.2154416867348745 -1.9533695904545756 -12.439443364024262 0.0015005030492277012 11.260636063758492 2.3877475141495843 12.684466132647387 -1.3318434336939216 -1.2349151285434945 0 0 0 13.173880009445277 -3.9328912670430873 -0.5331842843351757 0.0034182892597226845 18.025605064517432 -4.69517454253306 -11.178940235751933 -10.508942807996743 -1.6459574068085323 0 0 0 0.543796261589449 2.279880118535369 -2.777413401153567 0.46941251619074453 -0.04622950008303743 -1.1381448948228534 0 0 0 0 0 -12.06738314566591 11.371057043818578 4.7790190952234815 -57.1416641388122 -42.22617763615124 0.19755283427935555 39.468466114391866 -1.677235517541206 -15.262127494271445 8.828062448846037 7.531549749199271 -1.65099116558275 -44.36926474140975 0.21350059527461368 -1.1098576455538505 -77.29982340432717 0.9922340460084536 -0.42872480967885956 -24.631757644237727 3.9322033327322266 0.9444648741996934 -55.920240185529295 0.17217755227590106 0.043052120462743794 -93.56271806331515 0.24633691987722003 -0.007875920171708644 -31.350595479428385 12.765859218009965 1.6977886594799465 -62.51554029863357 -2.2934237085419547 2.512077263678213 -91.10630135089959 -0.7092075631897622 1.8770196345263659 -51.1312499005111 5.747875445899004 2.2209161483231012 -60.88706716144803 -1.8563483211332767 1.934857659855819 -96.36695038338834 -0.2665269987184058 1.08793521627246 -36.27018702634962 36.25588475921644 -0.958922430369834 -20.49146955731697 9.518478061623345 -0.5692465083809704 8.021945600946998 -0.8435423593192547 5.1894484171644075 0.5010007501090799 2.8688726361711505 -2.2505774798259357 -0.8015184450046827 2.8688726361711505 -2.2505774798259357 -0.8015184450046827 0 0 0 0 0 0 0 0 0 0 0 -12.638127689128993 68.95116886442631 -53.901154570978626 1.6631878846149688 -0.37418259605758847 -40.702676804873064 0.1776373156226144 48.072008749222356 -28.935818604913184 -33.043073896826115 -2.547618274574418 -1.664063854629093 65.13005173124097 -0.8281342131790944 -0.877624780767806 82.49547140803803 -0.13058827625465796 -0.4840588102065469 35.63799494205588 -2.29285206147562 0.04232497525362826 70.01683395675468 0.07758703261632505 0.09083643137182956 91.19577900001387 0.01228630629795571 0.0515898264945041 36.98318191850141 -6.293480348520774 2.28328852364972 65.88899924791345 2.4796274998878443 2.551239665559222 97.9382926614851 0.2249365407416745 1.219413156528409 30.472044792254287 -2.1813382793471896 2.393322301082169 74.2491642504789 1.9521871145746692 1.9729784067439284 98.21349906344035 0.24815326467082313 1.0723488364129474 34.87894389829727 -33.15791561182522 -0.7977592141703583 11.458951196516734 -3.6347545093526255 1.5094144881321607 3.3779068929437424 -12.134943813610944 -0.11162276395542689 0.011231220161349212
0.2481045070043549 8.895001454652434 -6.995488906857079 -0.3420155014986233 -3.3437808351675353 3.798663425445836 -4.618953498072211 -1.6510230886252497 -9.16556916556541 0.002845103276459012 11.640515628423278 1.769405326741879 13.96350591867957 -2.2933642573836446 -1.6737527174171196 0 0 0 9.697909069824414 -3.8154702339009385 1.263458705003053 -0.002966615808303913 18.448612376456246 -3.4946501343960654 -9.9616557383892 -10.921740449386672 -1.5404336024452208 0 0 0 0.3916756579922285 2.24062636305157 -4.182817303469901 0.3333844748078189 -0.02056030558344405 0.8510009500244865 0 0 0 0 0 -12.076365353377486 7.564628705965924 2.880357016313805 -53.71406298362033 -59.11694496380874 -1.2567288955041218 35.71817674210197 -1.8935352711035058 -21.68519477351177 4.1749285126488305 6.863898342800629 -1.6635358932076227 -48.67069597958302 2.297766071564779 -1.2063639311402132 -77.45670310239235 1.4384582423297483 -0.5711162051640385 -28.72298347547759 2.731104136940069 0.943797346026501 -59.4581919594359 0.3324831115413523 0.038794326856486296 -92.19987707835318 0.2985760308451973 -0.013532495846835958 -35.751595584184315 10.6485189139365 2.4332376834072127 -68.02061500364951 -2.275122963507254 2.512826102680827 -91.26604764851706 -0.6905377278557476 1.858164700070649 -50.4593376502806 5.1477110511547055 2.3081509438911456 -64.05499001629904 -1.8794634463908464 1.93390345092851 -97.10392605699427 -0.30999131238895544 1.154430771052186 -38.8004829926722 35.20088193038542 -1.1554846485611048 -21.73985896551835 7.161056291502094 -0.06866759673347357 6.70373767306044 -3.0883523689791104 4.147634321646381 0.3184259696837519 2.2046810165846558 -2.1731399256302053 -0.35819435864811966 2.2046810165846558 -2.1731399256302053 -0.35819435864811966 0 0 0 0 0 0 0 0 0 0 0 -10.060657091505531 58.979701871836305 -61.98001316975912 11.719051291238857 -0.1312506712998922 -36.79922675905633 0.298405312049428 43.69015998952127 -25.148262816789433 -34.07042534360746 -1.8868482442437884 -1.6007251744618465 70.73995487662704 -0.6020647549101947 -0.8614908162705116 77.00662321342963 -0.0858215120077624 -0.46402229801764727 34.261237647668935 -1.8537620416430949 0.06621270898516246 75.07110341827101 0.07163581888317021 0.09021609734247611 87.09430164314817 0.011730740404455925 0.0506840456662354 36.254963001554195 -6.317557349031185 2.4128676411685404 68.43810622478487 2.503928898894748 2.5497765556930765 98.52997352174711 0.2480239255224306 1.2660760333681624 31.736742844449694 -2.0066711821934526 2.452306329931465 78.17585670865468 1.9395023599652919 1.973777158815057 97.8167701210786 0.262118447979797 1.0956852595000097 35.72764243221035 -33.11067292657343 -0.6673065853955062 9.607068114323159 -0.9323160143630896 1.3938166525754776 1.204144399951911 -15.056902675421485 -0.07955181912199813 0.010059052195455135
0.06576505379744299 9.060561114792128 -6.872279427098693 -0.6383514190221578 -3.626530876355438 2.0930396438640066 -2.295606798834901 -1.5539324930078975 -5.7112344336013825 0.00876776471912067 12.570234225066137 0.8877251590485631 10.596547415777865 -3.408410972126547 -2.226693507071449 0 0 0 7.237619280381461 -3.4243070318961535 3.103938902836367 -0.005647856943335652 18.98823924848748 -2.6602643319420456 -7.418408504793162 -10.541079094276649 -2.431195745360482 0 0 0 0.3861729263100875 2.171194698730894 -4.94078077293975 0.3529047071272813 0.0006636349097708552 2.0782554264188526 0 0 0 0 0 -11.0572464379009 2.779881196550176 0.9723402148520948 -50.00653446466191 -74.9350436696706 -0.21758481677313546 36.01453969990195 -1.5311605411834295 -28.10313757171748 -0.6996321804292761 6.199055457214389 -1.7260991966767911 -52.971772777531 4.3823624318432035 -1.29710149811985 -77.61699626462072 1.8937154484909466 -0.6813057608046424 -32.81529463166185 1.5323471891242795 0.8690276154873775 -62.99531009700174 0.49264203171623117 0.03072508051547251 -90.83705331431854 0.3510952060703412 -0.015163748843595962 -40.15259740482631 8.46922426520063 2.9617824123382963 -73.55194208332495 -2.2568243904076444 2.5136260042182608 -91.42579388470115 -0.6720906565662974 1.8390921424164168 -49.787440350123774 4.543609362474917 2.362106860779359 -67.22381084254958 -1.902564240730031 1.932651960176498 -97.84090109695781 -0.356350566586654 1.218942940965922 -41.33089043849147 34.1503273948367 -1.3749477632336324 -22.984518521579663 4.792694999678833 0.3771367676676436 5.3660289008166515 -5.327236222711148 3.099499420807276 0.17706631822691576 1.108556312889667 -1.9301976741643898 0.6051546400745175 1.108556312889667 -1.9301976741643898 0.6051546400745175 0 0 0 0 0 0 0 0 0 0 0 -5.179584668851389 27.06943621742998 -57.91787395005462 43.190182099931555 -0.34240262813676636 -32.884121883540246 0.5503338170181757 39.35796168501081 -21.441121558464232 -35.37701781012365 -1.2230590814036688 -1.6022593646478638 76.3501285349441 -0.3785767778036923 -0.8238096027777265 71.51792008007796 -0.04154921985954599 -0.4429160054741066 32.88450460557079 -1.4142748014087714 0.05132375249942102 80.12540587467296 0.0657442185527089 0.08917169743963776 82.9928245931664 0.011186730472835868 0.04977127791132176 35.52674172011624 -6.335844150918596 2.5433887161190327 70.98740877455464 2.5282136520075693 2.548062616899889 99.12165280791054 0.27213630072717987 1.3122180642811543 33.00148406457072 -1.8283637210365307 2.499200931923871 82.1028670173329 1.9268124710118648 1.9744879203389807 97.42004092373668 0.27642790972359743 1.1188123297125228 36.5763533218394 -33.06767422097915 -0.5353955847734032 7.755336558160621 1.772488637732805 1.3808622828822517 -0.9725919709960232 -17.978859785948455 -0.04758231821910273 0.007253570906151877
-0.03481940024860612 9.133256084884424 -6.734774893000866 -0.9142749625145339 -3.898644577766954 0.45414861557861014 -0.17185015506969137 -1.7265742171490235 -2.8451862133516745 0.012755071864673607 13.690631617864556 0.058944658908756484 7.650994563447557 -4.446253637597915 -2.4838219769991787 0 0 0 6.001907831253893 -2.991445177149428 4.789250103256692 -0.004213502146163438 19.377193005664655 -2.2754674144380203 -4.94633707094643 -10.306624932220585 -3.094063509738267 0 0 0 0.35204302138139704 2.0976476295543427 -5.33071410511991 0.35920179438957106 0.0143627157037225 3.235329885467612 0 0 0 0 0 -9.018568046446772 -4.934703000192112 -1.5938104429883593 -45.859660243635346 -84.91113433016474 -0.6988987761562959 36.82774404231979 -0.48465344635422886 -34.467075853962825 -5.965711661685522 5.540748113895344 -1.838321855419596 -57.27203822634002 6.467278929427182 -1.3819493459496128 -77.78048926971236 2.3556854152940794 -0.7587240163197234 -36.90843148911734 0.34051879836690896 0.7204747578119302 -66.52999886126443 0.6525637446773689 0.01884901125728676 -89.47425762530538 0.4035846936208829 -0.01276005829402789 -44.553598455140815 6.248193313182395 3.2776575491534614 -79.10158340917609 -2.238528120028553 2.514476968384542 -91.5855399342469 -0.6538687553185926 1.8198047426287034 -49.11555756703137 3.937429313364631 2.3826113739576438 -70.39310780849685 -1.9256469538716527 1.9311038289507918 -98.57787462141764 -0.40551463140650323 1.281345919517972 -43.86141200083085 33.10468014223881 -1.617136478389138 -24.225073898917007 2.4144029263970532 0.7671615420833562 4.010943440338597 -7.56168275691082 2.046657444914719 0.07690101600506015 0.12749416074941314 -1.6678789539737604 1.6012677645441484 0.12749416074941314 -1.6678789539737604 1.6012677645441484 0 0 0 0 0 0 0 0 0 0 0 0.41256481508284387 12.851193805104273 -46.928620814079906 57.35628828946343 -1.632257801198348 -25.648523278850824 0.45852475010452126 35.19509559520608 -16.023367768441492 -37.27976328094025 -2.1661620956221137 -1.76226675810403 75.97026825275935 -0.4220545875354807 -0.8371329661424076 75.5986630083107 -0.045851638879109965 -0.43539145062131346 32.32520383560549 -1.3568963502232052 0.017536114096445527 78.85528514459968 0.0711705853968537 0.09014936284316462 86.77219928676334 0.009819988666778008 0.047353513473491995 33.62328678560089 -6.864160507490448 2.516517960021819 71.85121696870078 2.536304457531014 2.5474355406366054 99.31887996649338 0.24288937556970236 1.2559198572137393 31.460292464352058 -1.9548152416695082 2.4841831553839873 81.08369747322755 1.9451889739860546 1.9734298938300385 97.99460048170673 0.2362419634579554 1.0518027655057494 34.13781076009137 -32.55965114488939 -0.33362789147635785 4.378884471352588 1.8822887016768024 1.4626467532546765 0.24516040825800417 -16.629819069752553 -0.03707917526641706 0.005206562217086652
-0.08686272666274705 9.183853793876189 -6.587684957867644 -1.2770538874079695 -4.222428389939767 -0.46326312603353614 0.9957905068391727 -1.9661290166809207 -1.3787132027155664 0.011223075054815644 14.83478816811186 -0.40723543495667014 6.801533741124112 -6.062119538906883 -2.56016810106872 0 0 0 5.56770697514066 -2.5071471149552678 5.769739109060922 -0.002349186441367604 19.595204210788044 -2.156208857795387 -3.6975510436166044 -10.144580625738778 -3.4909084704118087 0 0 0 0.08069066369601074 1.9488214627893072 -5.322920800814108 0.11550135124262344 0.000760886627477964 3.880581189191207 0 0 0 0 0 -6.631720643915509 -10.310650188899256 -3.3503691188529223 -44.05636754784133 -90.68671949066928 -2.3425667257461518 34.69643390733022 -0.9160746073242534 -37.121704540553694 -1.1131842921825816 4.549897014141568 -1.9348469815971716 -64.74877457052327 4.673498882283605 -1.1511380601552919 -81.96364812527825 1.5215362946563182 -0.664171690474822 -38.558975686398654 -0.37652084971847616 0.4582684776915456 -72.47428481861147 0.3074091173618419 0.034435894877683025 -90.43144512181134 0.19630649699272337 0.015961458605685225 -47.80138715898922 6.5876900246446795 2.958829323980798 -88.02835793254656 -2.095149197009474 2.505990425621115 -88.63440898011116 -0.723545988168478 1.8873157231771873 -51.48630082935586 3.688193152794975 2.3639051565816085 -78.8298937264151 -1.8643553411417526 1.9345608042904785 -96.6221960623784 -0.5027691385913953 1.3900333189479765 -48.50816053252905 37.54317680425226 -1.1895661050144974 -27.670061495234254 -0.40708224971080437 1.3105907723676598 0.351631708276751 -8.850569646043052 1.023760986023393 0.026936592217611185 -0.6099071682015825 -1.4766750269732827 2.2874292585071303 -0.6099071682015825 -1.4766750269732827 2.2874292585071303 0 0 0 0 0 0 0 0 0 0 0 4.777470850295933 6.847704235086874 -41.25257936631019 62.574617027734334 -1.8371354878449975 -18.42140308378427 0.35778824604907217 30.943349703056207 -10.752286269005154 -39.5354918209372 -3.108269409552113 -1.9284987687192123 75.59306003638473 -0.466370495214325 -0.8473288720962933 79.67942742863877 -0.05022730229932877 -0.42790924629543986 31.76590388090102 -1.2987830703979026 -0.014971357949372365 77.58513223911767 0.07664958883952623 0.09076722892883379 90.55157418600017 0.008534308840497443 0.04489168638217058 31.719827482465874 -7.392813502749459 2.49760841094047 72.71521946781353 2.5443931828262447 2.5467809032551463 99.51610608876226 0.2151681782300759 1.1988554724511278 29.91916402801185 -2.0809778623066633 2.466920603824544 80.06457579853414 1.963553595118513 1.9721877707133233 98.56915883256038 0.19894476652612128 0.9831443724619566 31.699371634933883 -32.064400422640006 -0.10229912593493748 1.0044007989580221 1.9938068782510272 1.542079816752225 1.4631122754427903 -15.280782339416959 -0.026530746866045635 0.003407396225067355
-0.10734610762244853 9.184857490082482 -6.379372110023041 -1.6556378848480644 -4.494327750385344 -0.94919586078238 1.7219169709242388 -2.229366127737669 -0.672386952434224 0.008533468033649346 15.920159795092514 -0.7014977393723667 6.549585015463889 -7.112083473794053 -2.5124915849076337 0 0 0 5.773724830790972 -2.1453069928811246 6.4160223319260075 -0.001065421841359341 19.709729128651723 -2.2594048599422774 -3.3433540516499387 -9.241294547886792 -3.762213582356642 0 0 0 -0.09250868170224309 1.8491022732564353 -5.107326227723817 -0.03932160569157699 -0.006672434076748182 3.9863349156684147 0 0 0 0 0 -5.081685352422978 -14.118875613440258 -5.030365121138534 -44.949521426855036 -90.85115362146986 -5.890651793255965 33.51537289401816 -2.9356320171564394 -38.75471941097274 4.353048114486808 4.972120145262794 -2.120011795461142 -63.9746091201541 3.3350419591763214 -1.064116173865487 -82.45837099020422 1.5090017298188265 -0.6374773753806047 -37.83701817919257 -1.2501291282228393 0.32989208889955557 -69.380601421118 0.13301683755174384 0.0440569156181634 -93.50130489441193 0.09151569126038421 0.02791606813466775 -50.85578685141985 11.67518380864264 2.3415641983662887 -87.63582870734832 -2.1593623611704085 2.5126549699636276 -90.5194252691326 -0.8463518444621523 1.9946198118729956 -55.493916802682655 5.054674663825002 2.1714768600704812 -77.38468165015188 -1.917377199142142 1.931692840499295 -98.31376503996754 -0.5786498850110533 1.4637415413202621 -51.87823872502246 40.05558499718476 -0.7169336131076726 -26.20743038635181 -1.3642035092767784 1.4111404272617893 -0.2793787355240893 -10.748567879913395 0.5121035596793276 0.004988840320504238 -1.3095218864526463 -1.3853310621690615 2.691969642539013 -1.3095218864526463 -1.3853310621690615 2.691969642539013 0 0 0 0 0 0 0 0 0 0 0 7.927328221679395 3.563096204029051 -38.18129755090213 64.29561897971612 -1.8060081582645042 -11.177036169380429 0.2896291363857135 26.542049675565906 -5.66163931448032 -42.147941079100036 -4.0493590300815585 -2.100903973280214 75.21859663202099 -0.5112998153325945 -0.8543456907811168 83.76020676715727 -0.054675789527510246 -0.42047008595365093 31.206603563035365 -1.2399634924848182 -0.04618265590907323 76.31494631671478 0.08215740038315138 0.09102260095190494 94.33094937019334 0.007331108817487588 0.04238851137151622 29.816372797712116 -7.921685395578192 2.4866654895502642 73.5793520308508 2.552479338076442 2.5460982774887913 99.713330951048 0.18899258671852118 1.1410664253989995 28.378094279534366 -2.2068112147116627 2.4474189179519024 79.04550841974897 1.981905070025901 1.9707617649703926 99.14371587174003 0.16460360130239218 0.9129616104829494 29.261020361193825 -31.583625434672232 0.15777087242127116 -2.3679664232084723 2.1069928179665465 1.6191250698728996 2.6812622308293736 -13.931743194545243 -0.015942885693106094 0.001857070765567682
-0.11774744676906257 9.172694165079877 -6.137504383931974 -2.0304931862928415 -4.701318621697168 -1.217983860875366 2.005037527379121 -2.497079422642883 -0.37638318266967985 0.005414634097134364 16.932666727392824 -0.8241646442332008 6.4719009139581445 -7.890847573691899 -2.358743558612436 0 0 0 6.387073995161354 -1.9278320208735444 6.9200045643434756 -0.0003529215709629954 19.7877294183693 -2.508054391087105 -3.522547802644532 -8.811896971017148 -3.746133106822949 0 0 0 -0.14264798808390805 1.810606051663729 -4.642178938205101 -0.07693400603825684 -0.007044092836676941 3.871993496641747 0 0 0 0 0 -3.6791205331089905 -16.047010724754838 -6.321880809159689 -47.17074754779175 -89.55797221340937 -7.8351599741849745 33.76306885082147 -4.929378952326904 -39.41771594422396 9.642884285220088 4.615468542978009 -2.120272374802814 -61.16749318847217 2.563059069572482 -1.0353277509943493 -77.05569411884422 2.3835603469431037 -0.51061846799666 -29.32640812770655 -1.7879897846061974 0.2836715083029679 -65.68254027111401 0.04447325287817947 0.04663403217668981 -96.75065372881026 0.04023219988020441 0.02925603935883782 -49.701063171333736 14.555436703780979 2.0490950314181444 -84.46983623871706 -2.301804007767687 2.518753589826457 -94.17969662749503 -0.8593797905065763 2.005004822855391 -55.89947906730533 5.099420146328691 2.1132726308578 -75.53841547890453 -1.9438503687322113 1.9296725189247628 -99.15954772048978 -0.5912119114990901 1.4751369771015495 -52.4184901785552 38.53625630470419 -0.8793583051134545 -24.515430220986758 -1.0251760830373846 1.3160613767231897 0.796290843891552 -12.006691511687713 0.25607915869733733 -0.0003169540553973552 -1.9834499088372568 -1.3691773736842971 2.8985660405525286 -1.9834499088372568 -1.3691773736842971 2.8985660405525286 0 0 0 0 0 0 0 0 0 0 0 10.172082322381755 1.9127622674998719 -36.993194213942594 63.97023495974216 -1.7600426321918927 -5.242923577119746 0.24306083280449722 27.485482364294402 -2.449813377998288 -45.57817680216493 -4.769201844974898 -2.130865389426973 68.1124925363463 -0.6451136818120526 -0.8694100433664407 89.34932513746605 -0.055958188086617865 -0.4024255681706773 29.782920016507205 -1.8033836539024968 -0.12310283527951599 72.77984103496604 0.08629276380582257 0.09097551660995072 97.16548071986294 0.006470059539579027 0.04045409657230212 28.365235822453496 -11.09087986811401 2.200422708191986 71.7527936038124 2.558542607121835 2.5455679875499393 99.8612503008512 0.13624663629576975 1.0097059790519176 24.939278676761003 -1.5473155967601784 2.4783068850271284 76.53131621486705 1.9956588072467298 1.969571541252888 99.57463301867114 0.12977772698972076 0.8328286361281375 26.534367998515155 -27.36538625794156 0.5070221782276607 -5.180973285671743 0.34303607909716344 1.6475246892200095 3.9198414605357788 -12.108359546678457 -0.007986218723217158 0.0008016828754057258
-0.11660485484092387 9.160684231191539 -5.955837539307394 -2.4109371503840076 -4.846901236433518 -1.509374691762486 1.4319640807162641 -2.7422016819830324 -0.3807819533762761 0.001081660536148382 17.82206317160941 -0.6244174123076698 4.953372715395521 -8.572705420062304 -2.286019497922691 0 0 0 6.775170213161744 -1.6720378509572345 7.391282658177355 -0.00046957491514415815 19.590602292519147 -2.668738059421401 -4.025060788903393 -8.720363579303385 -3.6758529724808446 0 0 0 -0.06252368206789519 1.763712561104917 -3.9492920255745783 0.020652978272428752 -0.0021835406916752152 2.9617177127546817 0 0 0 0 0 -2.4094065748770164 -14.3784343093403 -6.792484520832472 -53.63307966847018 -87.08817784571507 -8.434074779992772 34.92574760131196 -4.922782765031212 -39.20914432140413 14.467970091290107 5.653101615060538 -1.831570807017254 -50.96366621068437 2.0937939708077913 -0.9479490659466183 -82.16813263585271 1.7666417250124085 -0.48166367663086057 -32.06539179012807 1.1885892222485261 0.6545533468030231 -54.94408105957523 0.020155335529826214 0.04646278046798117 -97.64260057098376 0.030195403610434997 0.02197035621307601 -40.44349704257145 13.466798563381156 1.5722910824084217 -73.0267932361487 -2.3651144432130113 2.518503405910568 -95.77982640566609 -0.5619698334732878 1.718495788917155 -45.71453264631645 5.740551715581635 1.9638745823270554 -65.39279127176017 -1.9511118294258658 1.9290495513294441 -99.39171418012758 -0.3907698359903365 1.2632193579630908 -43.11716935900687 37.32828276018751 -0.8629650767618766 -18.991378424826213 1.4825746636815804 1.1311979568929265 1.0522277231849115 -12.25852840068811 0.18578540635250002 -0.0006382524570567152 -2.492602775284395 -1.4001611160246186 3.1050033304415394 -2.492602775284395 -1.4001611160246186 3.1050033304415394 0 0 0 0 0 0 0 0 0 0 0 12.010710751411613 1.3886326033005634 -36.68415585428893 62.97922968206477 -1.7062171403305433 1.3324285334998582 0.1998483025622752 31.247327673658884 0.0003822109180377436 -52.174910100070136 -4.186801978340311 -2.06084709966477 58.63555832752082 -0.7012523526370382 -0.8731270031525546 92.27321799312145 -0.03924034987781869 -0.35505684985889124 26.10083364362141 -3.6515391634069987 0.026633788351594016 63.824922143785955 0.0874270607642481 0.09092681810022535 97.94355904325987 0.004683550836982358 0.03594341596244254 25.039868132056814 -10.413387949532023 1.955774789540348 64.49965956405909 2.560206719604065 2.545419711514213 99.90185417116857 0.08355365500250159 0.8484532550209232 20.818099323428644 -3.674329356858739 2.5067595576836252 68.2656274864537 1.999432536131824 1.969226839979778 99.69291953288705 0.09136850614576478 0.7295879202978933 23.09673302917845 -25.666463596279158 0.2645518823744985 -2.281179894963756 -0.9355260618137791 1.5156828371846245 2.762185821462955 -13.264216441388216 -0.005788457765643597 0.0006401012102983395
-0.10803217813630099 9.14867517133766 -5.873563502365236 -2.7480410560071804 -4.9315257130439925 -1.644565818592397 -0.6395912202461186 -2.964854769624912 -1.296237447693459 -0.00528706916463185 18.63101021089368 0.15615836730079238 5.841550752538857 -9.014093506975787 -1.8307511601597128 0 0 0 6.7929355260862785 -1.3246485642035886 7.403873301169828 -0.0002613511590608582 19.17305118643624 -2.675708628914593 -3.759349048594689 -8.516161637435136 -3.457406552845037 0 0 0 0.021726445833520642 1.6870542832870647 -3.0457710690486723 0.11490593870638556 0.00031993875060288803 2.0689736565955332 0 0 0 0 0 -1.3475078715175521 -10.863375738291406 -6.453793767060876 -63.143835001845616 -74.24713885786 -14.20456198432403 37.17903976430194 -4.893654001484918 -39.00173522331964 19.278863755109764 6.725379923132258 -1.7311709992792712 -40.757392499129686 1.6186171265495173 -0.9027303036046336 -87.2810187591854 1.1490456211819815 -0.48222201098650047 -34.804522265746584 4.182171929442807 0.4640914025887232 -44.20076737647611 -0.004156969669917338 0.04591299341684736 -98.53454701767437 0.019117264164406293 0.016394215139880833 -31.18592748923278 12.305358342596563 1.320893200562694 -61.57867147021729 -2.4283936744124643 2.5164869808513504 -97.37995394068092 -0.31996546582038066 1.3839461570935778 -35.53269839807036 6.345259463531209 1.70396576536792 -55.25062292877707 -1.9583707233392889 1.9283973256444868 -99.62388042618822 -0.22723538473230886 1.0217027434768011 -33.817380858711836 36.127521156908806 -0.7303909062231774 -13.4689979134085 3.9893249057340405 0.9353179134839111 1.299814605421134 -12.510364416430852 0.11549093312999846 -0.0006505787128186838 -2.832240491812748 -1.4800931803516726 3.3445439919211903 -2.832240491812748 -1.4800931803516726 3.3445439919211903 0 0 0 0 0 0 0 0 0 0 0 13.284152488374767 3.3859637147283066 -36.73426535035842 60.25413956228272 -1.6522123551718255 7.896380371223779 0.16310759058341676 34.707205871490316 2.8614125485159274 -58.60474171777933 -3.623924844159475 -1.895964681221871 49.16048817545271 -0.7575076850450873 -0.8739758061684899 95.19711506034338 -0.025599186180133172 -0.3067123101598394 22.418777730391177 -5.500473496232381 -0.11316110027304278 54.869846705774385 0.08856057877828012 0.09086271829503019 98.72163832206147 0.0031616969632245135 0.03133670270100973 21.714501589486147 -9.710492526461303 1.7985742556667026 57.244982742085 2.561870557458638 2.545270367224579 99.94245827080242 0.04258834731342554 0.6838312423754466 16.69722682310735 -5.783158663067958 2.2294829697249554 60.005305957926346 2.0032056231097175 1.968874236706647 99.81120611413752 0.059220112531280567 0.624230114168622 19.659242423077526 -23.981994212227185 -0.06343462781356603 0.6101299362108376 -2.2110820644799514 1.3580820042181099 1.607833936235345 -14.420072269316853 -0.0035944028945800862 0.0004342189117548961
-0.09623430626769756 9.140433383357568 -5.848501151017853 -3.1184691075124453 -5.000811709530039 -1.6454884402558843 -3.336906372792265 -3.2757759575237992 -2.9127005982469076 -0.008099199666167015 19.20284504051286 1.1859334368927847 7.5636384774350605 -9.200130702795365 -0.9062763715127233 0 0 0 6.35431253394917 -0.9104157620705837 7.068984784909406 0.001201434587008072 18.361110508089613 -2.496899161118253 -3.472853959830287 -7.736012527691453 -3.1589985123379942 0 0 0 -0.029062635260298737 1.586051669380368 -2.296824934174123 0.06775116454881135 0.0005544037848115334 1.6340539168454338 0 0 0 0 0 -0.44331968712013464 -7.970594099157861 -5.594265568359708 -70.94699349902247 -64.15267995588707 -17.81581610176621 35.46031919432534 -2.3556215026461973 -37.21246493407788 18.171395143312935 7.595647941767498 -1.6739317946147445 -28.76517518893973 1.3164609812895454 -0.7608134908577973 -58.384311636084185 2.6104257955833994 -0.1723530800257407 -18.216058635594464 9.031818923983575 -0.006165937860508951 -30.7263330732811 0.7851941503930827 0.21581282357711448 -65.75757969357916 0.8180355802355401 0.068664995390027 -15.67985546211361 16.035528079032282 1.0813179252015388 -43.97961423615256 6.3963552121294445 4.2679218838587305 -56.8681193927107 -0.2566775408239094 0.7505346028942599 -19.048705928015625 11.551445230132677 1.3478317283720334 -38.98995754228124 2.2501673781504343 2.51821455144063 -64.65220451558199 0.24810997905765167 0.6000390848318226 -18.462433381205056 40.1100621986011 -0.283408622842214 -10.63735023677868 3.7528083651333253 0.9677815841673508 1.140158212337607 -4.715553421506997 1.6024816461604903 -0.01840597046571181 -2.9951172282775045 -1.5378940669923726 3.520980043687678 -2.9951172282775045 -1.5378940669923726 3.520980043687678 0 0 0 0 0 0 0 0 0 0 0 13.859105952522183 8.034597321248722 -37.00599269752334 55.77929548794436 -1.63417373842004 8.953930211094685 0.1563434161392158 42.39686375482165 4.8993807335132225 -56.88334292733424 -0.40343824482594604 -1.5364131973060817 38.37574079879017 -0.8037051878939685 -0.8725255031873144 97.59907728377186 -0.07706050971745179 -0.43152742732630367 32.0989728608383 -3.6605703248436354 -0.3709057948328721 41.269556745047645 0.0894910506718807 0.0907985451186839 99.36082496779845 0.0015097627611612228 0.02487058050877936 17.13957875738049 -12.1072599739514 1.2776390840425071 39.3768203618967 2.5632376810478803 2.545146661452707 99.97581401509407 0.046275244926501945 0.7009906776843963 17.123466315874772 -4.1190595822058995 1.4789298460933746 43.950243707118815 2.006304472481901 1.9685786565521224 99.9083779874911 0.02806040397861321 0.49038390078990984 15.370492908988155 -27.877690724439088 -0.6359355784212413 5.917368047466017 -5.041619028226191 1.7360246828727222 5.648912078961356 -2.267762312407954 -4.969461225103847 -0.3315957117513187
-0.08751030899134854 9.136913463581749 -5.862774201275982 -3.650537119309318 -5.081888932229512 -1.6061450809950009 -6.3397674453439805 -3.6766026238532366 -4.348803577736218 -0.004398119602203271 19.235630120364544 2.3358842501504173 8.769118629325163 -8.3388312948785 -0.44702256553811315 0 0 0 5.116544330834935 -0.4726117079126314 6.460506654909354 0.005114328608716965 17.345872473139973 -2.009104329778335 -3.0737173333894408 -6.168615281431239 -3.1442079758503505 0 0 0 -0.06940627376531251 1.496510062412249 -1.5678096673596222 0.029102439838992886 0.00033707198769365986 1.245130889063422 0 0 0 0 0 0.21830969199434883 -5.951748504305338 -4.6552316272285275 -76.25872465365251 -54.37505073398538 -18.42277631461734 34.424525439530434 2.5911870030331885 -34.643212855798346 14.777095848026306 9.075142228897764 -2.074855548517495 -30.33382141207177 0.8827523946122925 -0.7690837727413765 -74.6449276532959 1.3773498093018508 -0.25226416702242455 -32.42727450113159 10.15656687297671 -0.6887864198544214 -33.12977722626722 0.357641572309374 0.19241644891807297 -82.87913782515064 0.40739623393358715 0.05423017598242477 -19.042140001053788 14.036666770227143 0.8818715779634556 -38.866064996010934 1.7619354359531623 4.237528381617501 -78.48403636717258 -0.5652860769447161 1.5782463765413488 -42.15489049356937 11.132598834190526 1.0073083179599065 -38.36403087061094 0.09372690862341213 2.5506125877477865 -82.3361275939617 0.07826494850137138 0.6675819460796446 -20.993805477149923 39.67206807632322 -0.26704060597190826 -9.25999302481101 6.574580619026164 1.146166390929935 -1.5132868148280945 1.3285979502001088 4.476234663617236 0.31238513622850445 -3.0356098369256497 -1.5186068630100729 3.6964719043336065 -3.0356098369256497 -1.5186068630100729 3.6964719043336065 0 0 0 0 0 0 0 0 0 0 0 13.792529003994137 14.99795743095787 -37.63372710914559 49.56818907392497 -1.599086562299704 9.01611718950211 0.1505273494550071 50.75944015634388 6.710404707049244 -54.62600235504328 -2.401447515855465 -1.7729138994256386 42.02644301079336 -0.8103686627239071 -0.8717414880722154 97.61488245517681 -0.07366625363795992 -0.42236012512497334 31.363442495854766 -5.4561143031633685 -0.6300176054205497 43.45888625634471 0.08995599714710205 0.09076256651846226 99.68041813171038 0.00242670430119602 0.028719615976284956 19.85148255583053 -12.856409080308724 0.9328740885438872 34.61159183918065 2.563921059607508 2.5450844880899792 99.99249180596868 0.06503663391991397 0.7801845383798074 19.100105305067032 -3.700512596729992 1.5632198635971424 43.744647083158455 2.007853909653604 1.968428944369575 99.9569636656332 0.035153291083599186 0.5252001302436561 16.479093579347644 -27.744753261022655 -1.0608916634373158 10.24123111899693 -8.885359445757645 2.572634846837149 10.984550340179215 -1.1063671460549402 -2.5130233005837685 -0.19063385721888104
-0.07525047289312156 9.140427733581763 -5.895267238879454 -4.58965807061167 -5.123251269298125 -1.4134314879308112 -8.28964030728631 -4.05334208819455 -5.166888460151067 0.0029859212657183053 18.752783006321387 3.085279366434318 9.68080112442217 -7.11214456174692 -0.4023172422491236 0 0 0 2.284386115119905 -0.19712398390125846 5.305888560402433 0.014285264452830047 16.698750263600008 -0.9211189177383137 -3.4947335218495965 -5.545195484001656 -2.8951202757466965 0 0 0 -0.11244276531061834 1.5599800834710804 -0.8721495010286457 -0.025558190697200195 0.00009911687231593215 0.9294416569576317 0 0 0 0 0 0.45410406662264274 -4.8247238871129206 -3.9659835737786397 -78.70896068443876 -51.77256631053602 -16.08465636782182 38.40481865175416 10.637365206113417 -34.79177905854216 7.2109975327074585 8.583942052986961 -2.1172308612837822 -35.59508102561521 0.8417220346548397 -0.8221916948947885 -82.15462383535893 0.8952682023302679 -0.33158912569784277 -32.49297990581858 6.855753579513509 -0.16138576406072938 -38.949297089150306 0.2009867844720559 0.15066403484179738 -89.34096768491223 0.24963499922711965 0.06481540744798993 -27.985491631378327 18.634886810819953 -0.17321351435082014 -50.47474257057297 0.10123195536698475 3.758956777637942 -85.9316680616711 -0.6388412841394346 1.7196481549333011 -46.40149199388958 10.064310849537208 1.3588118656510086 -48.41718322390995 -0.7070715714760784 2.3905036729255036 -89.00818839448426 -0.11187153435656964 0.9970369170098629 -32.23635191204887 38.60818517901484 -0.325061785597655 -9.419371778227745 6.373377867047775 0.8156347372556693 0.9763610213282465 -4.939858761885078 2.7993105594436933 0.041824034529155445 -2.876743468996627 -1.3962082477884954 3.980501053596842 -2.876743468996627 -1.3962082477884954 3.980501053596842 0 0 0 0 0 0 0 0 0 0 0 12.859489920785386 25.601541380201223 -39.32034457248813 40.303277540749825 -0.9363974639527199 8.514641382903141 -0.03541708212159671 56.87089193417262 7.616611172375734 -52.78523736782006 -4.291414340453328 -2.0467569730389643 44.423819409800394 -0.7812709662281857 -0.8718253810438525 95.33816105555529 -0.0789903853275177 -0.4323852274139899 32.16955406443416 -6.8199783368940805 -0.8193948723374146 45.38070208148724 0.09013142095687421 0.09074831248275217 99.80103795418005 0.0033723508481207603 0.03203146778198731 22.21204739255215 -10.805906634307675 0.9207174294732771 32.06000148326372 2.5641789273493187 2.545060986132341 99.99878637424312 0.047258420225181855 0.705464308298584 17.234703535975306 -4.174915115293208 1.5575230809383405 44.89923747043627 2.008438475472065 1.9683721349001158 99.97530107298897 0.034570421697692026 0.5224639381571493 16.391807548055407 -24.955454025339293 -1.3126696155573072 10.734729293430089 -11.918723974616158 3.0369833655600442 12.659466980173024 -7.674898765262159 -1.5723816165028486 -0.028905579663736997
-0.06299063679489458 9.143942003581778 -5.927760276482927 -5.528919637731743 -5.16455884766336 -1.2206934740192097 -10.234910212452741 -4.457603370933402 -5.972057413415362 0.003698162802456098 18.269883915625996 3.8324969537031537 10.591225588531929 -5.886316507245735 -0.33810643940388246 0 0 0 -0.5527258275842091 0.02092587247292309 4.139077994417119 0.0106385252512707 16.051576340262734 0.1631535414371427 -3.912605958514199 -4.919978895365505 -2.650885195476075 0 0 0 -0.15541314132728212 1.6239749522530134 -0.17657922993726133 -0.08021668053820107 -0.0004400030145690361 0.613752809084973 0 0 0 0 0 0.6898984783800617 -3.7291191200292086 -3.2294714411358263 -81.143234489714 -48.96651781748626 -13.98248552404852 42.41660977044389 18.610220625122434 -34.07110449102793 -0.2805119173634856 8.09867801128181 -2.204438410781688 -40.85600852732299 0.8079846355017692 -0.8802060421989527 -89.66438874025795 0.41327355424333134 -0.4114640574190287 -32.55801353716186 3.518534818121798 0.02792640346608923 -44.78942333679171 0.05002638396132078 0.09154701206936666 -95.80264771304991 0.09214620979424491 0.05074673802283486 -36.92884016193274 23.351301910801936 -0.2790058992440916 -62.13049886983175 -1.4823610871416526 3.069970921741594 -93.3578197618158 -0.7226763769413911 1.8552169930907538 -50.64859323346532 8.950931315231676 1.5184135221026662 -58.476233635672926 -1.483719600243919 2.138548067176845 -95.67641830482665 -0.36262634696740803 1.2830993693202022 -43.481127267573655 37.544462300046646 -0.38603192563734146 -9.577647096671711 6.158019601012972 0.49415558508074464 3.466991623290449 -11.194060029414167 1.102942390570859 -0.04374650564306128 -2.7172802309606285 -1.2745987890816837 4.264854648751909 -2.7172802309606285 -1.2745987890816837 4.264854648751909 0 0 0 0 0 0 0 0 0 0 0 11.926451130969108 36.567500998124046 -39.61702648098274 30.664896818958542 -0.27075978305128195 8.015321199877635 -0.22173658310692515 63.020584060698816 8.322572075512022 -50.853852468027426 -6.1914768938026254 -2.2412058782124773 46.82928713433918 -0.7521928686352611 -0.8707534510137601 93.0614402212007 -0.08445504071513427 -0.4423344348649645 32.9756698243562 -8.1894880811019 -0.9628805480089135 47.306569333015304 0.09030681808452962 0.09073369159072407 99.9216578838692 0.004453603457599192 0.03530156148433607 24.57261301973916 -8.75687495678293 0.9998357985303217 29.509584207365155 2.564436795079586 2.5450374841751313 100.00508069426716 0.03192231058422732 0.630204966705175 15.369354857411842 -4.649336704831644 1.5613832473672336 46.053833775689704 2.009023374452479 1.9683151118631692 99.99363798021088 0.033991719752503785 0.5197268934534304 16.304523809763896 -22.16810272869647 -1.5881513706650368 11.215443244918173 -14.938761171066629 3.589021125702378 14.308281448265149 -14.2386787495036 -0.6194285285665605 0.02410798036868192
-0.049758047995258105 9.151653013651714 -5.9601736566101 -6.530537891630955 -5.2187541899971235 -1.1202286237461385 -10.121981383560327 -4.3374540951373755 -5.931003795638004 0.0014703212359201045 17.426838195645246 3.783804981102447 12.523293047139726 -4.94362504301316 -0.6978707499908893 0 0 0 -2.656111397159034 0.059453745815454165 3.34968960130255 0.003361517404611302 16.320095469123075 0.9658031544734877 -3.1484341457920713 -4.233605677163938 -2.9627270020723424 0 0 0 0.02035105351056455 1.6300198655369182 -0.0657565082666279 0.09008677189220664 0.0018043640987058748 0.7182009773770066 0 0 0 0 0 0.654039605641689 -2.6556866564144985 -2.2761786458644537 -80.51926072347204 -53.008583266875455 -11.937384484852833 44.93091715617053 18.236177226115007 -35.276979618719146 0.030233667419342247 8.24035020547273 -2.204721219180713 -38.93920367569559 2.8940642450134124 0.18809267521126938 -69.53059488152932 1.9407873199953225 -0.4153574199546104 -30.162916128724877 3.9620531405727046 -0.11550133851745278 -41.90567825984909 2.9138237020189095 1.2876746129313261 -75.80470090485348 0.0552965866682296 0.06424827460353755 -54.24187284255593 21.546271205697696 -0.1983160591125355 -57.102032416638565 -1.7769659863825014 2.9282603938120064 -95.1848765898484 -0.8144307670545651 1.9469175146103412 -53.925836441836246 8.573839410763776 1.346678067977267 -53.31340658668042 -4.94467417833729 0.32789561305673204 -76.71701873320222 -0.6148949087441067 1.5278135827806354 -54.47021850030584 32.05160119806165 -0.82509226366495 -11.424326365791968 3.8890487129244486 0.5903596508871096 4.388307494898051 -8.052427162664609 0.8698892256603186 -0.014469951052188247 -2.427021509657473 -1.1334244997376968 4.483507948868017 -2.427021509657473 -1.1334244997376968 4.483507948868017 0 0 0 0 0 0 0 0 0 0 0 11.205979885331677 42.34525754025181 -39.64285097572039 25.66241805402399 1.4863614539511434 6.018050689318642 -0.7908730443817339 65.62135132238977 6.80101174839994 -46.901690817312 -6.276960042069064 -2.087853008781698 41.234156269742584 -0.8010214980028507 -0.8714250749663632 96.53123874755191 -0.07086889442979062 -0.4144601603677715 30.732336193899805 -12.097835307544035 -1.4292746006795747 48.24453267004568 0.0903637807959917 0.0907288624274825 99.96083450368997 0.0034796203552053847 0.03237714277667077 22.460091351506577 -17.545924215250867 -0.18368336468867186 37.232323381222734 2.5645206165853733 2.5450300062797453 100.00712531732184 0.011286889785801245 0.49961215092194206 12.15818235592179 -10.432979603817676 0.8557476364954361 50.6935663095487 2.009213027313619 1.9682965313234617 99.99959354045568 0.03248365014777905 0.5124952439964444 16.074039445809994 -22.50500018695908 -0.8691165782629328 6.2821657110845095 -12.292115335840567 2.9580767867641047 12.16772759968095 -25.66143620945214 -0.30850867580095137 0.04302968582601638
-0.04420328040382927 9.156407476915872 -5.978146552930851 -7.275700807354623 -5.333552784649928 -1.182621822879238 -9.627274837814124 -4.054629384727794 -5.6887103745443035 -0.00010735108364970715 16.957461012090512 3.587028728200463 13.411643490920332 -4.708587384642272 -0.8975228267165882 0 0 0 -3.0926088002643874 0.15525958125221856 3.2217910643478604 0.0007804768376801942 16.908703808255634 1.1337278385987306 -2.1186259705010118 -4.38488365774086 -3.3596598931198467 0 0 0 0.4222536060990938 1.5181743815232822 -0.1838442471930134 0.500963077163829 0.006428400720907344 0.7085108163921003 0 0 0 0 0 0.5592130045816099 -1.732699842516634 -1.3771865765031441 -76.35452921171087 -62.92247582660343 -2.0532784280335794 52.118239769001995 17.848270580217054 -36.48112937322193 0.35552606062800934 8.381933181317386 -2.2097391547924468 -37.02240299511501 5.220442370743566 0.4724551418456745 -49.37078518247341 3.4668115701466076 -0.4830720261705916 -27.768762114415974 4.397798000396249 -0.28105631450593327 -39.023100362334276 6.014697680765648 1.431097868679027 -55.767648054038666 0.01609854851867125 0.06617194126634847 -71.55491208105553 19.75526318389789 0.04020794623198805 -52.078612637480425 -2.0668603550789153 2.777244054895812 -97.01094750405568 -0.9112856069090387 2.0332252627153315 -57.203394018241084 8.1828440016548 1.2095644793259857 -48.14987762020153 -8.805697942710013 -0.25755350719281284 -57.685470190314966 -0.909232937327801 1.7199614175284503 -65.46146220881111 26.57471272064983 -1.438656562503985 -13.220832414614463 1.621865651557246 0.7229486031237983 5.305113614221402 -4.9110823650748205 0.6355820943708896 0.001987958710622049 -2.1675954067012237 -0.99319168761977 4.669736502290044 -2.1675954067012237 -0.99319168761977 4.669736502290044 0 0 0 0 0 0 0 0 0 0 0 10.631625965813642 45.24805729878657 -43.03353748397307 23.636865724302638 1.2662332150583422 3.6342743475789785 -0.5910097300226037 60.511463489839095 3.890981763855979 -42.77801216679599 -4.111271872203728 -1.6905654584355023 44.22763895233475 -0.7370447147458119 -0.871015963373198 93.48228023526151 -0.05862575613604171 -0.38537872063634776 28.433954734015337 -11.085335796328623 -1.177952731760195 53.16633323787654 0.08777403307691163 0.0909088354701612 98.18166993343019 0.003428867713549717 0.032214252077238374 22.343164452524803 -14.723309095891194 1.096646998072604 44.96289648311762 2.564543668123726 2.5450278697382145 100.00768647477584 0.018889908596206543 0.553477619454323 13.479269341064999 -8.977018704714606 1.4128411271660894 56.8397917265702 2.0092654394577396 1.9682914056573722 100.00122948098948 0.044650838386596184 0.5672033275679492 17.82272745627731 -21.299207101568598 -0.5896395613604026 3.928364205464146 -8.949251341965196 2.3506202958578553 9.4940631514542 -21.997801851272435 -0.22489562829193446 0.02406759201947956
-0.044163822591200906 9.158888223414355 -5.979139778126778 -7.82476513976507 -5.561473519835877 -1.4771824651646337 -7.259044313082216 -3.307682681639533 -4.554585853568867 -0.004174448921539487 16.464656993619474 2.6669590446508074 11.178741894730885 -5.027197380447741 -1.229558881110155 0 0 0 -1.1085136677158736 0.33159560915004627 4.131918112603717 0.003370434696252552 17.33431295087165 0.368794574496305 -3.1322814313351315 -5.285252911257688 -3.135441577019183 0 0 0 1.0984398714808656 1.216662743575878 -0.6255926527882859 1.2147704526185021 0.02598459514430145 0.9802488996356492 0 0 0 0 0 0.4446586568141519 -2.3029561451462652 -1.5331334231759848 -66.8005665961171 -74.29827505599917 -1.1695339310702049 49.28128132286225 15.434796618086416 -40.327303061259265 -0.38759683193877087 9.236578795434284 -2.581792507595407 -43.60495274644785 7.238691497766836 0.21409983476243233 -44.19027027288216 4.977384303767186 -0.578385653101896 -26.85507718822406 3.4314075032568514 -0.06870858456805415 -46.65117864717909 6.879485755021315 0.7284993775012284 -63.02553182876719 0.6988545383158049 0.06057697904480558 -68.66155715833526 15.342150141981417 1.6508285609294122 -59.51974627830029 -2.200511529091501 2.7035952722498466 -97.86315970612313 -0.657600207923694 1.8115638238056297 -48.91794039932375 6.296576809620915 1.7983299560639887 -54.110263026152886 -6.7254484332642654 -0.16416284747509555 -69.73263726977497 -0.7316691036315438 1.6022581902499264 -58.61792425871011 27.985310601132568 -1.6361843740301671 -16.122914527540797 -0.7658585076150745 1.2485032753380862 1.6145705015133875 -6.330142549289036 0.45502382134129177 -0.00421179819097978 -1.9917420194510618 -0.8139318736211796 4.876761223347708 -1.9917420194510618 -0.8139318736211796 4.876761223347708 0 0 0 0 0 0 0 0 0 0 0 10.47512280086515 41.63276851194191 -47.37695358145749 26.761623283933357 0.8810054258424065 1.2845109047565249 -0.28354766616119753 55.217023479197756 1.36528401791293 -38.42078212268032 -1.9281385590289808 -1.4071050197009223 47.23351154116867 -0.6731802736656757 -0.8672050264396899 90.43332592228417 -0.04755879851635506 -0.35582971664371377 26.135588521949366 -10.055075248019376 -1.0144355556684148 58.091456331333454 0.085179949737857 0.09100831356551708 96.40250532890981 0.0033784475350733707 0.03205125799139771 22.226238520151757 -11.752700176041616 1.9841167614258493 52.750847934099994 2.5645665062210896 2.5450257331966872 100.0082482262891 0.027732933390451943 0.6071534951607619 14.80037606549772 -7.469420661675463 1.8106925394283262 62.99960001942104 2.009317518355834 1.9682862799912983 100.00286601503808 0.05848203044873318 0.6215146333487053 19.571443097189263 -20.105956705535142 -0.26094638503464185 1.5810551321159676 -5.582839968400116 1.9005160848672211 6.790438862509296 -18.33421148308854 -0.14024182626132436 0.01048713356216976
-0.0600394837086359 9.156199507801299 -5.98302088978151 -6.803006135362484 -5.638039491098335 -2.1333082844009 -4.639901483999806 -2.7006449787267233 -2.9830265178148743 -0.005661607937590534 16.08113593350661 1.6391886762062438 13.16893030110935 -5.565474795392353 -1.7068619659496576 0 0 0 3.319172612931882 0.14559257575239254 6.125279399525534 0.004781016686150008 17.531561813902396 -1.3448084182057065 -3.242218110140404 -6.243846773972556 -4.039998808315194 0 0 0 1.3265085869022273 0.9392697066821859 -1.1084705179344763 1.5090141099578813 0.04671398677116881 1.5180729246845182 0 0 0 0 0 0.6836391196569227 -4.485553673979532 -2.3162786562681967 -54.0770300766891 -83.7978624955779 -1.1784805821969415 46.97339809648409 12.93866370390706 -44.194862565516566 -0.9511887995677413 10.128516447759974 -2.8534542344834137 -50.19406947322371 9.22537963947994 -0.22523711370462654 -39.02203846958686 6.48627724114901 -0.6977383048585142 -25.944203867552336 2.445384128029678 0.013455559499993714 -54.281729308030286 7.826029704280209 0.14084025668658187 -70.29253105597891 1.3804575313267495 0.02052684499147741 -65.76847563666796 10.7538816039885 2.671833890680658 -67.06885892059601 -2.3330433888683046 2.627969186341351 -98.71514589831497 -0.43854725774803793 1.5556829465649962 -40.63456424040055 4.358783249942981 2.1877893355593634 -60.08853768152747 -4.710470334416194 0.3611997912041683 -81.76868205375875 -0.5694106890647155 1.4642453254960648 -51.77519325739468 29.404224004967965 -1.762011252232945 -19.029223599485245 -3.1829259004997437 1.618868194904963 -2.0953734555310177 -7.749154716521005 0.2743673729785898 -0.005938006530724427 -1.9398223369766834 -0.6179910634629823 5.120446376008596 -1.9398223369766834 -0.6179910634629823 5.120446376008596 0 0 0 0 0 0 0 0 0 0 0 10.624431929905715 31.50588310475717 -49.1418082301026 35.52942398325636 0.033099467594195374 1.948380874253214 0.03385646193619727 44.73035192575512 1.5651796842456127 -36.51970464184326 -1.9044800475444053 -1.5359165494370568 53.71899984797156 -0.18415678863589569 -0.8589450032245133 87.95551889314277 0.010009370353700342 -0.3796701294086154 28.67451255380011 -7.838281757466527 -0.5656695549818906 62.30897723130878 0.16076212070106607 0.09096116252243136 93.80781593087566 -0.007642866275697839 0.03416992099383442 24.811411444552032 -9.551083663151443 2.504728195426635 57.57057921022667 2.5084488887633083 2.5494765841912637 98.64006841530822 0.08526330595386475 0.8543726943747386 20.967741565003408 -6.147961822239948 2.092228734915679 66.94577124232282 1.890291541696726 1.9760414308099619 96.2631685568091 0.053495642443286626 0.7492127947246042 23.985800564397074 -24.95532405857039 -0.9392419553098983 6.4019159747611365 -3.0714098857925154 1.5025841807792975 3.1338576666419984 -14.726255005687797 -0.10206404432368482 0.004407270856087222
-0.11497240166530816 9.128589408720048 -6.0128908641114105 -5.255255846007137 -5.517165357202932 -2.660179513869601 -2.557798035642796 -2.4271426611701687 -1.7082013012211716 -0.005519531711972502 15.714711311587187 0.8282606070726595 16.16336837876906 -6.7628413812926 -1.762577699063198 0 0 0 9.193956102893788 -0.7633358680429915 7.9376649420083485 0.010299224314189226 17.91360260521299 -3.598786749180336 -2.7460506201412893 -7.0169978367386845 -5.796210271268852 0 0 0 1.182396270703654 0.8669275715957917 -1.8468781903937839 1.4036507654735135 0.057043134689684756 2.2789490614682597 0 0 0 0 0 1.8297502252377886 -11.913303846390486 -4.679057060850879 -41.16240631944028 -86.33325645465027 -6.758013876866322 42.6874466289916 11.088084280133222 -46.2265653941753 2.020677931448082 5.755766184823399 -2.0232522745735158 -58.17537974434909 8.109148443813565 -0.5864412635593669 -60.04745808451535 4.330311864785271 -0.5435256311585693 -35.25727642535755 1.2388474350838499 0.11797081721390576 -65.09936517482866 3.887044772105171 0.5330436029481201 -83.06738580100105 0.6833446954162669 -0.013359728408158085 -59.12800084597382 6.304283693121575 3.5415009612847 -81.70551649201703 -2.3383586827200604 2.573393121979046 -97.05638351398315 -0.44126293956989915 1.5632503973688818 -40.84503105595932 2.73714638527499 2.5487268693974157 -72.60267568507614 -3.2781070849921803 1.0349977136167288 -90.89518155457914 -0.5135636814203741 1.4058190626100158 -49.15621759328972 35.78057045083689 -1.5103970958889887 -25.897650022761255 -3.9038119175325083 1.592361135642042 -0.9877470010420495 -6.567945274129996 0.1372142826760187 -0.00155485955584315 -2.065442140858465 -0.5196601896434249 5.386770020441064 -2.065442140858465 -0.5196601896434249 5.386770020441064 0 0 0 0 0 0 0 0 0 0 0 11.350662966332486 18.830019657009796 -46.75084188992403 47.370430794814204 -1.1929380001505647 2.6162822355400355 0.20602158208937024 34.253815977039096 2.107498271679827 -34.686390955998256 -1.8955270247399887 -1.666575116543464 60.204843731316245 0.3040499836973527 -0.8295541229943276 85.477884637859 0.06646508911683748 -0.4060372539832509 31.213420127354027 -5.594602569103391 -0.28142691009386733 66.54047811926986 0.2362689405273588 0.09433568726118355 91.21312842202006 -0.018557402634345334 0.036783536069666896 27.396583432259714 -7.312707691824595 2.8382829626341253 62.40842120075697 2.452240627618061 2.5525874031647513 97.27187994744527 0.16902910425266188 1.0939804959141537 27.135797996159525 -4.810041200193617 2.2821337321927735 70.89800436549386 1.7710126580977914 1.9760213551910897 92.52345453207337 0.058353823407989135 0.8769159588351468 28.40028669426683 -29.845217381696916 -1.2056333659549885 11.263533279991094 -0.5400535626865168 1.2658828199180998 -0.536148335478134 -11.118305170286694 -0.06357932252516918 0.000741960121045062
-0.18864895063488826 9.00583179282405 -5.734368047746974 -2.600440238510744 -4.9619518484695835 -3.1822694569171217 -0.5982038212642514 -2.243988750379501 -0.9174662964937144 -0.008980106666249469 14.788097741131708 0.08223283036767383 19.647546742622694 -9.040525026064673 -1.2554983500007202 0 0 0 13.778684171549253 -2.20363591020178 9.108960131128015 0.011921163476896644 18.331623296606082 -5.357262864899861 -3.8560296548675828 -8.010855908172607 -5.5565395648638995 0 0 0 1.0263273156265227 1.0576244604132146 -2.0531840764961973 1.2412397258451349 0.05996042072897611 2.8564832054570264 0 0 0 0 0 3.57563947846997 -19.97549279724798 -6.915500696546946 -34.63654908246551 -88.0528250418602 -9.474323030692219 39.82660458341825 5.11822657894441 -46.51129046509007 8.277211367537966 4.518047782819691 -1.9940948499765252 -65.85065948787798 4.702909373132854 -0.33239061916294205 -74.82383003413042 2.26558456293916 -0.5048630605803043 -38.22594319666871 0.5448846348265792 0.10110755620232907 -70.82216341012193 1.906908338730125 0.4127412557889176 -90.29794269616951 0.33569664772222324 -0.013456421611297004 -51.98715148894133 7.968939930503911 2.9250759334898064 -86.14745356935266 -2.2727123752161353 2.5463852152864224 -94.54000115232304 -0.5601966116522626 1.7145846042632735 -45.59857393203816 3.126751714011035 2.4012945596724817 -78.14336991902091 -2.6004303663941286 1.456791380955259 -95.23080861300616 -0.48917118243050345 1.3783110012982205 -47.96299645544903 41.72141349823567 -0.6739909703724501 -28.129505090678162 2.1583312698901387 1.4414333777961366 -2.485306579975447 -13.364784876948713 0.06856097500283741 -0.00485154635666285 -2.3255669444994655 -0.5967753037014079 5.486628232476938 -2.3255669444994655 -0.5967753037014079 5.486628232476938 0 0 0 0 0 0 0 0 0 0 0 13.377448982848057 0.9102523583721025 -0.08723523646365983 63.85788205404236 48.33772441456952 10.562150514887295 -18.79930387771569 25.82013208719611 1.1463720848197774 -33.42967728250812 -2.175801039970278 -1.7652636427907726 61.987775607567755 0.2958840257070561 -0.8253099985268706 85.20807113070366 0.0630299750019321 -0.4087340996168806 31.36193066976418 -5.146387958761256 -0.23703452056148605 67.74119851755695 0.21753607740146624 0.0930757157774213 91.94660166254641 -0.015223446057007626 0.03785793372518828 27.903947422221645 -6.820311262177783 2.942903471199094 64.65194971472764 2.4663042277072713 2.551935327025721 97.61404291266822 0.17235555694910878 1.1020269757592576 27.34728817003688 -4.80944435321745 2.2704440307802263 72.23520007181388 1.8008391220406523 1.9767560375717375 93.45871835909531 0.07681345918249119 0.8934126742728217 28.905572908954692 -30.35446228611044 -1.0916968763587303 10.728626417762015 -0.8945594275895102 1.3644000046672253 0.8803611728977236 -11.375830733072927 -0.05563101240643838 0.0007742466990385041
-0.21761909651522213 8.8235499246863 -4.754354826382533 0.06808939459401983 -4.354521868319174 -3.506559142052149 1.7996834356524467 -2.016057323389475 -0.5970166261300461 -0.0064360239386590246 14.54558675016883 -0.8095203251806017 20.79447849578746 -10.774370031293918 -1.8123167797033155 0 0 0 17.441866815891053 -3.51856970224162 9.444176290328448 0.021713018895019334 19.548611103405307 -6.747644918921754 -4.716230149348351 -8.942868123582967 -5.610497045377104 0 0 0 0.7480250373556916 1.2414394056629625 -1.691591840048331 0.9372374358206417 0.04671308964153141 2.973246171810154 0 0 0 0 0 4.246529200913942 -25.292243121704892 -8.864056023284997 -34.257435735026256 -92.8183233385772 -12.748013687560102 33.844980926212145 -2.12590328944017 -45.09854636087447 15.182976726563929 4.46566087140511 -2.1118039958034043 -66.77189592779641 2.6996948225440547 -0.49879553879500416 -82.0305030121517 1.2373771208900577 -0.5233904278723813 -38.69636226556693 -0.799049475360716 0.19002206741299663 -72.0292322176527 0.9339877120275553 0.23166864171001328 -90.67415532861946 0.16217040988925616 0.005344358313428634 -49.7039676215157 13.68664722167659 2.3143541734858424 -82.89500785117806 -2.34730616912174 2.532518052379825 -95.90888187753924 -0.5580654082392948 1.712967473962414 -45.53976472782962 2.9509528111917267 2.3816799557802733 -79.56735475523571 -2.222434205970209 1.6946581005753214 -95.63601834075266 -0.5145594305982003 1.403256971894826 -49.08393878944049 43.279898655609216 -0.3656058320909811 -29.28649063357167 6.626926542205773 1.1940784211462339 -1.8323803212547296 -7.204970339485457 0.03441100870542461 -0.0005812647728165054 -2.618822060573846 -0.8924174802388344 5.2389824515380194 -2.618822060573846 -0.8924174802388344 5.2389824515380194 0 0 0 0 0 0 0 0 0 0 0 13.567928372488618 2.26808844073064 0.6055608513202474 64.70153601787925 38.786260059193154 9.3818369049535 -21.506410939992403 17.36919798020092 0.38009182281720477 -32.045850555869315 -2.4590259082823978 -1.855186668231041 63.77126231270484 0.28769819763709187 -0.8211043557139928 84.93825742753711 0.05958788524031152 -0.41142206134499676 31.510442811734897 -4.697343172890849 -0.20204536516130608 68.94222834950575 0.19878860645116675 0.09205564837199759 92.68007528029783 -0.011880105368507279 0.03890276280459258 28.411311071820066 -6.32414868720814 3.028187852002528 66.89649157108285 2.4803635435244398 2.5511990710749495 97.95620553865838 0.17571171205944916 1.11006120204211 27.558782540548624 -4.809120276208294 2.258743316237498 73.57238463671655 1.8306736099623295 1.977003992948587 94.39398257534009 0.09541795461678888 0.9097459988784442 29.410865327822684 -30.864730892374617 -0.9825229472663104 10.19274757895901 -1.24653650104968 1.471646450149152 2.2962969284451673 -11.633356221381021 -0.04768263332214949 0.0007708079571129625
-0.1998458706621826 8.735065667062258 -4.1229747058762936 2.3958812817392734 -3.9120175513331783 -3.6902781520138164 3.435868191330293 -1.7372506245910255 -0.45015558491179825 -0.0009272750279945162 14.96135966412638 -1.4196869628204625 20.966783380629632 -12.130192850011438 -1.6689621871467248 0 0 0 21.807648238432694 -5.4030542776998 10.433309741088769 0.06152610239592544 22.950915882658766 -8.294343798318183 -9.230774042486189 -7.574513611241145 -3.3146210246208905 0 0 0 0.19121035732312955 1.3794672389121476 -1.457319589751644 0.35308639174423584 0.01718511639517735 2.9935775262063697 0 0 0 0 0 4.588076613322248 -27.595927665149347 -10.161304980663616 -35.43785373092469 -94.78439493166101 -20.91121596464416 23.771998308967376 -11.60784619279656 -40.043638270645985 25.310323299434614 5.395928657539074 -2.2470625614546345 -64.4683010768792 1.7418523029842585 -0.6614647267204973 -87.84366584163992 0.6758782764106 -0.5232226543531583 -37.58553201034205 -1.7029617242183464 0.23368831328513143 -70.28827302452963 0.44197530729602674 0.15551936951992162 -94.79106783715451 0.07732485852544796 0.011425867688057156 -43.99570255056251 16.126369003155492 1.9691040374988402 -74.97177606216054 -2.439941493001766 2.522583268493541 -97.95892220616803 -0.47350689451947664 1.6096012866784544 -42.25306450592952 3.577572202249977 2.2895006169729077 -78.42217919755382 -2.0941481052294497 1.8085572538243364 -97.82073066660517 -0.44343251516275134 1.3264939561873101 -45.74485235582787 37.711622620990084 -1.312655524594266 -30.857143980613152 12.40098047339356 0.48134067198246766 0.6737825034098729 3.216602421721571 6.7688386447598985 1.000008468640013 -2.9029821779519343 -1.3499846883648376 4.764992324098773 -2.9029821779519343 -1.3499846883648376 4.764992324098773 0 0 0 0 0 0 0 0 0 0 0 13.900230309258548 0.9951770466859222 0.9438510343286242 64.48915705456842 32.34110246968192 6.959372465715186 -18.602867521430007 8.902489293333844 -0.1743047888313588 -30.564483711440776 -2.7449279196558547 -1.9362545902318349 65.55526003451106 0.27949265847447624 -0.8169373011438277 84.66844348329646 0.05613883255077472 -0.4141010858023195 31.65895574375479 -4.247664067491596 -0.17647695924740467 70.14349079916057 0.18002960912184884 0.09127565844685312 93.41354922048579 -0.008527644060103683 0.03991794660089943 28.918672754833803 -5.824987201118626 3.093997566684591 69.14184484690902 2.4944182112875875 2.5503790627670067 98.29836675854295 0.1790974956646169 1.118082961337108 27.770274786333903 -4.809070100482217 2.2470384237886134 74.90955848353403 1.8605078798645864 1.9767654346740609 95.329246766796 0.1141658800454267 0.9259147043206812 29.916165309062453 -31.37598294284783 -0.8781296336943829 9.655932815518533 -1.5957734674303823 1.587553072486803 3.7116202747979363 -11.890881990758592 -0.03973435187206935 0.0007316440643753024
-0.18650796723290483 8.7233281347784 -3.857781640584461 4.596532383248577 -3.9570518242732287 -4.1218294277561975 4.1867690750796145 -1.2410670729837265 0.023377456395803933 0.0010446121831577725 15.527877263501404 -1.7133497128739295 20.47669783287752 -12.696430993519916 -1.6996567795115542 0 0 0 25.74126291484523 -8.817329663443209 11.974212735848715 0.09885689972538068 29.657134867661714 -9.253839064850224 -14.499776085026305 -5.172855833524864 1.3011224114165578 0 0 0 -0.6753356601499788 1.8641056163166057 -0.9548676813687729 -0.5256269066632427 -0.016844827551181125 2.6445934151601307 0 0 0 0 0 4.390532091475143 -28.136583249595343 -11.568846523256154 -39.84869907377523 -93.99676232509545 -23.68410459636738 18.073615386318846 -20.139570433427718 -31.704177020026727 34.302925993263585 4.661735313017147 -2.164385676700756 -60.216295633257104 1.29947885110355 -0.7714700722831875 -92.90789960223519 0.402286645423814 -0.5283184034659606 -37.95477446886866 -1.319554526382199 0.1859213038195509 -65.91806938671111 0.19768500796589875 0.1053782789875116 -97.39565519402139 0.03578834750959947 0.016032398527315105 -39.47577961817626 17.35768828816966 1.6103747907911814 -66.59804496218236 -2.4861104547881134 2.5163758831426195 -98.98392893817065 -0.378964647717857 1.4773875243731547 -38.250948164678654 4.274025664486317 2.187841240143831 -74.76608355588198 -2.031654527450614 1.8673194299308977 -98.91304261030284 -0.38312799058869174 1.253977910144908 -42.737992265107906 29.65182472556651 -2.9931708721500683 -31.625042466884885 18.44759131896849 -0.2134059787637299 1.943133185359434 16.83786709894401 16.765378846777928 6.616775910153797 -3.1757363747589316 -1.8691205690555661 4.255054342717521 -3.1757363747589316 -1.8691205690555661 4.255054342717521 0 0 0 0 0 0 0 0 0 0 0 14.320964952181697 -1.1984435709437398 1.706068473597778 64.29568995561176 29.049092478508825 5.557917043918356 -16.322519479355357 0.4239587363487878 -0.504379805953946 -29.0175727970545 -3.0332296735933704 -2.0083863461379026 67.33972200079273 0.2712675777160487 -0.8128089414064159 84.39862957643739 0.05268285052912177 -0.4167711463045423 31.807468221571376 -3.7975482741251367 -0.16034210170604324 71.34491700555496 0.1612621638975969 0.09073586604820597 94.14702329373581 -0.0051663247896900945 0.04090340507204431 29.426034223007797 -5.323599640464391 3.140225448870097 71.38780778111966 2.5084678858277445 2.5494753022619188 98.64052902911526 0.18251288909048788 1.1260921469573415 27.981770892469097 -4.809293107202235 2.2353353340125324 76.24672034734375 1.8903345587072988 1.9760401493874733 96.26451021284674 0.1330557609825196 0.9419174020849481 30.42147536918538 -31.888179013257506 -0.7785342013297071 9.118221711526575 -1.9420608059236824 1.7120453067135533 5.126296812801159 -12.148407401433483 -0.03178632798579151 0.0006567558022886941
-0.16971556123996062 8.73847649199795 -3.747743965889453 6.4585907448176805 -6.340422167537205 -4.195000397734538 4.368948575406708 1.410277854438166 0.24424352191871276 0.0008653601918561743 16.06055836715888 -1.784025722660496 18.782424501660838 -11.32279530773264 -1.9453434793601092 0 0 0 26.882144559047546 -18.176402986547707 12.84620210333335 -0.6456030771379296 49.22162378161033 -7.1051240362024135 -15.335255909647612 -3.541033909069941 -3.762136476609671 0 0 0 -1.8270612371344193 4.549642617652876 0.3083704795378592 -1.6842980079757803 -0.00841095444131009 1.5457855243542609 0 0 0 0 0 3.6142341437540377 -27.98519613842086 -15.224878209571317 -52.91503817132528 -95.27748700505443 -18.187623440977795 19.266164957325245 -25.566935883052306 -23.712037345112986 39.72584359115378 7.042147763636428 -2.078542643767018 -49.53729486697884 -0.6104537572694468 -0.8630194042725227 -84.36940501202773 0.40856211888977795 -0.5285113111530773 -37.086720808349256 -1.2770836811530388 0.16754820756879701 -58.85933426737907 0.07645774917109445 0.07615693849551665 -98.69786184752687 0.013478463379251869 0.023261137002290693 -42.00914165294271 18.276192750135227 1.3662590909848362 -63.68904771908595 -2.5091514327627555 2.5129630516005115 -99.4964295300661 -0.41762567473607654 1.5340596724743956 -39.940919614290706 5.560905248929484 2.032661844377611 -70.84114103488092 -2.0008301033658196 1.8971443888618769 -99.45918794626341 -0.4141048104780805 1.2918543602765276 -44.29508128706412 28.87218621783758 -2.7514129569086365 -28.066320704278077 18.82709292465032 -0.2563894284791581 2.0028082204187143 18.154432563248005 17.149514569518228 6.345023001957165 -3.320611430122153 -2.3561384067484066 3.7390873430713008 -3.320611430122153 -2.3561384067484066 3.7390873430713008 0 0 0 0 0 0 0 0 0 0 0 14.565015497737933 -4.286844741867994 2.858680271157544 64.37485846175424 26.959177190182817 5.0025733493676965 -16.420619307998525 -8.060661923989105 -0.6026792050840075 -27.4388532569254 -3.323651305106706 -2.071509767445162 69.12460029681604 0.2630231581797481 -0.8087193830936926 84.12881491561892 0.049219955650963036 -0.41943226952951834 31.955979471021664 -3.34719347960761 -0.15364885137466106 72.54643392065744 0.14248935814645833 0.09043635787670494 94.88049755988948 -0.0017964106324234658 0.04185906151099088 29.933398449942853 -4.8207657957854355 3.1667960599527287 73.63416788902569 2.5225116268920207 2.548487576081229 98.98268963484479 0.1859578531214403 1.1340886522134201 28.19326450913034 -4.80978886412833 2.2236406681097245 77.58387246313038 1.9201451814577828 1.9748283512967366 97.1997732130447 0.1520861564913958 0.9577528103128896 30.92678885538451 -32.401275631672874 -0.6837533833463926 8.57965415644075 -2.285191570246665 1.8450432453291283 6.540293227270796 -12.40593266965037 -0.02383871825782409 0.0005461446099378123
-0.13279822262305752 8.765303253941251 -3.65309257315094 7.917726435530327 -9.631777288727402 -4.248616726055814 4.390673141305526 4.776234227848815 0.4286546054774963 0.0004400523257947253 16.26281414249815 -1.7879115260249863 18.361746341715058 -8.487387462753498 -2.013838501020025 0 0 0 26.00721417880439 -28.184567748110947 13.129285194255019 -1.406656629128744 65.30711174735623 -5.198504329623961 -15.591062833181308 -1.4883519423709262 -6.385316785593345 0 0 0 -2.9157916124127192 7.896518282686579 1.7340242538188162 -2.7515768847267763 0.055835628028705286 0.078746321192695 0 0 0 0 0 3.250686684725709 -27.569499422159748 -18.340261515610486 -63.27798196024017 -96.46622229050654 -10.439280353892132 21.861834313727364 -29.099577961186732 -16.764540673919115 43.41361114682174 7.687688493430977 -2.3041815234652003 -50.24140654939355 1.071832261961291 -0.8167293861323933 -77.02617230829176 4.221387344450343 -0.9658247765623684 -41.15008231017489 -1.3736190496089888 0.16594513403741398 -54.59952933377919 0.0186717232816955 0.059038744900440476 -96.32198431393144 -0.0008521923071886094 0.030751694244681705 -50.06868648836965 20.243764464849285 0.9662492691216453 -53.9875659028078 -2.520660243108953 2.511179298387589 -99.75267824667623 -0.39296549915178547 1.4984716369701818 -38.875062224367 6.115040065711248 1.8267699393456371 -62.08717927810691 -1.9855246648609346 1.912166724921919 -99.73225827700851 -0.5856268686370215 1.4701671200151172 -52.18117335600906 29.585328542085218 -2.3825165230869207 -25.947896806403534 15.396004157822585 -0.3262141318271451 3.4849002797924222 14.207483387370948 13.711458691959702 3.963963584735001 -3.1974576290027907 -2.8413395974395623 3.0436787574384194 -3.1974576290027907 -2.8413395974395623 3.0436787574384194 0 0 0 0 0 0 0 0 0 0 0 14.356611397811045 -9.032455545666245 6.18498194127228 66.48330441065391 22.34610470544086 5.366607196739247 -23.29104040443014 -16.544742153657175 -0.4669758653426842 -25.862913532040704 -3.615910636473956 -2.1255615041608826 70.90984239513698 0.2547595703448173 -0.8046686794333588 83.8589994252687 0.0457501712791878 -0.4220843754304497 32.10449158084035 -2.896797432843226 -0.15640058724941142 73.74796463820246 0.12371425265235145 0.09037719395741052 95.61397178633615 0.001581833450269232 0.04278483587562669 30.440760949823762 -4.317267038341995 3.1736655768721103 75.88071064542393 2.5365495196172967 2.547416311727054 99.32485004852632 0.1894323105716108 1.142072370413462 28.40476325579917 -4.810558077074188 2.2119608334692824 78.92101524885572 1.9499323869187972 1.9731302550359366 98.13503456357327 0.17125556965145897 0.9734199672806638 31.432111718392903 -32.91522776431161 -0.5938029437678157 8.04026883375933 -2.62496162469357 1.9864617776703086 7.953580107744224 -12.663458948389371 -0.015891687620308414 0.0003998128581594756
-0.1011459778322834 8.824778966035478 -3.601880412852991 9.143417282219144 -13.261261767008666 -4.306849969352927 4.3252445852395125 8.31249744505041 0.5647413383303488 0.0003009056163838884 16.0187931572584 -1.7513228317915253 19.455407658837785 -5.854675349269512 -2.1529841915250585 0 0 0 23.324968110845692 -37.845153246419876 13.595464398226797 -1.8938373233172203 75.96596350468619 -3.9569488719237307 -15.516815156968978 0.6185168585570479 -6.849690932270037 0 0 0 -4.086438010988063 11.5774830056616 2.7232030452058114 -3.8698674767193473 0.14120588635809625 -1.1241355633796373 0 0 0 0 0 2.001727757183144 -28.74834325707059 -20.1017640199773 -66.7269753465464 -95.47224230171796 -3.4341723350819247 24.09696177963635 -30.146634968734688 -11.192821743665718 46.54824176385848 5.482978207768106 -2.0468780727177847 -56.28030766472947 0.9254925181267204 -0.8585034459357543 -84.67810411356375 2.341233024828841 -0.6735814508709319 -54.53810341271256 -1.0176145207192762 0.10022006379741501 -61.14837319122631 -0.011968732398756508 0.0518630541829707 -97.06137567350741 -0.011977255490252848 0.03685618355082495 -60.58866734596773 20.487000762310945 0.9513285527713284 -58.163034358013064 -2.526411572937439 2.510268301159807 -99.88080180943247 -0.5408460241052282 1.6936294940446106 -44.90763799733244 4.256131183441769 2.184830350015322 -68.1276888478532 -1.9778987972370432 1.9197050647345508 -99.86879293828724 -0.8256216832695877 1.6533899861382702 -61.81002489180995 31.52220458944963 -1.999085411935086 -25.44967550122991 14.272362517938914 0.009292227280118935 2.358240487055193 14.005593804222537 13.38994342540945 3.5711701604846815 -2.828324087150833 -3.235296614753576 2.2258385561892347 -2.828324087150833 -3.235296614753576 2.2258385561892347 0 0 0 0 0 0 0 0 0 0 0 13.348293089922333 -13.511901696641228 8.455248260875953 67.98736020811197 19.778213074222005 5.821867113075515 -30.6705265405186 -25.02172926554602 -0.10034352765989843 -24.32426710916218 -3.909722294585864 -2.170487480040823 72.69539497452247 0.24647701604808697 -0.8006568836551946 83.58918462968286 0.042273527447309424 -0.42472749068498256 32.25300734781623 -2.4465578053267123 -0.16859591240237526 74.94943627190413 0.1049399225873977 0.0905583809592612 96.34744611790651 0.004968142832478374 0.04368066479909267 30.948126381322606 -3.813887077674791 3.1608233475666365 78.12722139044695 2.5505804070125726 2.546261082098815 99.66701058957774 0.1929362349583958 1.1500433016062923 28.616259152544934 -4.81159988834925 2.2003022372814742 80.25814586765712 1.9796874872353702 1.9709467163726746 99.07029298871264 0.1905625349366876 0.9889173775072098 31.937441730948667 -33.430002356084394 -0.5086979882835669 7.500106545306606 -2.9611689841678746 2.1362105161880263 9.366132903179334 -12.920983946593479 -0.007945394335307896 0.0002177634259621628
-0.0917639916884898 8.943086924976939 -3.6067344733311093 10.1655693252701 -15.535675237262625 -4.6096990491448695 4.30945231270393 10.318255077769487 0.8605095058337131 0.0002147960234353515 15.200102688499314 -1.7425767115355177 22.235264713422342 -4.459674062116268 -1.6283503040634377 0 0 0 18.37140753552708 -42.783127565472725 15.570114842670035 -1.1021481413521528 77.54213553281302 -2.5972948772518 -13.15422358336888 1.0223729556925238 -5.800576732796171 0 0 0 -5.4667226737978565 13.881286981929108 3.086840179508423 -5.162138650145334 0.21696129072387904 -1.789925435431135 0 0 0 0 0 0.17099640381787073 -29.602052282591405 -19.9577198024752 -65.93858577816557 -94.18544188228336 4.597583549300202 27.4229184379551 -28.294435668166024 -7.636173409480118 48.903367223864514 5.1242731498932566 -2.1184451164913423 -58.70313757023153 0.8903199637527269 -0.8876266984785938 -90.98380529965975 1.289978037495903 -0.6921446088085104 -52.45267294469604 -1.0480417432947342 0.1136037560949258 -64.32377118479857 -0.026712695550597194 0.04804977612847837 -96.70354170468266 -0.011979383374412615 0.03481716157626727 -55.710116944731155 18.1752203062809 1.1704424289153266 -58.53539806880816 -2.5292863809647903 2.509807888871869 -99.94486428377769 -0.49026708890723025 1.6316030829858121 -42.936712928817215 3.835473214609055 2.224450655675455 -71.3106540556247 -1.9740926794576337 1.9234810811387852 -99.9370602956108 -0.7460922901893781 1.5995714898214644 -58.75050579541186 30.349085996052864 -2.164539892871913 -25.184850963713924 13.405710942302774 0.8253330528070658 -1.3525090897956606 19.69492850760588 17.698254808141936 6.581517113975585 -2.1709260175915226 -3.530238310789277 1.3586442297227226 -2.1709260175915226 -3.530238310789277 1.3586442297227226 0 0 0 0 0 0 0 0 0 0 0 11.773527482041032 -17.542905965611283 10.66121420108596 68.46838211636492 22.21215823389391 7.590790558792515 -37.40681340871223 -33.486118290030554 0.4889452930201977 -22.85642365471176 -4.204800325459216 -2.206242490055999 74.4812016225165 0.23817568095354708 -0.7966841557230618 83.3193688818213 0.03879004084860559 -0.4273615886083782 32.401522001582215 -1.9966726184850814 -0.19022873513407226 76.15077819281585 0.086169453530211 0.09097988553528884 97.08092011013501 0.008362252559158725 0.044546468239244796 31.455488259041076 -3.3114091081934647 3.128290196148842 80.37348342315151 2.5646044380901882 2.5450223147302506 100.00916994039282 0.19646957311158772 1.1580012323524065 28.827759850851507 -4.812913579370138 2.1886708593427078 81.59526721527308 2.0094030134073133 1.9682779507839616 100.00554969394483 0.21000552627787425 1.0042438656484316 32.442781287414626 -33.9455471037092 -0.4284529818892483 6.9592072046209 -3.293614775279608 2.294194149991956 10.777928826478679 -13.178509560089584 2.9004836886368037e-15 -3.3504618312973744e-16
-0.09359557220427418 9.14779578637818 -3.6402430899482443 10.384044637635517 -16.859957429768 -4.924587052894837 4.683442739005393 11.214821854020228 1.2150678272062234 -0.0012075511692608782 14.09134537118505 -1.8746798396392657 23.857541896338134 -2.9962849954712216 -1.0240846836343864 0 0 0 10.616597339147889 -43.49605760779321 20.02642907281426 -0.38875512709267823 73.81541119469604 -1.5753337734898638 -12.497038341851193 4.9259144547646 -2.951504361934337 0 0 0 -8.023283953544725 14.87713000442957 2.427406952884643 -7.5697708899463745 0.32867674872376273 -2.1076502534883943 0 0 0 0 0 -1.7045534287501087 -32.33593659652282 -19.19239424896716 -61.3817856613466 -87.52318861527777 13.515180656024182 35.57306340933155 -25.143778239479943 -6.342054752971545 49.51529005530415 -0.42279698773246777 -1.6860880332564636 -51.21769521008157 -2.729834736925692 -1.4517827053483596 -58.13854193725137 -1.5126994602195214 -0.8228918080680683 -27.982784706247156 -2.6461012072060064 0.11669757123320872 -50.827819730306636 -5.016570082573438 -1.0294796260985741 -65.87166594095639 -2.381902344034079 -0.3712170818961474 -30.257746940671794 12.11225097182551 0.6236157342426283 -45.58423958542392 -18.18291475800677 -2.8880680359105604 -61.59005081936892 -8.349198446271876 0.767489847491558 -30.576787402017498 4.762382240049424 1.8490918090803352 -54.871908853162786 -11.56684016176616 -0.4843913669180976 -70.06589748124033 -6.426744366696785 0.3667201094950386 -38.504371218979145 20.038640129586252 -4.731739136995979 -29.313648872221304 6.304551483955607 0.8940139107819558 0.49313748454405343 11.729391697850412 11.199471994237085 2.956790672455974 -1.0760301236930332 -3.7105966512112967 0.4872504837215587 -1.0760301236930332 -3.7105966512112967 0.4872504837215587 0 0 0 0 0 0 0 0 0 0 0 10.113946911935797 -19.885754519389213 11.375934245678934 67.11293863613025 28.626917347504946 8.208655594594942 -50.932107080711056 -16.305075249651036 -4.322141077035195 -24.968068470960624 -4.377917097984374 -2.1566451984568484 67.68975581443728 0.11379477173562791 -0.7237435297372451 70.21915927899249 -0.898805742073057 -0.4149729715973662 28.79984859899761 -2.70852902666378 -0.23812343816729542 70.16530216976608 1.0666488915521606 0.003846134386149588 80.66305543818673 -1.003604735554816 0.000028915719868385093 29.39884802716236 -2.522380245316351 3.041101143962042 72.5229051972294 3.4485700149355423 2.4022212912840395 84.78028754474188 -1.391164237195496 1.1824600119684108 34.24002448924284 -3.587646830565051 2.173451350132024 74.73852038063349 3.038757011383876 1.8067918385714723 83.8411492294651 -0.9546182258668628 0.9698894257502355 33.95190467351657 -32.77120569875809 -0.617357686695442 9.038349287036473 -3.450296095128673 2.1857731749210556 9.728389408067981 -11.359007113121262 2.505716663402153e-15 -2.4919852119524547e-16
-0.09521431073725571 9.306256258412239 -3.6195853562073697 9.0620261681079 -17.159211084207048 -4.782257946512484 5.131288010126582 11.008582051397232 1.1053519385729065 -0.001852675544643873 13.144687356903782 -2.02230945278044 22.073807538292783 -1.1335520571364344 0.28001115243862934 0 0 0 2.384990251690527 -39.580913179209425 25.26264733205702 -0.019580529733015595 65.80367253638629 -0.5646441959839038 -12.567411872124193 5.933239134004937 -1.4884971036898387 0 0 0 -10.667292790821232 14.315532838915859 1.5110435939710445 -10.092672161649293 0.4622617058794003 -2.3589916310559103 0 0 0 0 0 -3.6991826736857276 -35.72535853476984 -17.74748029690529 -54.42810095717538 -73.63256866797089 17.162858577387272 47.32544488360257 -22.900261687527863 -6.9048007477381015 48.235341937116615 -8.0980485392261 -1.2966232623779694 -34.46931843838297 1.7043585354025663 -0.5045171621128659 -42.49115090601827 0.2838623288837037 -0.353982541922856 -17.126448581760688 -0.020932051926815184 0.4429120032905598 -27.506240230450196 -1.3219882611214848 0.38545313402928294 -37.19844649577777 1.214779476152239 0.13847072095427676 -15.516638786777984 23.797542303121315 0.8453414971234736 -26.093709034260183 -8.944591291009022 1.1596031326062994 -31.396678490140168 -3.6999128167110578 0.9778075057692093 -15.939135327823394 13.517136164003842 1.9014884278628377 -30.96595054066098 -5.846319650592489 1.4830797185126974 -39.77275612391253 -1.5695173042849504 0.9084626155408935 -20.168206574909025 7.788346764191285 -8.001025369007886 -30.064971497439732 -4.906179533904107 1.6669852081282102 -0.7282672299467748 -0.946754201240942 5.760681188495343 0.8523206631489003 0.42426259667911814 -3.7480824149097702 -0.2310974744390833 0.42426259667911814 -3.7480824149097702 -0.2310974744390833 0 0 0 0 0 0 0 0 0 0 0 8.301939843234486 -21.40846885038213 10.821425644837792 61.05325946519357 36.07670440008433 10.257432822624198 -57.00098419885156 -3.560574946493397 -7.174923194295071 -28.69375762349529 -9.427749963231783 -1.3068003093134095 43.54419492185157 -0.09087483180118143 -0.35857403859861975 39.4332193302151 -1.4879469229004072 -0.20256187475652346 14.51827755272737 -12.504424773994138 0.6719122083276438 46.04493292669415 0.8046998550540233 0.10998147443288071 45.80174370730418 -1.9487921698775101 0.03394211346744176 14.89952014261285 -15.325517079874325 2.7181182059200646 60.95478952703677 -0.34551163278658154 2.447231343550098 45.80523469874985 -2.1611315957798145 0.7131422960786633 19.814836367136564 -12.82577587613748 2.5891426565338023 50.55824727030661 1.2218310055613688 1.581957861208312 46.80707343297635 -2.0429697721795663 0.580957937939023 17.89878633174093 -34.118190512217694 -0.31449446457962676 5.448259548330733 -8.048117700599141 1.7989987903688107 6.198444475668751 -10.365944041414071 2.289165896716927e-15 -2.0764447040195172e-16
-0.09661430209229112 9.411481329441289 -3.5354317737301018 6.284166524014027 -16.865081836942053 -3.4947621694030975 5.5974356348904974 10.317107837926073 0.03544418207483019 -0.0018217471726096927 12.13510592071612 -2.122043474602914 17.833216976951185 -1.255873742358976 1.8151325151486686 0 0 0 -3.5086067397697023 -33.849130327499964 28.221304458598063 0.14766341659379517 57.71932956478902 0.7504993199119587 -13.810531003917127 3.742238233440704 -0.52733034108764 0 0 0 -12.212260986081164 12.892707817086233 0.40644197874115845 -11.670849512037393 0.54662641055364 -2.5113744832659544 0 0 0 0 0 -5.632657820702803 -37.79020826886463 -15.307294944379677 -47.218233108073626 -60.72078037270534 14.462497852324217 55.686941794420164 -22.42069349575406 -8.477757418741382 45.870211239427334 -10.950848055460833 -0.319386662422668 -26.134249118114262 6.432629118967875 -0.7261096326157194 -39.14275150527686 2.682005757783729 -0.3389672703918256 -13.479174578883551 3.7957097668542414 0.15443421924591083 -16.155586942606533 4.041723471760435 -0.09132657810537317 -37.60200274873072 4.142300471859055 -0.035330383020478674 -11.56174971474215 35.82841574995032 -0.42741812600493706 -13.861616590988604 -3.1653250629121903 1.2956500315724162 -15.852540883053107 -1.0749136349646786 0.6308991267156248 -8.096116176448099 19.996070619237905 0.5961785903093019 -18.43890380555626 0.6576908124359919 1.2810185221991883 -35.18574018094529 1.4498741012472691 0.6171674442149159 -12.28914126788786 1.3073601554343035 -9.540504794169657 -29.46214500864936 -13.580032416798915 2.0890621150767776 -3.2590616031272024 -11.38075605801873 2.9190569007298164 0.16284189425450551 2.1848907645637774 -3.623351465554118 -0.799597058873158 2.1848907645637774 -3.623351465554118 -0.799597058873158 0 0 0 0 0 0 0 0 0 0 0 6.5136977907137785 -20.213946872580216 8.742337382205655 53.92179513663222 38.46651063677334 10.200368026196838 -58.70582826292802 2.309787516629923 -8.871328308308662 -28.550740941823292 -9.407038731561075 -1.4170451098035046 38.966230345983924 -1.7921422658211694 -0.25508260817445266 36.453202545152266 -2.1026222947875772 -0.21186586722159864 13.283444898728106 -13.72228137410992 0.3773777505030736 41.629939136406996 -0.42234071582291793 0.2959120308949966 40.51625157092954 -2.2327934818650226 0.013909762923935505 12.983060736562475 -17.175739312387446 2.49170238404478 56.281280752643454 -1.2196626128013661 2.2392471050745497 38.49540912178686 -2.4113052323664235 0.5951706026844188 16.58056636569935 -14.059663586195132 2.2361513089859364 45.6042480825369 0.3354863326344995 1.5541338442031574 40.12762207144256 -2.4002283970925875 0.49557188830357435 15.216861214246753 -33.72966406560692 -0.3541482038537558 5.855835802321324 -8.043524524242587 1.662768881355838 5.297092388991331 -11.661955151322898 2.5716316114531777e-15 -2.6262162755423287e-16
-0.10438998541637044 9.46997691366634 -3.479042043124767 2.8176057684076303 -16.126350094607513 -2.040801350234748 5.186343937380007 8.959191281305602 -1.1175638401642862 0.0019448176198021074 10.757736882360112 -1.888275036055166 11.563576712469755 0.2338121114940877 2.544183757879625 0 0 0 -10.813231202778383 -26.14942520052928 29.982095527847758 0.2761119305280557 51.04626531401788 3.1439219514068806 -14.927722772348018 0.37201278899046153 -0.7478574529519676 0 0 0 -12.160012265918883 11.268993294456322 -0.3434293234088788 -11.75833620761192 0.5038712039781434 -2.3566406266793916 0 0 0 0 0 -6.444036478933694 -37.3582388884238 -13.027584674144803 -43.200422719251456 -52.989968123190714 10.187559004619885 59.01085141979354 -23.809704417024918 -10.617896056905685 42.69944941055312 -12.27429734881736 0.36555684583086573 -18.595298073035067 7.560054611579737 -0.935956194386879 -40.115651369595014 4.16670971973303 -0.3931746810583178 -11.30514963985413 4.62031187053583 -0.1879284296218065 -8.712618888886798 6.36461546020782 -0.313975095587412 -38.86383822438947 6.094182556753782 -0.21234633163327035 -9.226410085632251 44.17813819447136 -2.068793848472674 -7.6281185800237346 0.6026654715747417 0.7878696475875765 -7.974220106039652 -1.0308038598205713 0.3474282389788261 -4.1216393175962684 22.830997154345905 -0.594714449522604 -10.525740856113265 3.8747491880936122 0.9818925562464041 -35.739299549275934 3.0162045284272314 0.320855256057591 -8.65872864035165 -2.195819594806475 -9.436689644898314 -26.581505748376724 -19.5144630181035 2.2570481131956126 -3.930728237373064 -24.211679136556377 1.4686693219389466 -0.08271160297185566 4.136955436387719 -3.2616712948465274 -1.2835668198353447 4.136955436387719 -3.2616712948465274 -1.2835668198353447 0 0 0 0 0 0 0 0 0 0 0 4.676025164521994 -17.353622011003445 6.394028313452903 47.54210688006988 42.23849236252936 9.799899382166748 -57.614920910508054 8.205769166801828 -10.573314272182682 -28.58422805810363 -9.37759079930348 -1.5252854087862313 34.38800263810151 -3.4964808362521804 -0.24020717094595515 33.47144150397338 -2.716955284355104 -0.2344132265199148 12.04878196887155 -14.913831090177554 -0.009956052974714679 37.2222782163774 -1.6613062966606955 0.36798473434038453 35.22793070710124 -2.5159661380249894 -0.015608750024798057 11.066725382331615 -19.00096590523362 2.1156018171371933 51.61849534670075 -2.0600897686917325 1.9218605602090508 31.190815097483974 -2.654419275850942 0.4632745812654901 13.346908762622762 -15.258145199073372 1.7781207900064604 40.66021891218003 -0.5415738814228995 1.4234516609515697 33.449636088615044 -2.7530956341543487 0.3935653717506163 12.535556254617077 -33.34142302325504 -0.3965637893522026 6.263136428012584 -8.036788160333506 1.5266280170961521 4.3957891839229095 -12.957966886570835 2.8527816699155058e-15 -3.2397343793560504e-16
-0.11458234770136298 9.471160229147074 -3.4503363012258372 -1.001592503448392 -15.472153364754634 -0.14315223330766502 4.607022272788826 7.59916354754896 -2.761157856264887 0.004516020693707464 9.495255139954597 -1.5703177585949664 6.5491628206050185 2.3047655500788817 2.659927543097049 0 0 0 -16.37515858478735 -19.50094456617353 30.132873682010082 0.22939887874965464 47.35478845730876 5.230542203887164 -9.547185388219923 -1.3127619540670827 -1.778051059135169 0 0 0 -11.257019019735985 9.817359861656584 -1.2128081260136803 -11.07432741466134 0.46637110673688364 -2.348679803077371 0 0 0 0 0 -7.319420122150586 -35.07053633760231 -11.511087410913646 -42.23912299218432 -47.19133109001297 5.513827014444047 60.06018722732047 -27.274853738381896 -12.748996708725961 39.59753387538191 -13.76769063361762 0.8716508174898314 -13.53401219523064 7.2729463728348716 -0.9656279537794287 -39.59628844135734 5.213027451104452 -0.46265306712254806 -10.39947317126675 4.06063189365847 -0.3270280047796157 -3.0993707036034945 6.475524686064861 -0.33680035519844054 -34.91575794634637 7.414281170750256 -0.31363851695962236 -4.944360535025361 50.686562266981596 -3.3487984803148114 -10.228167716048297 2.261839007096241 0.36276353552548335 -4.71289253078231 -1.4591316971877721 0.2675286763236067 -3.173024651332114 23.383383903074638 -1.2910084826193964 -6.400166402545783 3.0086074533340046 0.7829049142951411 -30.489924943700654 2.742228921166161 0.120929389451873 -5.3222155181431825 -4.452766959696525 -9.06858389317163 -24.14698092858525 -21.765542701118658 2.44056392378645 -2.5928636294025282 -31.234671907370604 0.7317970791701341 -0.08641644066786433 5.644022287662419 -2.881170409834353 -1.6142895343052794 5.644022287662419 -2.881170409834353 -1.6142895343052794 0 0 0 0 0 0 0 0 0 0 0 2.588391830879098 -15.41813729967671 5.231732120052086 43.57731442705384 47.00988267332645 9.53122236949782 -55.67090909385856 14.13814631264806 -12.26284185414329 -28.79662419427952 -9.339591999682744 -1.6308305316494018 29.80948340198077 -5.1992903070405685 -0.3140010560321615 30.490552451988638 -3.3306611167599134 -0.27019093194606747 10.814428393734431 -16.072130352751998 -0.48763027376880225 32.82346604703141 -2.901642642863227 0.3255520196547375 29.93927655994443 -2.7979933779728157 -0.054579689726426656 9.150558160596248 -20.789113688337597 1.5927222079183405 46.97121976485196 -2.853171662403764 1.500310761506363 23.893047471093208 -2.8897023358629275 0.31787690046590533 10.113892955056626 -16.41241087623016 1.2186857901970156 35.72798303728004 -1.397421959360881 1.1917206411097394 26.77490667499048 -3.1008005643204877 0.275165820601574 9.854958900198108 -32.95349497794357 -0.4417370957007062 6.670142072688381 -8.027911455904231 1.3906097858695499 3.49452442737974 -14.253976987478705 3.1324719944716086e-15 -3.9166852674587597e-16
-0.1304915771814419 9.453446459533026 -3.477261598712868 -4.50138249090372 -15.633293662200368 1.5212024437968794 2.647856741485103 6.224850666154631 -4.782342465949826 0.010583513919041039 8.253991865360954 -0.808218147144257 4.746192807593008 3.2279608521737067 1.7393970540484827 0 0 0 -18.799255757118132 -15.82404535603931 29.434921870947644 0.16578204968566504 43.776254208796985 6.523609557575434 -3.5528045147420055 1.3450837394602315 -4.384996244096053 0 0 0 -10.158500639278785 9.018141747829281 -2.099453388552872 -10.20337956585116 0.44501208270109266 -2.4706379843741346 0 0 0 0 0 -8.380395045056275 -29.069286353944637 -9.668485625254343 -44.02378210957546 -48.425716114403166 4.712112140930087 58.8669201567152 -31.384079186240715 -14.81421382076846 36.765165569466895 -13.457616737866251 1.0199204215611897 -12.494160539067874 7.731477081362682 -0.7880043431168889 -26.133966086906987 3.6622871682127753 -0.3723709812729055 -6.253747024947074 3.4022525066460947 -0.3361277834117658 -1.1717001009506294 5.733389874069649 -0.3898522500689861 -22.900088674821365 5.0809563036450545 -0.2858949491058452 -2.589797259246251 51.45546093433892 -3.8533011051071884 -7.66839384982737 2.6603817817004964 0.12128237228225827 -2.789892126330361 -1.9273331039704527 0.2120102493370771 -2.0026275913747416 22.08101176952551 -1.6124540182779012 -2.7653789794796166 2.2951046948888085 0.47900583923246687 -21.20213723512941 1.145526415712419 0.03973698656481443 -2.768715399472807 -2.1850015999238726 -9.016122376229692 -25.58647383692668 -22.758047371273022 2.3000694189355197 -4.361704125469658 -28.7303500926052 0.3668428686524263 -0.035210005470604024 6.64987725157637 -2.6014363732879944 -1.8194053982393021 6.64987725157637 -2.6014363732879944 -1.8194053982393021 0 0 0 0 0 0 0 0 0 0 0 0.4338828146476745 -14.202504927248194 4.662292183863133 40.88368306260655 48.56897454765431 6.824835049764263 -53.38879582008551 20.1174084980429 -13.921651479869995 -29.189199214262867 -9.293283218846163 -1.7330065975508755 25.230653320867965 -6.89598353464798 -0.4762001881954801 27.51312619359683 -3.9434560620305104 -0.3191782850567569 9.580524809271127 -17.190519586957482 -1.0526406721898132 28.434657462831343 -4.132779120509092 0.1689952133973511 24.652819923432084 -3.0785600807041695 -0.1029585270622547 7.234603227323166 -22.528620290463543 0.9270474898776949 42.3435565861559 -3.586137859525295 0.9815280481169407 16.603088174184577 -3.116408417008759 0.15944298117398473 6.881535793794914 -17.514119761385047 0.5622390863795028 30.80880737871254 -2.220458892049306 0.8621414653914724 20.104957793805028 -3.4425852347588504 0.14063687118220938 7.1751509654979655 -32.56589322921976 -0.4896638231058413 7.076835840101305 -8.01689596991779 1.254748091816148 2.593288023488275 -15.549989173154623 3.4105598345200065e-15 -4.656722726987307e-16
-0.14876205966531897 9.39731434706585 -3.5901161653399805 -7.178644359128335 -16.166713869014718 2.62208810345831 0.8525923947817873 5.094075477846662 -6.357005787714435 0.009410080327965 7.555382222627711 -0.13734345353049413 4.702491152037855 3.3147635353223834 0.462211049797852 0 0 0 -16.90610697680763 -15.001560871149895 28.27994760572389 0.07245153722505102 40.01246787394917 6.324766589317357 2.2795589647175682 -0.7579740172004469 -9.009728484011655 0 0 0 -8.68830075237245 8.5470014054553 -2.4581096410136136 -8.931105250728198 0.3807134104118501 -2.4072409079908583 0 0 0 0 0 -9.222037785087444 -23.930526766914817 -8.086079223405637 -45.85697564755032 -52.57916545490237 3.9332361500692694 54.147858493811626 -35.188947180052814 -16.907827522119387 33.857038965186234 -10.939610122421229 0.8432574228282895 -10.981388068206584 6.51298307684963 -0.7170518166518816 -15.74163841955133 2.3100869635653134 -0.2562753151532481 -3.6819177957943867 1.6985729990872962 -0.19439460036562362 0.5980791823262168 4.65347276257204 -0.37817079005615223 -14.434125610347914 3.1302125469523636 -0.1992587642939915 -1.3296431362718217 49.0174998198659 -3.9818643799269 -5.710701545186414 1.9277439317195444 0.03469100982671938 -1.7347760413262783 -1.9499958043970778 0.17522086553479033 -1.367434181517009 18.942765440862516 -1.5971697438294976 -0.015091375247418208 1.9622512641384733 0.31390801998842954 -14.881201628291755 -0.04708735547197419 0.03710682953422291 -1.387316181325185 2.3323655788430777 -8.249391921747902 -26.66697020443294 -20.448465234363148 2.264799368373341 -3.795506523352087 -22.50389448809514 0.1843789536745939 -0.0076287329936280315 7.390600720234895 -2.3753574374652384 -1.8783354275470974 7.390600720234895 -2.3753574374652384 -1.8783354275470974 0 0 0 0 0 0 0 0 0 0 0 -0.8455275964761004 -14.067411256623167 5.1249849550724464 41.92388949734385 48.29476048942665 2.0202160730493026 -49.55756329726332 26.153330789804638 -15.531338464086446 -29.761890037261463 -9.238958455513599 -1.8311612133396036 20.6514915747939 -8.58202651074166 -0.7262268224606995 24.54169088052134 -4.5550578285373655 -0.3813470578711681 8.347207405477803 -18.262664676407102 -1.7014715382763526 24.05658375512409 -5.344254301715711 -0.1002812621192523 19.370948008828584 -3.3573532341282166 -0.160690029172474 5.31890462233168 -24.208560106150568 0.12356060575678102 37.73874189825372 -4.247269097933873 0.37400038947831227 9.321182783445948 -3.3338194501674594 -0.011520395607084932 3.649842815839433 -18.555443635923858 -0.18612665080399496 25.903335757709378 -2.999585534270107 0.4392518472519543 13.440911518758575 -3.77770523421872 -0.009722300752600083 4.4962004743507 -32.17864042178006 -0.5403393121037519 7.483198895753898 -8.003744771382904 1.1190764095700154 1.6920695525322555 -16.845999520488043 3.686902629035053e-15 -5.459467843247529e-16
-0.17176030874183554 9.19452530514279 -4.432383651322245 -9.001871772795768 -16.818346388025077 3.080207347918521 -0.37161220583570054 4.459415867673891 -7.130724141238337 0.004881926065025694 7.510831148961615 0.31455008231054843 7.0133167700439785 2.602624557162947 -0.10625034726806361 0 0 0 -11.983955052009952 -16.350642042394497 27.312392494819903 -0.008932909618722477 37.28940400603618 4.807337610414975 3.3772803951116606 1.1679546548791062 -11.273700064921309 0 0 0 -7.158676327617745 8.32091193529907 -2.6135392925482 -7.521731675387351 0.3104807082507624 -2.3151114793576326 0 0 0 0 0 -10.037239421338633 -19.07621246962177 -6.827287395536758 -48.728993233856 -53.260274672689555 0.9390958336648341 48.63852298797014 -37.559034510690886 -17.703078165561806 32.52674730249607 -6.276669076073664 0.053143641818862365 -13.933057640360145 5.206327429266368 -0.6000484234931979 -15.455560521654405 1.3440966276605981 -0.16188452993739105 -2.7647833177907217 2.2435881984095305 -0.2657694033127293 -0.3084833456469107 4.362989945998606 -0.3173072646102421 -10.420102269415585 1.7977224691783067 -0.11962490048735758 -0.7859641146004338 44.93512028736573 -3.6372540382935963 -6.482341318064541 1.4109324965111503 0.01408422707143108 -1.4286555907415845 -2.0585556259254534 0.16745834750852323 -1.1809556693594625 15.604684302932188 -1.1502650072574594 -1.7550194052411514 2.6625641678019845 0.20083042441380622 -10.757704049090343 -0.788342936403294 0.06238846765166596 -0.94243896785825 6.979361466702772 -6.8737046277211045 -25.772405597354517 -17.11066790458302 2.176093334653424 -3.228852610832397 -19.01548433458513 0.09230562428099179 -0.0010070524533203433 7.915365563672173 -2.1412034474014585 -1.7663667939926937 7.915365563672173 -2.1412034474014585 -1.7663667939926937 0 0 0 0 0 0 0 0 0 0 0 -4.0712947476108425 16.192990518681146 -39.18502201065294 35.632803730437985 -1.8705887096838787 -17.853115238394277 0.35809027062067544 26.704710260542985 -13.538955242165324 -30.399341753478474 -11.374124776854392 -2.4716151683754446 27.6808135494003 -7.090849220418476 -0.6856818755566634 39.02764788540483 -3.3878229277234633 -0.34901554022430165 16.909842879601015 -17.674679813751002 -1.8035025373361109 29.51035253208728 -5.866984722745167 -0.29567862741407047 38.52585915304298 -2.573882952766584 -0.031903685194691396 17.04799291469851 -20.306953023150346 0.24398712742636994 36.34882015419807 -2.572936433286485 1.3612056675170352 28.632139977751454 -7.556131566532315 -0.23971696717168978 24.986714924930617 -17.420008313542084 -0.019117166233047274 30.830662665369815 -6.1922367909235065 0.1821456171340317 32.405357157172354 -3.922718792255031 0.4367062200705181 20.605382443786247 -30.175356037387786 -0.6325571491942648 7.400630555285612 -8.539634765927794 1.4575505245021085 4.009158556010317 -14.126869990202833 3.1051097563389913e-15 -3.8474967239411505e-16
-0.19161241571619025 8.965904039567153 -5.947380704794609 -8.500975045947722 -18.154336220087018 1.9368670552570146 -0.05315154494151384 5.922910012083524 -6.385588596941347 0.003033406146841506 7.886331059177515 0.13588683848075708 15.67949617061591 0.9308445068837055 0.23509504238045273 0 0 0 -3.4714136760493814 -24.540934731049592 27.807171266599894 0.16502688189768067 41.96769880513897 1.8333433110126336 0.6912459647815871 3.1819567288413455 -14.28261307079008 0 0 0 -5.4052131535713075 9.85810600868288 -1.814804183216354 -5.581755806359043 0.20739666577423305 -1.8527881949185274 0 0 0 0 0 -10.806619570023507 -16.606918861733465 -6.270018008863634 -51.44186143766975 -53.6064120212589 -2.0478336285290752 42.473837576783254 -38.94661906902896 -17.680233338646556 32.08411212490786 -1.6446869307138856 -0.7937843010290354 -18.595087710201014 4.7401969942207645 -0.7347958845366478 -38.768103436535135 0.5301217420722752 -0.24634879367448864 -27.573093749991365 3.258579888694557 -0.4698714820734749 -9.696889204060072 2.8945003425993505 0.3304588972902602 -47.45547613526024 0.6636581461546501 0.2607500684223609 -28.737277701881393 37.91492175654213 -2.3141510231081837 -12.795264916807193 2.6312832775765 0.4098441937628387 -18.155925291318948 -1.756378443042835 1.4472483566331016 -50.579421288319374 12.648839323407682 -0.3783860524282427 -9.162029680713648 2.437747957181452 1.0682961195758789 -42.90952559197164 -0.9227427431518447 1.1920013799342657 -43.64212697838467 9.686373310689623 -5.2127079166208805 -21.59920189277117 -6.57781297053289 1.765842135623865 -0.9727055987771519 6.534597105120857 15.373456411714352 5.341167268623209 8.08779962512644 -1.9736671702049426 -1.523687455187813 8.08779962512644 -1.9736671702049426 -1.523687455187813 0 0 0 0 0 0 0 0 0 0 0 -4.399467198936063 10.355159713830341 -42.60789524763675 40.38817220559514 -1.8299484335572072 -12.958599139119658 0.3164206494213456 26.625776941859282 -10.080585626150862 -30.71542966160498 -11.748930014669947 -2.80280175561198 41.38348868148002 -3.1654190453838593 -0.26791928203096277 50.96755709073558 -1.5567203348722516 -0.26821701216831284 21.47734796409635 -15.246881572713153 -1.405284439448814 40.116732468979436 -3.1723568421292505 0.3596426907089677 58.40441699576516 -1.2490048200616835 0.08386347380231576 23.620232734789283 -13.685499539770204 1.33453643116191 40.790158418544856 -0.581079489923006 2.513617458259074 58.52222314975965 -3.636131568801549 0.9837956842562858 33.40814217019635 -13.748569597404414 0.9265773192524926 41.33843407529048 -3.1519118217669955 1.7501542380564281 57.51976495526924 -1.8890981231171005 0.8636610880129832 27.35565857236435 -28.336699604387164 -0.6204152284901839 6.30646652899328 -9.357950869011576 2.478397897050312 10.368295835434346 -12.793819016111316 2.8172500404554892e-15 -3.15851322081305e-16
-0.17894684578595846 8.788292866789158 -6.3280888261496955 -6.3914707143255765 -18.832162030620516 0.5522925884654825 0.34796713675723057 7.323251595571163 -5.4919462607489375 0.003691293483733061 8.968246861797741 -0.09102403158587785 23.23193191257562 -0.911633610679848 0.259801849836809 0 0 0 5.082047674070341 -32.81225580553688 25.04886730595882 0.32828289732338506 49.341204200801336 -0.39928909482405944 -4.27579919982186 4.3857056870060775 -15.424057914801383 0 0 0 -3.335730146012877 11.5497365294559 -1.002062511731298 -3.3294085500192 0.12151812105952153 -1.384544744606518 0 0 0 0 0 -11.37172677383028 -16.03750959547246 -6.2007200379001395 -53.186643560622684 -54.30454440290071 -4.486922864717435 36.56174211368387 -39.12177877367157 -18.294639614110817 30.014565573233185 -0.004239330079898517 -0.8903586227364503 -18.962526913477088 2.780086931416416 -0.315717994079004 -68.384649108204 0.3400033182753295 -0.4106773114360416 -35.67397038183604 4.343494267581817 -0.5822056323167786 -12.613700310431241 1.3917970409349558 0.5302262420780823 -73.72978549412562 0.3308569338624582 0.13858401971632403 -28.241537966764522 27.050675116510615 -0.30183695376619485 -20.558806031299348 0.44232936589676414 2.4224685475979677 -59.04547975780485 -1.025354061830469 1.4501310842710926 -42.5916208296416 12.2482622703531 -0.17274512398973654 -15.52919393580704 0.3433051902659099 2.0582995009027774 -71.445769500117 -0.5294292993231727 1.0618225431422819 -36.233088857302434 22.361938469455943 -2.2828760369906043 -16.394507425092385 5.553951825776871 0.8751537774999263 1.2165710846407465 16.34812123241171 18.969880592642273 7.656407510808441 7.725863958086666 -1.9338656499144646 -1.1046739645894108 7.725863958086666 -1.9338656499144646 -1.1046739645894108 0 0 0 0 0 0 0 0 0 0 0 -3.937749213642078 -0.5630868077678597 -45.95792719694299 52.43842496808409 -1.7785004131773166 -7.277086944806109 0.2743684495093942 27.2710493071886 -6.46748173508536 -28.67677771234515 -6.646942796539108 -2.0739102284883315 42.905969885618994 -1.9763429919048883 -0.4283958574992736 63.8310668446127 -0.40317527181526613 -0.2586226027266621 22.43457782721398 -13.06943352027322 -1.1541782162448206 48.86730384463259 -1.4791151581061683 0.432653293296407 72.30941544115635 -0.4740499196416158 0.10009227769971724 27.629430384096644 -12.117565113241348 1.9155971801095164 53.332914279328286 0.9888753953657579 2.8168935833227597 79.26534551824342 -1.700502308044514 1.088085934494405 32.146879999618804 -12.22220220299846 1.3468955201631316 53.97496433894405 -0.6430417115571072 2.2995554601070722 77.12556429511224 -0.8488406975675653 0.935871979725974 29.333871467372603 -23.670686972686124 -0.4266344467537952 3.04380628067814 -14.546938752591089 3.716346081517629 14.965461802987019 -14.707605482465878 3.2299975750498624e-15 -4.1685550069144817e-16
-0.15795523493866667 8.73180775999008 -6.458151679891395 -3.615987109938578 -19.219737671980113 -0.7759993877974435 0.2066566931077566 8.435110510880987 -4.803383373555656 0.0022111159813377377 10.278330637116092 -0.12206156042782539 25.6493279523857 -1.7870472579192769 0.10522330183281343 0 0 0 12.589084327755055 -38.677834637650164 20.12637229767678 0.34949595054702337 57.1308027522115 -1.5773837508150286 -9.436365442443906 4.945831722727501 -13.440102542259348 0 0 0 -2.2009560985723735 12.83708673079461 -0.1566384262492809 -2.0621700766374134 0.06984174979822565 -1.1983671519794263 0 0 0 0 0 -11.781522452692256 -13.660107001904036 -5.459674624527868 -54.99615994323444 -56.82611563444318 -4.0647900266443395 34.47226691788456 -37.711509590620864 -19.123961562979577 27.01304745243786 2.9150045206692123 -1.403731385480379 -22.926876523259626 1.7973216413687099 -0.48640287645153213 -84.19497420163643 0.19344336087962818 -0.39864654027030977 -30.84398938787153 6.631516758766913 -0.9386734791706736 -18.723293740559782 0.6458734229287285 0.369862568361344 -86.86657673911927 0.16470157826503554 0.07687800434364837 -27.187177231273942 17.82612291479532 1.3145289828773659 -29.535315135764826 -1.0370343560058048 2.734337771882627 -79.52628215941411 -0.5131225056507079 1.1655155582130843 -31.025486928024083 11.955106141077254 0.23641584955259515 -26.634536768593136 -0.8217292053389856 2.1375960871458815 -85.72650546741566 -0.30475366751463584 0.9110462468338236 -30.036496986182964 32.27288660882041 -0.93515919716369 -13.300972813398062 14.775664678545848 0.8309435186672335 -1.3437850153578081 18.905396808349455 18.95417071361991 7.46575696249115 6.79813506492186 -1.978031267557424 -0.5521108194758478 6.79813506492186 -1.978031267557424 -0.5521108194758478 0 0 0 0 0 0 0 0 0 0 0 -3.1226086484562092 -17.466628374337454 -47.45334238189609 70.11320378288673 -1.7319801853036603 -1.9376135070961247 0.23765300463205657 29.595828202392532 -2.4679802656215046 -25.81172236414208 -3.7766520595842796 -1.7271429819839017 42.32620437440248 -1.4224147144295216 -0.5963665907745437 76.36334387824623 -0.17607813744268944 -0.31118281400450015 25.299157703327804 -12.307150590107248 -1.2266141365314274 50.22601230022028 -0.6796571934592058 0.3426547306443715 84.11457657991406 -0.2311989683610053 0.08091213533826434 30.87861379276455 -13.597206934426543 1.6567675363747894 55.957778993915184 1.7891356126644993 2.752385031988949 89.63877891536202 -0.7765436597083605 1.0398068483407026 28.972147791370052 -12.217271138952636 1.2546493505635758 57.56644054220988 0.6998579060834016 2.26666653695241 88.56811300336878 -0.33519914365776843 0.9411446325990818 29.802544392606805 -20.34257329357936 0.06501846563389412 -0.6473380727991037 -16.22188774070446 3.6311068864012106 13.981694281259031 -20.330732034547722 4.4201906676116696e-15 -7.925597755355755e-16
-0.12069276932342855 8.724433108501302 -6.56476131302543 -0.7059754147957145 -18.888830153980386 -3.425867223900242 0.9858504827092284 8.73680472331219 -2.7626344853672675 0.006367820276833688 11.626396156005887 -0.5588825486584342 22.162798426455822 -0.21728687430556723 -1.1471642380574922 0 0 0 13.227376824659755 -39.72418756024769 15.454087013649 0.22441052378568702 63.328328063643035 -1.7843991039948872 -11.478311299271938 4.924995817115877 -10.419207508542822 0 0 0 -1.298273106080045 13.667107151069626 2.240879476286983 -0.9712947051949892 0.036226862199106744 -0.9778456138907096 0 0 0 0 0 -12.038681721470313 -12.284915272942072 -4.9403501724737815 -55.556000548358476 -63.78441186436299 1.6517386346823175 37.45492777331009 -33.07859141105009 -18.836307961830173 25.555407740699177 3.306171440137255 -1.5274735532941013 -28.827779478264883 1.3328407546546703 -0.6713257856271531 -92.09873410529664 0.10768285953214575 -0.35525853107703087 -25.92820642568422 8.120217827684018 -1.1667007347665914 -28.872025798221642 0.29155609624204054 0.226815806821467 -93.43381520644557 0.08077556855270332 0.04832478138627006 -27.487519168416465 12.94807282536369 2.123524494115277 -40.49919403646565 -1.7947234003593082 2.6887599005021765 -89.76880641078307 -0.3241186808584552 1.0909759471838494 -28.124332051400636 10.910336173678374 0.9166002171846072 -41.72094469566786 -1.4025939096821776 2.0682321262711207 -92.86667880037487 -0.23369906119507183 0.9038067257692605 -29.678046082013758 35.458711081338954 -0.5800195925434551 -11.489812272378083 19.72303644400978 1.7636500993170263 -5.594607298681886 20.60772303597428 19.240142423728447 7.632749565152622 5.478746772784984 -2.0804802784583014 0.0642379995062413 5.478746772784984 -2.0804802784583014 0.0642379995062413 0 0 0 0 0 0 0 0 0 0 0 -2.370665134132438 -24.930106879754153 -44.953619117730334 79.76725440240595 -1.72530901385216 -1.4123318031234715 0.2300412648065881 39.67925120690685 -1.7432101519560448 -21.649346189419095 -4.598465733212547 -1.801014904455646 41.39101266564271 -1.254630080622538 -0.6473426029092018 82.8559589939847 -0.13358618944769238 -0.30395612961038315 23.952915410071633 -10.610048031582823 -1.2036495045872102 47.06436050724714 -0.4616180849973093 0.2948982946185522 88.47812174499741 -0.16873618495568884 0.05993045192356899 27.087781388166277 -12.093048269689353 1.417769011189114 50.763595865720774 2.0056979647844484 2.7094548538251315 92.48761187279658 -0.571327053644912 0.8859779174441291 24.73799489789974 -10.480540259232779 1.0648418999877631 52.7509627157613 1.0651211906762095 2.210838993191018 91.7104412202562 -0.25258686099924066 0.792507466925576 25.35777084442926 -17.8558214840438 -0.5785911028571956 3.3766185836028453 -17.09122748486544 2.8218275369976737 10.32200889908137 -26.629482415247608 5.5530916688399416e-15 -1.980173783691247e-15
-0.04426699785277055 8.783357860956022 -6.564594516159459 1.1690200501570451 -16.88836288384954 -5.063689625462029 1.744473621481249 7.193596686314363 -1.564454618465809 0.010536967135126446 13.756883063819469 -0.9404257302368135 17.811397187686005 1.624956332588146 -2.029754479612269 0 0 0 13.779985563141638 -36.965483661600075 11.183135612107685 0.034893967732126524 71.96894249395234 -1.4318412619166379 -11.349156770988953 -1.1658548967429907 -8.83793666899509 0 0 0 -0.7800194651442083 13.424719422850409 3.6538458409144527 -0.4951685083070289 0.019834951454706994 -0.5699214842248358 0 0 0 0 0 -12.129228189389869 -13.105384929198154 -4.936781383266033 -53.23054891874545 -68.64353749670624 7.8097086426927005 41.06642699967907 -24.2842358372799 -18.220424451235605 24.10745568051119 4.096159452693606 -1.6046956012373632 -29.67038085217299 -5.102882845481049 -1.2363261339596134 -75.97605027197396 -1.940514646144812 -0.26397090990923877 -17.447105483570468 8.173580849347205 -1.0691391542586466 -37.660622013051494 0.12112380129416409 0.1403112889597584 -96.71704926158031 0.03916078645560661 0.03312902733223768 -26.90070276361161 10.53492765147664 2.2020245023050307 -46.688384696992685 -2.1674705515734214 2.6155207296876357 -94.88933812948355 -0.1870169066117403 0.932369227995337 -23.530167476628932 9.950654784704485 1.2539122605742672 -50.621887634872216 -1.6886460739134082 2.006585699603741 -96.43625413972796 -0.16603218433481837 0.828002493872817 -26.965250365291233 35.322448724713276 -0.49157671972962086 -9.432650234474863 24.44273725477906 3.9558322904255903 -12.361764745171971 22.660306255671493 20.170192987692186 8.499346197083236 3.7248008581782566 -2.311662379939099 0.8756556408660134 3.7248008581782566 -2.311662379939099 0.8756556408660134 0 0 0 0 0 0 0 0 0 0 0 -2.061136559549999 -13.766036372481354 -42.35032873010076 76.79140319711867 -1.702454590529439 -1.0244200978373503 0.226536894584546 49.78653383567328 -1.7591044883665203 -17.425193915136038 -5.419000797647803 -1.8882760994380525 40.45693122712905 -1.0936839113905026 -0.7169626970494183 89.34847850290713 -0.09127578164131545 -0.29573316293203666 22.6066785664428 -8.91683734023784 -1.087165080432931 43.90484446867949 -0.2478454280077697 0.2306915164984834 92.84143452471956 -0.10502289190116512 0.04312436440788007 23.29692680866602 -10.573532003829033 1.315938934630693 45.565307293704876 2.2198483219673113 2.6558269074037355 95.33614967080233 -0.3553194665028144 0.7477190970063964 20.503474922122017 -8.734069589422996 1.0215303605198922 47.93212779366886 1.4267570134736332 2.1350900137500544 94.85221264532608 -0.1587057980979168 0.6507189606923831 20.9129289753578 -15.4198083411565 -1.3944849282774465 7.3697727376257465 -17.90658671131377 1.958903133911813 6.6772472335382 -32.92823171913534 6.5488569255807825e-15 -3.284912385450402e-15
-0.013468499212106036 8.896678826876975 -6.396609459537895 2.171294566125287 -12.71458273323663 -6.0839473778377835 1.0466854765461924 3.405887452460348 -1.2605724348632077 0.0010835764503880506 16.12847776010007 -0.7457993517254707 16.371774367689007 2.3116474267315335 -2.4032003686134797 0 0 0 13.237895821203866 -27.495136556447715 8.635058543721929 -0.0240571780882947 76.15183997912408 -1.183025130211317 -8.480190521871544 -6.56704164006553 -8.623352519349105 0 0 0 -0.2611170782355483 10.906258988325831 3.9717831878115875 -0.13235389781126056 0.01490920422632819 0.28425182373880303 0 0 0 0 0 -11.85124248852959 -13.598074259612636 -4.307770179328342 -47.00393532401952 -72.24358296454704 12.02687947138237 43.621053312408364 -18.470596777278057 -18.914962952085467 21.911524951931806 4.3027552840214085 -1.6236961899318612 -30.5018175508633 -2.685557084070423 -1.1318100185026487 -80.36801350444037 -0.8167498173331939 -0.6499203640888259 -34.418260026440166 10.012057822762415 -1.249271213712812 -38.99575963347988 0.03783630292470029 0.09343303386187131 -98.35856176848928 0.015064386434982173 0.032819817813794776 -35.27579400641891 14.430485993458236 1.4641559702525548 -47.56870626497507 -2.351006690747837 2.5665024280258955 -97.44926965134772 -0.1289784326692258 0.8677277025367033 -21.716657882058975 11.847760173565838 1.0244225528289757 -54.622619175385914 -1.8300884146485703 1.9691155702531866 -98.22086123075388 -0.13530498924822287 0.7933605752150071 -25.761435267033594 37.8132567576582 -0.33519291190690886 -8.868148309532545 23.621820986637925 4.4210126999305155 -14.249530076544033 18.76935183266087 17.221752028891608 6.005184557046801 1.7044227725275958 -2.6651366715921236 1.913134240196402 1.7044227725275958 -2.6651366715921236 1.913134240196402 0 0 0 0 0 0 0 0 0 0 0 -1.8895412721563463 5.817790838267394 -42.78992620806131 66.51613289865875 -1.5731437135321642 0.36514241034135286 0.2063213527082446 60.27953640972954 0.3577865237435371 -21.376750446777525 -5.147530491191799 -1.8559003703489145 39.8224117376133 0.2444792101381421 -0.7690742736538216 83.9902188496858 -0.07910387894066911 -0.4185700684941042 32.18526213409702 -7.556561220285338 -0.9437159063173078 39.75985349204382 -0.07652537478824739 0.16599235859034986 96.4208326226919 -0.04758377992253025 0.04815729494989326 28.641599406882705 -8.013121808335736 0.980531761678185 34.82704775800967 2.39336106648395 2.6039362399613095 97.67279448989075 -0.04066320034793636 1.089588634005916 27.815365422104655 -8.123718428860801 0.9002488235185223 40.43697848704586 1.7199646397365203 2.0582315820780384 97.42916041158443 0.10074220257310065 1.020979695767788 32.827466041355535 -14.1529027305529 -2.4877614867564812 12.380733190603804 -15.510775590291567 1.289545810938836 3.7653128398761004 -25.956276384507152 5.4227336394973645e-15 -1.915040835947129e-15
-0.0007354808141747185 9.060071676304666 -6.174135673066877 2.894249858745974 -9.094076957522118 -7.35719609435644 0.023047548516384367 0.12121232266577948 -0.5058218336831983 -0.004033106166918977 17.678799584780542 -0.4248555126713876 16.373615461365883 2.7986683958900187 -2.6825391501230422 0 0 0 15.614357820585125 -18.98092226817625 6.813327761958837 -0.037886578708946905 74.39054909596454 -1.6721132924786346 -7.214140363533427 -10.190888294446923 -10.552461121278034 0 0 0 0.3872660316758594 8.283231920577913 4.633699781491553 0.4076594974511001 0.024359995473246403 0.96930020181001 0 0 0 0 0 -9.423225621023544 -12.474670150722888 -2.703657880859621 -34.25038031610929 -56.32742637020145 18.588541070246208 57.82159300382773 -10.548876649790506 -11.70870331161922 30.106727213237836 0.08776502748580002 -1.136359815729187 -24.34852622730517 1.492498745934497 -0.4683942440646999 -64.08236171995608 3.141786866485184 -0.4499892279386423 -27.161504828878446 8.427281945586948 -1.1505087020301554 -30.11117988456616 0.9024328193079968 0.18474573139982817 -75.30886424745066 2.9152218646703156 -0.12617203873808833 -34.58128629894429 18.39302953564325 0.8754604247435966 -42.194145987376906 -5.887869174850016 2.1389081836270165 -81.75273053177486 4.202841918634072 0.6289400780493833 -25.275363475405534 12.008240961837325 0.5881348659158077 -40.386468314701254 -0.716426926514018 1.952099932052652 -79.54150834338233 1.7310696914382893 0.6827617614705811 -24.489108122743644 37.55749271315711 -0.38501687251546174 -9.712141084282178 16.681981200715857 2.416338110733515 -8.370139336190048 13.960122998907517 13.274756431620895 3.5673278430578033 0.1183347894693544 -2.997041833506421 2.775725519007203 0.1183347894693544 -2.997041833506421 2.775725519007203 0 0 0 0 0 0 0 0 0 0 0 -2.0808331243646987 25.760158289656367 -44.08478270442494 51.58477001380295 -0.689987003672948 2.125428864544829 -0.10899262380828346 66.69014047016336 3.2553630210832334 -25.681409345791778 1.4286645904296018 -1.4320903701717775 27.48533483887623 -0.42097944054491054 -0.2525196879456341 47.445191431894315 -0.32494818327849584 -0.20016629117240828 16.629652815517986 -5.828726336743299 -0.948612005256301 23.857593492350407 1.5699059364161614 -0.4312279577321656 55.02191497220342 0.1456335906790754 0.011221162112157243 14.780460144086643 -20.06249889710986 0.5220164354557234 23.704453018875263 1.1477457767300465 1.7081060549445162 50.42215105392301 -0.11670607350219073 0.5688138372479293 14.49472094334316 -12.261347132690362 0.5189189769540208 25.210052686369185 2.3792114256373655 0.9321017479962079 54.50956789446353 0.5516648628159845 0.5083353336441215 17.579933641829378 -10.931737291755939 -3.6714668654395144 16.08292666883083 -6.248769504730223 0.8142159954800308 -1.331478665604068 -10.683920604258383 -2.3202792988423315 0.12320276592584205
0.010087930959636036 9.27938948290077 -5.945710795363289 3.520820716769978 -6.789545703956734 -8.598581248827937 -0.10476265031543605 -1.9394322320487705 0.3977310244927861 -0.0018856288225261517 18.486347498902006 -0.44308617226558894 16.53585667112056 1.465755077353432 -3.3948349053717615 0 0 0 17.137293247450405 -13.193156879391681 5.411945889896947 -0.14913277925151244 68.48930062306422 -2.736645024963437 -6.137989116533164 -12.599969276051661 -8.727900106805977 0 0 0 0.7945848227209555 6.511579528351404 5.036960739890901 0.7623383336782138 0.03248885040504127 1.4504982674557418 0 0 0 0 0 -6.414707858404543 -3.8958509716022522 -0.4938986430228563 -21.261283152980067 -35.313006943378944 7.4589802100929745 74.38299214173873 -20.383162421055257 -14.961421525377085 30.142101868606286 1.4815572449859433 -1.1736212663676495 -23.05544181673828 1.8348552224084729 -0.27927198629485944 -52.77227718633798 1.9811604060622614 -0.5050835028251688 -23.554354074084742 7.483674865349649 -1.1285293954003557 -26.70016360893859 1.297871727236569 0.3075355198640337 -62.48527069991427 1.9120303559875642 -0.25031287526739127 -29.850411427263264 25.85898973052039 2.542903294592019 -31.657685151747923 -6.0802796031576625 1.8133202745903712 -69.43126733555198 2.8276067235311264 0.6313859139491607 -24.145394195576426 11.699546843961945 0.3020232924517468 -33.88352576120091 0.11030514202661527 1.9912222990320279 -67.47363011416861 0.8437723881146587 0.5364057499044194 -21.520168903327786 39.92619844797846 0.028846247966279867 -5.155677500935288 13.421642360658645 1.6450988640097566 -4.9207148089664825 11.702466946938019 11.283427500439451 2.731512714802925 -1.0147405872276203 -3.444138667778395 3.548302763652506 -1.0147405872276203 -3.444138667778395 3.548302763652506 0 0 0 0 0 0 0 0 0 0 0 -2.9840928608694934 47.090379811826644 -45.57807628257698 29.334413974873662 1.293843144058688 5.245707004687088 -1.4307110302305281 68.61260386607191 8.039137492116566 -30.935197887938514 7.81690890912168 -0.5209545638617071 19.09973952975303 -3.4572823542622695 0.130802278308915 27.71728035867185 -0.9591279262422362 -0.10835221122430648 8.418333297420928 -8.811550483222538 -0.8408176612488969 11.506981138085127 -0.7926886586129465 0.14497626926037335 33.838945424093524 -0.7934449083046133 0.014611730801804017 7.420957806317264 -34.57297945054468 -1.0918741732995523 20.196517041717453 -0.7860002750789751 1.1971856597971524 25.94360106282557 -0.46802515407984246 0.31339259978752526 8.021774964476172 -19.654501749047117 -0.2161108593978489 15.641277098685705 0.9051774685110093 0.928507314030715 34.073092676251285 0.24661269012509793 0.28575596903516004 9.130933587176617 -6.205639323641317 -4.613779426110165 17.07802195813346 5.657175704244732 1.7073406270725782 -0.2571422946712806 3.139503891457262 -9.5245390415788 -1.5547920569991645
0.021651782419051212 9.487993796859927 -5.810187134843127 4.100508538740617 -5.497501827889442 -9.734964671548106 -0.6116721219121508 -2.985777162350865 0.8497968776242125 -0.001219167088365763 18.710405950220768 -0.3096115407450345 15.136520853824718 0.18902221296202326 -3.426153509194089 0 0 0 15.749664299987717 -8.88202010780864 2.797037292409712 -0.16448216372617783 59.638367401567685 -3.4629026562537017 -8.254112321803037 -20.48239679958698 -4.410564023759901 0 0 0 1.0231233016810275 5.325188492589586 5.596582264859889 0.9994376682993403 0.03611676873249374 1.6293460033358405 0 0 0 0 0 -3.8371485602827735 1.7846497516199327 0.1451487054091562 -13.808457099103018 -28.59092754963366 0.9197126217433899 83.5784387432995 -30.38602031951873 -18.15962487341704 30.76192397878515 2.8741808274187495 -1.24230629625837 -21.763621045845436 2.2076501493147354 -0.16096634609752541 -41.46138994400832 0.8193636066272965 -0.4870438167817957 -19.94681572532643 6.5430627084137125 -1.0504631826755633 -23.290028116774625 1.7107040027239442 0.339493204176066 -49.66104533174765 0.9020115842152918 -0.291277313168314 -25.118060411422718 33.50918858670582 2.8066573202188554 -20.986708111449197 -6.337733220663937 1.53626544135018 -57.11069505671307 1.452683032743241 0.6609465049709609 -23.015802935114273 11.360440412168943 0.05271638128745074 -27.37923503969237 0.9269289074673186 1.8567415654052821 -55.40678036398143 -0.049898076610266906 0.4362161130969734 -18.54937591931573 42.32031794864035 0.25292536777608454 -0.5859628107863987 10.121738352519623 1.0724245153576581 -1.4339970424067323 9.488749460884959 9.261760194155903 1.9810890684452822 -2.004828346861285 -3.9594635112322023 4.299123060283641 -2.004828346861285 -3.9594635112322023 4.299123060283641 0 0 0 0 0 0 0 0 0 0 0 -4.184879604193507 62.960454387823496 -43.29298205335711 5.843348842716302 0.9270094451104022 7.979334702711692 -1.880821169580018 67.62492424783315 11.744302468481123 -36.827740275739764 11.539955024566142 0.32645658079478534 13.707700731174867 -4.7056516715117445 -0.09458550310360313 18.52519211508844 -1.3393867324991577 -0.11420770876164871 5.2262288557079355 -10.476179431233529 -1.0244962025786064 4.279425921031104 -3.5978533739760983 -0.0071333213547897425 30.113371443218092 -1.3317675927125725 -0.030788063006224543 3.736811822296589 -45.63469784265444 -2.450040262282484 18.516303863821623 0.4330552380403131 0.8430071333293755 19.490777180373353 -1.7143237308856616 0.21695746205523497 7.280251652653388 -24.860990370643815 -1.126740820116362 10.736141879706999 -0.6559822218862952 0.7494841578695194 23.09708013164748 -0.21623358545284418 0.14721352367239107 4.6807869657580765 -3.7230053591688104 -4.803037279649389 16.42252405047973 13.970275633959345 2.208268504021388 0.7109221490595256 16.335277199375092 -17.69489054375999 -6.662592038694367
0.036014098456271605 9.590535554837926 -5.739996710035358 4.569065694812494 -4.795358411462715 -10.233231244916865 -0.8906611628452702 -3.296505302398399 0.5754145033354423 -0.000254037825841806 18.315506490415157 -0.21174492362834663 15.294619346419086 -0.5335237113374663 -2.827600121973513 0 0 0 12.847652020091607 -5.752147376084929 -0.16068100740569885 -0.07292721352931283 51.122507255047005 -3.4373133887270577 -12.026306520841475 -27.28042413640188 -2.7347641656497026 0 0 0 0.9194054318749286 4.3442868091913605 5.892415343601006 0.9711123349066157 0.030910606222650683 1.5955427768206647 0 0 0 0 0 -1.425074211695999 4.962415039290545 0.3898254089386925 -11.773010910436009 -30.06357808333491 -0.40068854970763285 87.79409011912372 -40.6224823889029 -21.203761855755523 31.97982115721988 4.2649482660951445 -1.3423402371851454 -20.473807376353076 2.5964065115800263 -0.11807704555717266 -30.150019219989222 -0.33898763326414255 -0.3959492177117926 -16.340412604885273 5.6087896085177285 -0.9166086492783474 -19.881741073821452 2.120331527635607 0.27902262806982736 -36.8369388586158 -0.1079434771935159 -0.24877321329551996 -20.385721590721705 41.07390090024569 1.65289373710487 -10.3785072274532 -6.648364602701211 1.3205031358283936 -44.79033845976261 0.07859683531256266 0.7175936318531838 -21.887238721695823 10.995274398465288 -0.15656839441740014 -20.873563743237483 1.6972980079930027 1.5546388236903599 -43.34441770965723 -0.9475513464609766 0.38248575040785954 -15.577409594857702 44.724696924946535 0.2854071448067918 3.989160806024032 6.793556845148604 0.70227516972334 2.0794358358426583 7.3132496383745265 7.213304507532435 1.3137640417773295 -2.9093951320882696 -4.371191865638532 4.871385505300587 -2.9093951320882696 -4.371191865638532 4.871385505300587 0 0 0 0 0 0 0 0 0 0 0 -9.382059551540902 66.3454241096852 -41.986822885487385 -6.2193405963602215 0.6477072940444353 8.204459874990171 -2.110438553527668 65.56901087102935 11.384871386445086 -40.38898673736536 12.912262728177154 0.8412756534302285 10.364176504426633 -6.38351897316726 -0.4975658981809728 20.63965582671308 -0.832702732917302 -0.0891600180688183 3.6449754216634096 -11.336178514150664 -1.1944189373543943 0.1582533007291891 -6.210014506423025 -0.2492288392405663 30.38387603400922 -2.014970918195654 -0.0842770075171707 1.8698470261510953 -51.4666792134998 -3.2660886279407624 16.54837878562784 0.5540254025507325 0.6807838547942048 15.698253593890556 -1.911780378850521 0.15951600578404646 6.261810361478327 -27.81672156038444 -1.798663091893981 6.906284596746661 -2.4145742754126025 0.5611606650809167 18.5848156708595 -0.8235053368032886 0.051185988062347455 2.409465158658417 -1.3453449717691237 -5.328524934970739 16.934664968334438 20.36293316774688 2.4526998531479594 2.404272820497971 20.671913223347616 -19.548038514198012 -8.078434919094137
0.040101058974704396 9.592551339879114 -5.7177026392005885 4.738334467493688 -4.475171033224576 -10.476631705159013 -1.1386735325234179 -3.254719304449183 0.40232610934706403 0.00042523451919868874 17.729063075348442 -0.1088298729440457 15.23324676221546 -2.34065224727726 -2.2848826756294955 0 0 0 8.719492120273355 -3.878752811952481 -3.273541987483798 0.024780737188041548 44.68384510475914 -2.6442918796053694 -14.53169631827192 -30.291682403985458 -1.4874512582270079 0 0 0 0.5230818779885429 3.6529106228983483 5.983916969543289 0.664188423019887 0.020437573946413747 1.5984257711670202 0 0 0 0 0 0.8163533713820965 7.261849281246828 1.0376081266217827 -16.772774533198298 -35.84954101527541 1.3196874587862584 88.35798035814518 -51.14660568685359 -23.99156290427677 33.79565396363741 5.653179622937497 -1.4736147283309249 -19.186739551992744 2.986023879162158 -0.1522719763809288 -18.838621308984727 -1.4893016017817657 -0.23219838591736416 -12.736628738274076 4.6841645622842165 -0.7274770611235846 -16.476225586478318 2.5063169073728226 0.12914388543511715 -24.013672404950633 -1.1109445741181438 -0.12310367571488888 -15.654890152263066 48.29668774709683 -0.8589848682614332 -0.01495081166287817 -6.997869577952315 1.1759714521753322 -32.4698559258996 -1.294129606055179 0.8012730482689077 -20.760337674906268 10.608743000722995 -0.3231272369682918 -14.36660506008198 2.3874044076691354 1.098329454241145 -31.289007891003703 -1.8467797656194296 0.375372006169649 -12.604977979817129 47.123997405912256 0.12602752385824878 8.56160290087945 3.4491298131300474 0.5372624960033093 5.60823896816399 5.170289429143815 5.141424130492891 0.7275643057361985 -3.633910743717863 -4.66754064117748 5.233571228419287 -3.633910743717863 -4.66754064117748 5.233571228419287 0 0 0 0 0 0 0 0 0 0 0 -13.140445568046868 64.5574224461404 -41.52123999392329 -11.239876350853454 0.8154605393365932 5.573452980083469 -2.3665833291103606 65.93002613327042 7.693220842894264 -39.93460657708236 14.347373274822711 1.2030681699665282 9.614804966388268 -8.027363330710866 -0.5686660204030554 15.71605869498993 -1.3454489258313211 -0.10144178242652636 2.037632476536999 -11.528158529944738 -1.280078496090203 -1.584867275978725 -6.522093771519153 -0.29712525949323965 24.200005890344684 -2.3135609814557303 -0.11719944444032213 0.9365418738527475 -54.81293710213736 -3.76273774560819 16.056535554640067 0.09581456919723928 0.36154373542247836 7.850987077793263 -1.2424788643966524 0.10032329719552767 4.295048821194052 -29.069150893699888 -2.1833686949030495 5.2808582516115745 -2.965441693419981 0.4380099704115597 16.807391235080615 -0.94397751816434 0.0038848635265131518 1.3448577120156382 0.09828691684606154 -6.208047782356676 18.882349695783088 24.408153512090962 2.4257360886154915 4.3890666557587075 20.928579992470123 -19.151904598147226 -7.592271167929901
0.038323209539610825 9.573135354011246 -5.7260825512682025 4.60293440398821 -4.515423073713805 -10.672665942128509 -1.2284208206547427 -2.9150148080259193 0.33660886034452875 0.0006285848206816826 16.67041769939891 -0.06551923023524546 14.166070745484877 -3.6312921002329692 -1.7803892542608097 0 0 0 6.405048847770217 -2.8253074742971154 -5.291101397819549 0.03555318420724902 38.57715062328324 -2.2831655610053327 -15.566805767562265 -28.181915692471996 -0.32547653004135274 0 0 0 -0.015477907914379899 3.0908179658899946 6.02248114917194 0.256977848388686 0.008300493305835007 1.5698450655030585 0 0 0 0 0 3.4032158310803817 7.516609998643694 1.726947912816361 -24.287944962063772 -63.3627682437584 7.468658630299643 79.97949249474843 -53.74847688290094 -41.67225415780543 28.380320361765193 6.014883562214968 -1.518921375644056 -18.71829768161986 3.0749869559950773 -0.212389634262843 -11.99793729349468 -2.6739292539865533 -0.06500223725406237 -8.572328690283552 3.0723425432563247 -0.4715360766914172 -14.968512076193884 1.88350269662454 -0.015958825580998245 -15.614357700078894 -2.192743803770227 -0.006267633224675734 -11.037454957550244 33.50462204959284 -1.0238655899945361 -1.115569802003178 -13.378941601223591 0.46412726225830436 -18.8748659270882 -2.3019844308933117 0.6433827096244825 -15.299084205807262 6.831382210306343 -0.024226173112274346 -12.209983701267637 -1.2864979239737018 0.47308850337004593 -20.415159295140754 -2.1994730454755866 0.33688461344124965 -9.309421542022948 54.28747359479979 -0.2007467274021073 8.004278596919308 -0.1857643414974146 0.7322552194834993 7.836784717746403 3.658810318563196 3.652559435383803 0.3844504691445135 -4.0741233072153085 -4.807402599466096 5.39632506475446 -4.0741233072153085 -4.807402599466096 5.39632506475446 0 0 0 0 0 0 0 0 0 0 0 -14.34092268237702 63.30661972909996 -41.94548110507581 -11.440748403011694 0.5317016805735127 1.2684640887518321 -1.6804086604937627 67.43587010544957 2.2160254823633054 -37.27261708682318 14.386356697503741 1.34478889288113 7.727496950558014 -7.980576048037437 -0.5891886382938065 10.97463105387991 -1.4519389558622473 -0.10873568968174643 1.5409658067137397 -10.485010789653366 -1.212908604146018 -3.5943401067037124 -6.713487365020295 -0.3342481418846392 18.77694803764459 -1.9748578346470764 -0.10746183712401702 0.7131668649953035 -55.48433777093611 -4.064531536821602 13.552020365533096 -0.031056974405484435 0.19867927527766793 4.369678530197895 -0.5562673704971768 0.062357151482569734 2.601254658550833 -28.568743029391225 -2.3986487422434477 2.1669986226662092 -3.8680080479385706 0.3226839880045668 15.066049621339952 -0.5930133347793144 -0.005668728517608244 0.6912990380302898 1.803760280913068 -7.534727337407423 21.75834135903246 25.0388752543415 2.234976903264471 6.024783500568897 19.084112034152742 -17.54759666886368 -6.201408844895928
0.03311215569637154 9.53620079936155 -5.751180366508731 4.398801702063246 -4.894008820231899 -10.982991610317011 -1.3475519445104613 -2.334580065226492 0.4889516738077379 0.0007579139282719927 15.506953566594992 -0.023218617515864123 13.99060493683213 -5.363219095172071 -1.6128993515983756 0 0 0 6.392310650967018 -2.000775632659525 -5.718810361910414 0.00042485013149779854 33.49558109213092 -2.60967918063988 -14.507002124231658 -24.30151651911703 -0.6643387016404678 0 0 0 -0.5148223796743225 2.4998878060057406 5.523633656032141 -0.0290013277068141 -0.006234965126707261 2.330647904350471 0 0 0 0 0 4.381618788546822 6.502204425909254 2.5401099878216775 -40.65204562112401 -81.03063495226068 0.228865680192797 63.63094618699353 -48.801308940408795 -51.87111361192565 21.893178147917236 -3.4869010188563596 -0.7714366119954615 -10.107270495759602 0.501870330465927 -0.1549101464270056 -8.324625160376858 -1.7714146253680343 0.025060216660321905 -4.494621590417474 -3.6549992140895564 -0.20076645769857857 -5.238113869220826 -0.2872462845555484 -0.04705155097461691 -9.654826001745372 -2.1176761587706974 0.06080508347867015 -5.519864844412701 21.537269546929537 -0.9288535647261581 -0.19911286684864918 -8.903290883450126 0.723616467411392 -9.61054542904979 -2.8331229890292207 0.38294474402356043 -7.7429613200424745 7.726657463783412 -0.3791097481268898 -2.446592281786741 -1.9653390821494408 0.2727360330714822 -11.010635908835523 -2.5714683826819904 0.2282381782508294 -4.658113742213211 45.89250568277147 0.6749797087635886 -10.587150627135378 -0.7870253446547608 0.7114681833918142 9.031534469656153 4.828975059815223 4.796819210416297 0.4920896160541357 -4.332438208603434 -4.789030317873692 5.463999567400037 -4.332438208603434 -4.789030317873692 5.463999567400037 0 0 0 0 0 0 0 0 0 0 0 -13.476309221915255 62.29471370641896 -46.925775431542554 -9.210095860058418 1.1159083217702297 -3.152883370147945 -1.479777173978082 68.30433722214816 -3.407825742480525 -33.865987355887384 11.36137691724438 1.0566587847757352 6.577797623276185 -8.083236684173034 -0.5918714976691859 7.809543726949958 -1.829005984528604 -0.1283867864021408 1.006523875710445 -8.61400752944133 -1.0238112599723632 -4.845755987781282 -7.0982287904848596 -0.36736525544424675 14.808256506792771 -2.032944088126803 -0.11560157708345783 0.35766633293100614 -52.11847736955377 -4.040621585861758 11.698975705218029 -2.266120288153887 0.039182493800603915 3.227089333578054 -0.09653246850083301 0.06445997058070184 1.9278622931588378 -26.812773832266053 -2.4012862280633347 0.08774631231278557 -4.269066615473585 0.20653100035040056 12.401450143225176 -0.6875821771325242 -0.021970869811322843 0.366952414115755 -0.4401789378972584 -9.494940049520157 29.001798602276985 23.002819929693462 1.8354525552968122 9.157086567367793 11.144355675903169 -10.834095825033385 -2.716810943789994
0.018462438066844652 9.42471520330589 -5.93983463382519 4.217914092921801 -5.324511088098703 -11.215623818724517 -1.2370945309077266 -1.7655094328207837 0.6422127717101703 0.00001538755638409813 14.567439610861591 -0.06613544912937984 14.36167492666634 -5.650664408316975 -2.0406433882315778 0 0 0 9.48131274412876 -1.3441978120657025 -5.029683310545207 -0.04164579978685423 30.36110691108512 -3.9507545261295096 -15.913757376701641 -19.217314516093317 -2.647009541282321 0 0 0 -0.8932831981491867 2.025775897160516 5.292436140165874 -0.21219651857196573 -0.016712067411023216 2.9874550179937405 0 0 0 0 0 6.617994955890409 5.650725167504848 3.420192830448217 -57.00630118368505 -85.21632987842449 -0.2311170193947735 56.139613287545686 -38.71970187184388 -52.322175506918626 12.365844725214059 -2.9216825537123485 -0.5801424888861654 -8.28842143794686 1.8337141461344664 -0.20823737154160243 -7.576474315046582 -0.9018202737583169 0.011474691201900476 -3.44236578998039 -1.8916996410827458 -0.12156275751339288 -2.449761685047598 0.3166340567569266 -0.04578705175854041 -8.332589424092195 -1.4783509829834638 0.06305010927339627 -4.004438531736811 22.26407959079783 -1.2578948974288509 -0.26552151696288206 -6.382091451834884 0.6723141499262275 -7.0870710527078 -2.6864319495798408 0.32331202854221724 -5.708991735669747 9.978758145632094 -0.5908188987842434 -0.4332792796933473 -0.9419588268613696 0.25179645462194133 -8.899693151248764 -2.0961974868081836 0.19138106914198608 -3.3792057456547533 41.20700141599702 0.30414326875645226 -17.417860289144517 -2.349684252907158 0.9976680580736907 7.799462049000952 -1.3605818867008288 3.504908644963244 0.16896649413376777 -4.521182478834913 -4.638115264399985 5.44897920279612 -4.521182478834913 -4.638115264399985 5.44897920279612 0 0 0 0 0 0 0 0 0 0 0 -10.1830421641038 59.12848790427775 -52.41951900437076 -3.1565814889734076 2.802966244107378 -6.5185769965963765 -1.2752404971910982 67.72619888385445 -7.822928352839846 -30.86086177248629 8.777671846499427 0.7794983609757947 5.495978483060265 -7.902991802986906 -0.5852440502420158 6.368176369669612 -1.9876400614650904 -0.1383577957198302 0.7862715673787165 -7.891772872679303 -0.9424351790835657 -6.144002526152457 -5.943607666514036 -0.3474441674862663 11.988329335291299 -1.8739861939767917 -0.10894636537918889 0.1795482588999216 -48.33369096574867 -4.168549626961135 6.944561905210417 -0.14279166843086946 0.06515071392300117 1.953522317648887 0.7889137333790809 0.07988695228297067 1.1375796033970944 -23.783858605945817 -2.284048772546074 -2.386255777460138 -3.508929010540215 0.13066377985470815 9.79767169002711 -0.45482836488112827 -0.017064307418836744 0.18338518100806173 -3.841158699493333 -10.644143346446429 35.624604854186934 18.998262224598705 1.8344050782440013 9.251625350727329 5.795960659439369 -5.787050578936967 -1.1194327852022623
0.00930478655319127 9.25239633971857 -6.256430303628023 3.8485955229537345 -5.268842128505563 -11.353068141987961 0.19380595105159704 -1.7471866329496006 1.2026394512019256 -0.0004550806508336416 14.47092014416907 -0.5982383373326705 13.353601884994722 -6.110249961134345 -3.131074153948194 0 0 0 12.27826221024828 -1.311135302297818 -4.036322521620584 -0.04074558862591789 28.52920903450373 -5.0648069229072865 -14.960070822645502 -16.09685130762473 -2.966989014010438 0 0 0 -1.612826913922939 2.0493739669016002 4.647966527292859 -0.9349863752375235 -0.06685936958705735 3.424851771591718 0 0 0 0 0 8.977400949501527 5.051663602691248 4.0062364850498655 -68.98932962375262 -81.50532537470635 -14.375763792255473 44.286301095812306 -28.670407165768587 -51.740999555813474 2.8710377966430554 -2.3506926673170505 -0.40689208967667495 -6.467824324355725 3.1647544381952306 -0.2789343414921696 -6.829761438983985 -0.03262201492503945 -0.018075849144341054 -2.3904377398635996 -0.1266380238710352 -0.12825511816741492 0.3397029684951368 0.9203828491676583 -0.05845743813357819 -7.010412151419479 -0.8391899841364019 0.048386923456646004 -2.489082055781581 22.991375156159833 -1.58606714995864 -0.3361096986553482 -3.8656421681795554 0.5101511151047994 -4.5683428355031035 -2.541950635725821 0.25851086396288997 -3.6751924455872955 12.222159881805172 -0.8813335835200936 1.570274357564697 0.07995287534249457 0.1931811009288804 -6.789466697532545 -1.6218686841984937 0.14392689807281753 -2.1006502967108798 36.598606146864775 -0.6194890433105062 -24.195822360768133 -3.918280031391726 1.2501010656366953 6.559927699953396 -7.535758707848099 2.185806282738882 -0.012531392202203145 -4.643864535696189 -4.307449535331846 5.3183526491335975 -4.643864535696189 -4.307449535331846 5.3183526491335975 0 0 0 0 0 0 0 0 0 0 0 -4.682680746553966 48.92556355286433 -56.0443487933544 11.721418762447906 5.627401156701391 -7.742229128556493 -0.7658092551095 63.73703971571932 -9.185080036415064 -29.448392909353593 7.464164976201972 0.5777145528621082 6.074431757040075 -9.172669166328856 -0.690951053035338 6.899931452371213 -2.761130231634259 -0.18972956829171794 0.7373149734475835 -9.611704422928149 -1.1476552435602343 -5.320497469417907 -5.802628097867674 -0.3347872290889636 11.24286169702347 -2.1528255501265297 -0.12641283017170993 0.09120979911097458 -44.06481179841705 -3.5582010131103314 8.85451905797249 -0.3201235099618251 0.051484989051428585 1.7643244993781872 1.13098204874043 0.10926144177643239 1.2472718969496694 -21.54077459105944 -1.9531989500180935 -1.1074395068064915 -2.579147552149671 0.15039353440474376 9.063362228341912 -0.576358731344523 -0.02363828487200362 0.17942435206356977 -3.657768715836551 -10.72201073718642 35.724971454493215 16.344709143693148 1.9805883511711828 6.87338131267345 7.291770720052588 -7.192116547422737 -1.2032822673038635
-0.0029883245965352406 9.095193425884103 -6.616702692439706 3.389607261913569 -4.87843831300463 -11.293647489162286 1.650100409917969 -2.0875095638140175 1.7687076805562476 0.0021709093468788346 14.964063901178756 -1.1360964881638884 11.029665502698988 -6.292277604107884 -4.04134110235824 0 0 0 14.02979841114739 -1.3729780747337212 -2.8086221199054746 -0.015449559283939377 29.449403834896653 -5.606353149430218 -14.776860188164049 -13.970959859645403 -2.370843420650919 0 0 0 -1.9460830322978198 2.153400911933162 4.345571046075043 -1.3688872416633402 -0.0784582474333093 3.175563557994221 0 0 0 0 0 9.867278512893797 3.2383500880154754 3.0638514856535894 -77.54251138315696 -74.14342561298925 -18.725716214529967 33.63615922811599 -31.775954652585316 -43.62407437380833 6.498205632137656 -4.130944104417181 -0.06716312644989063 -10.194653308314608 5.479191275935373 -0.7552217446124991 -15.761646793467149 2.806858322582353 -0.3578200616935349 -6.077498173305654 2.7447739577914816 -0.41220736662110646 -0.3616170945848227 3.245790874141545 -0.2020817041281061 -7.564429759074462 0.6082607994275574 -0.02231225089576235 -1.3713808611132334 26.0410504971146 -2.0048158097284494 -3.9445899177005885 0.764234804214947 0.19856002639515904 -2.8917561387991593 -2.194409242979989 0.21891273791163302 -2.716418276008905 15.107394097841611 -1.2265098455283951 0.6347603522668778 2.835820450319695 0.053598436565362284 -5.784078268407998 -1.1374699238448787 0.09799166455618974 -1.2323943006831677 27.754871251672856 -3.0615357320732155 -32.21033282588709 -4.160556095781991 1.3131081434468095 5.68529579065535 -12.378786488745805 1.092637905876413 -0.052483817256271784 -4.604338348870469 -3.855932411506035 5.067200825540779 -4.604338348870469 -3.855932411506035 5.067200825540779 0 0 0 0 0 0 0 0 0 0 0 -1.0130175232673468 31.376657287874192 -57.592613979447584 33.700192578102644 4.037200111005666 -6.453082334505916 0.1873091105904001 57.38212153132813 -7.339788641577249 -28.930434568298864 6.5829961453631345 0.32598769138030625 10.107811747484819 -11.439334621248884 -0.9707691522030818 10.820899411201975 -4.348522107069612 -0.3057813901029376 1.1365209312157816 -5.29197902906918 -0.3438258622976057 1.9414266310672097 -10.137025758964976 -0.5220082709063748 9.526693770342163 -3.622585794928641 -0.21406078768576697 0.08631089344506243 -33.804813052647454 -2.3246871109056495 10.558406669859211 -5.334930104522197 -0.22655265571588779 1.8528228374371813 -0.7582000226271013 0.011802998858664761 1.4600707950646572 -16.210754663518372 -0.924401620172503 4.228423706807735 -6.948856232549329 -0.04408677102418798 4.897892034089509 -3.2800450381138453 -0.15946479250706885 0.5600616639243413 -5.62793240443814 -8.629599581566929 30.86290794576756 8.86138007443595 1.9139521069558159 -1.5536825216196088 7.6816340826282525 -7.553892261266926 -1.1598603257703963
-0.007714279358246909 9.035038406475401 -6.783828566068231 2.8923112498918364 -4.520523999801649 -10.93478002629668 2.10293078286883 -2.355680824193084 1.733069837528854 0.0023725701229824025 15.453067124362985 -1.2868411901048227 9.953656136431963 -6.530309124785625 -4.029127122713329 0 0 0 13.774376911052874 -1.3060569061122576 -1.654692392033361 -0.029815415097721343 32.14614810812594 -5.319007204872108 -14.85422102075165 -14.944631269230213 -1.7066861703092024 0 0 0 -1.956331910623866 2.1132809608162577 4.1348596023092 -1.4579258892456952 -0.07671363275877738 2.9764936143566856 0 0 0 0 0 10.03092262248615 0.12448708152243562 0.10084156527781964 -80.55492631985011 -68.66112799656997 -20.9757216017971 19.509360784915316 -39.40117110279647 -34.65689166632575 13.70533644344194 -4.08651596414157 -0.296584760159804 -17.411539512256972 4.915823640808772 -0.6740397989314179 -29.943504242428787 1.97221578414938 -0.2945435736561545 -10.702664319757805 2.460172191277301 -0.3975203856496443 -8.868802507798593 3.6230307020025196 -0.0161538628410256 -29.16486434290587 0.7992170857451545 -0.07403644308119156 -10.336186367951406 25.23011873152277 -1.430950226512391 -10.065665472976521 1.0474697472742893 1.377671553352899 -27.25487391172671 -1.379916493821614 0.3628616414204266 -9.185236331620825 13.79032520443538 -0.6922328207355208 -7.455405487374435 2.438035899869473 1.295523107016479 -31.258562798514273 -0.4617562201035824 0.2838220944764174 -10.101721391624034 24.029190976066342 -4.555321480354751 -36.1203775117345 -4.652061819217258 1.455489169065405 3.468082780035918 -9.962083344273948 0.6810225547447268 -0.018328225017564325 -4.236979054054091 -3.356428480376687 4.579750054953033 -4.236979054054091 -3.356428480376687 4.579750054953033 0 0 0 0 0 0 0 0 0 0 0 3.088812781521064 8.6331150551378 -33.62867888410624 57.962396386603956 40.53085943005259 1.0356242723157025 -15.567476151920587 50.842123980110394 -5.253230852028835 -27.352712630909984 2.149774938538423 -1.56854630530816 23.820776261846046 -7.056442985468575 0.002709153013881397 22.484719545690517 -3.4597002827148877 -0.2240594839902717 8.214971014529471 -6.016988529118496 -0.7488996998445588 18.878315064552947 -6.48917838534423 0.5701551285387514 24.064886175697787 -2.800106337018772 -0.007412088457696812 9.812267069940761 -24.204986955588684 0.9245605494802622 21.90891139012896 -3.263670255370622 1.0787786714097596 17.925332977749978 -3.6851675640205843 0.030430405168578832 16.71021572248319 -13.159423723117346 0.7348299849259917 20.338077961387864 -5.633179011119195 0.9789339041454367 22.17456012492719 -3.118400024457828 0.29051154837951676 11.940739094009217 -3.294539868431666 -6.833575673392169 22.88086261867328 -0.4683823539284641 1.609029246144506 2.5183528880449373 0.9422833838911916 -4.748434579377831 -0.44471829788223566
-0.012440234119958577 8.974883387066699 -6.9509544396967575 2.397311391743826 -4.162003101525897 -10.576699168124355 2.5560202370872793 -2.6235622890395014 1.695304134375622 0.0012367077397281503 15.942070769412581 -1.4379461481927625 8.877074542995258 -6.768070444068756 -4.012407841056443 0 0 0 13.520361324062064 -1.2340075997779854 -0.5011035472211708 -0.028163031080830157 34.84291959849157 -5.023392125300312 -14.94367429552929 -15.917366712801263 -1.0380412062140238 0 0 0 -1.967597450879643 2.0730035675811362 3.9242001062970115 -1.5469702238249112 -0.07527839130614504 2.777420748828411 0 0 0 0 0 10.194567170366799 -2.8335452015184637 -3.017473666389075 -83.40598125740337 -64.67435388728127 -21.488659543209533 5.107137744441423 -45.06478328033551 -25.109372422319066 18.91354865148439 -4.013616231351697 -0.5186073367995351 -24.628804562751935 4.349736635131154 -0.7333480857736476 -44.125436206137856 1.1351911633034562 -0.298779121449651 -15.328247056888765 2.176528958229096 -0.4250960642313824 -17.375962002431077 3.9053363446470866 0.29558719237549813 -50.763892720655896 0.9959009229434413 -0.09537226326972538 -19.30112268556562 24.362770262690347 -0.9468353794254404 -16.193055584888395 0.818804946229716 2.568589011094328 -51.62976129382127 -0.5868043784000956 0.5976396363874829 -15.651543017670866 12.411272976617198 -0.3487218633264287 -15.555098072826127 1.5441753427280895 2.2454577279441597 -56.75597731070736 0.1772464004683895 0.5715992516218213 -18.968529091747985 20.404559856222644 -6.296187121442784 -39.935107097654004 -5.148740799278128 1.5787481589731873 1.2495938369705077 -7.545769404232194 0.26833331342206806 -0.0015616338463217303 -3.8740622918310414 -2.8538346354673307 4.09574700706115 -3.8740622918310414 -2.8538346354673307 4.09574700706115 0 0 0 0 0 0 0 0 0 0 0 7.190643215500468 0.009379238524786518 -6.309037671457045 68.54380389369899 74.36837635780482 16.457536666568874 -25.411397773939626 44.37977678746695 -3.0025549473821136 -26.027384947739716 -2.609451516586823 -2.352928068817475 37.64857217273175 -2.567421509692847 0.06803090125385793 34.188354522835404 -2.5675841557068284 -0.25249258036912153 15.293821426691672 -6.828619873836241 -0.9251673414292606 35.82014515373139 -2.683726117563503 0.7099654261628339 38.644071675039996 -1.9545383198877846 0.057303529111326405 19.540180784537622 -14.14652976802183 2.182274003089686 33.65042120461578 -0.9110751920856207 1.7587345233375848 34.040692198480805 -6.504359058240161 0.8179607063762184 31.9405617013136 -9.766455039647429 1.4799563174660877 36.51837655925261 -4.0725779973999305 1.5647354495305799 39.47513738007888 -2.871124862928853 0.6997394856531847 23.32336758332895 -1.2417352836515985 -4.735793021996706 15.005855529706956 -9.796354504869603 1.9681867566448188 6.5860211638305355 -5.742325100868665 -1.879119551598255 -0.06579531660945082
-0.003850923264117975 9.008669938297748 -5.862914030195916 1.4797475571901189 -3.9139314777401077 -9.866811568689524 2.135219538589674 -2.8781927426893184 1.1693413187765458 -0.00028173181877289103 16.476528347943177 -1.252964958299866 10.153724534863589 -7.030895275383214 -2.8432488896838835 0 0 0 12.90852689800288 -1.3353304427114345 1.7197480389471795 -0.04412749060508518 39.400579302330684 -4.4683954568746325 -13.162045868723705 -17.955678899128223 -1.1260065643737458 0 0 0 -2.1260686269625104 2.0161008928151825 3.4431160517795343 -1.7681395307692587 -0.07297746940363495 2.4265152634724876 0 0 0 0 0 10.041305542795575 -6.1073497480465235 -6.7671973534410865 -85.73844383387807 -70.54233355755066 -19.808298549182364 -1.3836252283055528 -43.22317576611767 -19.493130116859064 19.185402012780965 -2.255969470827061 -1.0553060708608908 -30.036137610440043 6.009933786337434 -1.2079090707485645 -50.924855999762194 1.5879041912737224 -0.33599744728661585 -15.646040463960434 0.6060679890141499 0.17431562113462484 -26.901086076642898 2.820704358703767 0.5389231589801197 -63.08817539971256 0.7245395185597492 -0.03887769653817291 -23.103943410534313 23.84618052087346 -0.13899253826435368 -31.775611906592204 -0.08194436869886904 2.8327505660824484 -64.75543217522667 -0.4805863545780753 0.7844865178408061 -20.572024189062066 12.069623876487078 0.27452476261976005 -29.159092065905625 0.5704854522351281 2.426003345833688 -68.62896177793722 0.08048863219338656 0.6976248512741818 -22.795921141837045 23.664200752810654 -4.725703758355987 -35.87148933645341 -2.7075625308213462 1.2874347486960007 3.4327846065970036 0.020450566333796185 5.678262936534196 0.9855327359326493 -3.382449572746423 -2.34623760988173 3.725781202562619 -3.382449572746423 -2.34623760988173 3.725781202562619 0 0 0 0 0 0 0 0 0 0 0 9.039146761777216 6.1028598864857 -3.8313315113154083 68.39742465521174 49.73843863596153 9.175737909002203 -27.484352273193235 37.014962638000696 -3.4267172723561465 -24.367590793473074 -2.669983654469933 -2.2024854536436234 60.043115168550194 -0.8306746490512786 0.004294754085275037 58.26157739293122 -1.0431686459778304 -0.21422702124379406 21.60873511308856 -3.555201965521669 0.2896368727497768 60.29358098939574 -1.0107937618155651 0.7743780764773999 63.9535366267719 -0.9660340787569728 0.08548330429166537 23.759266278108765 -9.472559034443849 3.587183190202491 57.38537229693315 0.7100134966890388 2.6659655153804582 67.01406615662894 -3.047584680477683 1.32969113014747 36.2722284232899 -6.609011663191415 2.6591240986130877 61.924090769020225 -1.1192594761763923 2.551910115700644 68.66271193944118 -1.34383542454021 0.8888553196710282 27.30430606873083 -14.281561697839408 -2.8535493347175906 13.837852119133933 -9.993579869854669 2.869418361720306 12.23036479870125 -7.694292135135365 -0.9401198594054254 -0.016888960787088406
-0.01237842909593692 9.121885791404392 -4.98949804049629 0.29520779088013854 -3.6517287341606144 -9.106332306383278 1.6392961018705376 -3.2256774428078727 0.6074145709768627 -0.0011297638248963468 16.98380830175648 -1.0396532332016426 11.578564128809441 -7.029220816534662 -1.8338456739378095 0 0 0 12.415184325296273 -1.4949408253808298 3.9474317230397404 -0.036016843483138924 42.213944798927784 -4.072148199485234 -11.926837639152065 -18.78824633472311 -0.973399159567791 0 0 0 -2.8461731679331206 2.0709382194672536 2.9394565544138618 -2.5634589465553526 -0.08901593692173804 2.142403584772229 0 0 0 0 0 9.805648699005367 -9.934680222339473 -11.313011185176633 -87.55740803366467 -85.5349265174102 -17.480896756559574 -4.682421556349326 -41.407525223978936 -13.887758126600541 19.63487402844065 -0.4552651242006817 -1.4237539901392116 -35.45828527953991 7.714900921365582 -1.4824130182237536 -57.73617847923304 2.040818474159774 -0.3707030993883681 -15.964121330845957 -1.0419939210862144 0.5053785464514561 -36.43942125710064 1.7091076618458343 0.5451163899686734 -75.41507669922306 0.4500288359183098 -0.0005055882448028922 -26.906989078765804 23.131551487503938 0.5003514403257207 -47.3653167036295 -1.019343012422341 2.885649427449969 -77.88542010394156 -0.3907830810404807 0.9797547139652041 -25.492403976542615 11.59092293716851 0.7999077842924118 -42.767797852769355 -0.41960557116013103 2.40250072085599 -80.50396748719498 -0.02446923293085861 0.8169108314703165 -26.62362820408354 27.021201674317524 -3.3913462320955525 -31.73239610680705 -0.2795243022298732 0.9036625268073407 5.601343952898365 7.783236857907532 10.90860050211313 2.7017299275028446 -2.6290651959139293 -1.5924633077729446 3.4627178704906627 -2.6290651959139293 -1.5924633077729446 3.4627178704906627 0 0 0 0 0 0 0 0 0 0 0 10.401558943928613 4.191215296409059 -1.1119552280564888 68.42273749552265 48.12112299420207 9.300145472228058 -29.4355216526346 31.514251682386654 -3.5099273489946174 -24.33886020265384 -2.7670832025902805 -2.1467619898923975 73.1087987516115 -0.6602198722910714 -0.4079438319963882 69.87109723236314 -0.564882763105661 -0.32205071805949415 29.472982021055117 -2.160323970214845 0.3089560863672411 75.97387745834142 -0.4320307315133149 0.4904384909420816 76.17287027131249 -0.47617638958245123 0.09493493712666398 30.037621605280346 -5.846668056840407 3.937698247555176 73.46333500010135 1.55183595425236 2.7145127241908007 81.26170796486795 -1.2266293836062956 1.653027194771624 41.88026872393678 -4.74160773783253 2.796617321444795 78.86194077087781 0.3270776434880323 2.400395387070668 79.76769679621992 -0.4922771606362044 1.1380960929943191 34.87915966955758 -26.63760291358732 -1.894825550820598 15.70868305747691 -7.27047142462937 2.826756169029015 13.174542619954527 -9.108532721094349 -0.470164176199965 -0.0026427291651526207
-0.0306150085089749 9.267462771445867 -4.528241702786017 -0.9640231954204893 -3.532149910783787 -8.458994796631105 1.2116726830905553 -3.4866410374287757 0.1882227230666308 -0.0014852084587299538 17.535166577867837 -0.8577169237322908 12.346105797344869 -7.1586628210716645 -1.5934023327227738 0 0 0 11.229912023176531 -1.5216786477332678 6.181357733432082 -0.018738581609485022 42.36145705862671 -3.6655547582939576 -7.467177247863639 -18.42784638501795 -1.0212211411911405 0 0 0 -3.570334993392906 2.0736451716181508 2.647055390558477 -3.3246044327445894 -0.10552791641267534 1.9443015877112462 0 0 0 0 0 9.461079745549824 -13.480802269092408 -15.487169535873026 -88.38490753530208 -95.49393125763358 -9.260067293405147 -1.5557842677793012 -34.69771405274831 -7.1365193042076145 24.56608867696612 2.371591260524571 -2.0224182583244814 -44.55796697402903 4.721073243243713 -0.8865881718051731 -70.51485776389593 2.052707770815195 -0.5684901877351108 -31.207905766034067 -1.58046271729141 0.42106416834853794 -46.37659746038095 0.8097717991467571 0.377803232503056 -86.25912110491194 0.2193408007615339 0.050815166673436586 -42.92161033187637 21.460458513726618 1.0107287454083413 -58.13650291747229 -1.7940513505167963 2.7706595075593365 -88.94928657375193 -0.5174432850067076 1.4692403640093246 -38.99892903097256 8.710489152848881 1.6640901192454587 -54.83918726725393 -1.2152930847076255 2.2309673123418206 -90.25703448603043 -0.3217634111203534 1.2483975957627962 -42.25787862577728 32.338261199773044 -1.9028624799355252 -26.96118871878031 2.4392778176097303 0.6609929853666363 5.08568218536629 8.760767176485395 10.186141594750161 2.165842439732018 -1.6340782286088251 -0.7676512785573356 3.2486019595812854 -1.6340782286088251 -0.7676512785573356 3.2486019595812854 0 0 0 0 0 0 0 0 0 0 0 11.454355780016861 -0.07589861155243853 1.38597627683504 68.10993492874618 51.30122280486476 10.802303170555225 -31.075543270377576 24.5994963625799 -3.665064105543279 -23.44268217306309 -3.9510510347912353 -2.229465026896323 72.91905036537837 -0.16441289117066712 -0.46948929880407114 48.61528435255541 -0.6242504574152994 -0.3070166581493336 23.956525997221796 -1.7284769572932055 0.12458872506030445 82.76226803809755 -0.18876897112544028 0.28778127889385935 75.90711953578327 -0.23734015474235562 0.055920148324825315 26.305494059644847 -5.506436840103306 3.462187342170361 80.0839550138066 2.0601234565161093 2.6707443587902215 90.51550109788762 -0.40849284748982817 1.5873475543267077 40.67140595506711 -5.032004591042287 2.4491380663403017 86.05296481140657 0.9495706181146603 2.1952901006608823 82.85463553194893 -0.04861198020518746 1.2318755535318704 39.0684519209257 -34.566288250263035 -1.1293770370072438 16.745071637330238 -7.396753863043719 2.9992939694404246 14.410759175203356 -11.208623062484849 -0.2351062830948136 0.0029874186963134023
-0.05343056278424844 9.416963466909225 -4.32271053976766 -2.10946109228124 -3.497946571546128 -7.303741722187116 0.5391551083189012 -3.654515992178428 -0.6858979361975417 -0.002308938866759886 18.09717398079041 -0.5548682441583631 12.27391866111622 -7.100560366204276 -1.1522093019810775 0 0 0 10.539429763441722 -1.4586848099157907 7.880258639283422 -0.006154182741842123 40.255577402011205 -3.535899357142941 -3.311185779477184 -19.22865121478488 -1.8909833348070786 0 0 0 -4.270425824674891 1.991078351257765 1.9482148371811117 -4.0553106245847 -0.11758676500401105 1.7606737856873855 0 0 0 0 0 9.028842380431607 -17.94737746766549 -19.69189853058439 -86.08866205444411 -98.5828407317658 3.269963805092094 6.0562101165992726 -29.113292190647062 -3.206180700233893 29.039315015680284 4.315597351199682 -2.4844156002821305 -57.4478680355231 3.6046137215398857 -0.9057404440082891 -74.98088183868909 2.2489457840862865 -0.6910217613073785 -39.1441117710535 -1.4120427485937102 0.25819181618005094 -60.27815250993196 0.45863012134191994 0.20740840523878215 -86.51305929574707 0.4552219158924311 0.0056017122886333134 -51.14726121064889 20.787129155265724 1.2072803402596615 -67.83482926210594 -2.1694423881767073 2.6578061612348214 -94.4798195127579 -0.6288449736473617 1.7059926675843016 -45.97209902535779 6.860032048980393 2.0647522296253853 -65.89354792488663 -1.599277567032733 2.0951704548651513 -95.13191711158505 -0.5812298855058383 1.4948673758486453 -53.09393033583743 36.75512815958161 -1.092455698799565 -24.819672583157406 2.6384656609946395 1.4580680788486684 -2.9273411682549852 8.179445648526231 8.83753016579266 1.5737101069328776 -0.5747115191136779 -0.01312117454012363 3.02088180348038 -0.5747115191136779 -0.01312117454012363 3.02088180348038 0 0 0 0 0 0 0 0 0 0 0 12.233828771642314 -4.564832043685792 3.4490582585901817 66.85660462270721 54.36007824527383 12.307008907025915 -31.849876114277517 18.500085986982164 -3.578390492859926 -22.527075831680676 -4.4773594739206874 -2.263343187890183 72.7869563101956 -0.22149274423690488 -0.49131801679830206 43.536835726462606 -0.6603957905758413 -0.31282613919531466 22.004104477478705 -1.9024207211651996 -0.04414440076239263 86.83119850242679 -0.06669712194895569 0.18693898071271234 75.81406510834475 -0.11698211363172009 0.042756374522786134 24.640778443523693 -4.279623284244137 3.374726954283548 84.85199755359666 2.2780983336599805 2.617908022169508 94.3777711543473 0.10213542963570447 1.708423693187058 44.11388360288391 -4.582949177287407 2.370497859673325 91.54005546229308 1.19091247680816 2.0634393411202003 82.38533540143844 0.17512866778339048 1.2660202042869138 41.14419806299509 -39.361970989550144 -0.6178601083141896 17.14774608335227 -5.590147059874241 2.861428363045986 14.426700958152956 -11.158573848078925 -0.11755380126773833 0.0014423651009124435
-0.09041727243458397 9.554149066254647 -4.192807872862745 -3.060130304237532 -3.53091086677668 -5.8940005900095835 0.45536743115198425 -3.664531542398489 -1.5208124231667697 -0.0015949039542331813 18.586975548618735 -0.4577142681405708 12.069238580589001 -6.226244990405334 -0.4781541939435095 0 0 0 10.393038810183599 -1.30651176551177 8.632473823171496 -0.009372225182794446 35.952536851485995 -3.6769509621273753 -3.2184510798963926 -18.2171221409275 -1.5995153403072766 0 0 0 -5.2169342018983 1.8076336512189308 0.9690239160616378 -5.027056345888622 -0.1051392686539797 1.3543352716016137 0 0 0 0 0 8.528715750945713 -23.812853021554506 -24.34327752813874 -82.54951472025132 -93.75807281102722 15.037370579128009 15.50318468089066 -24.202077277192128 -1.1631448863707647 33.52851101074982 4.93089213901264 -2.2969126123957366 -53.80705015829367 2.250706392474229 -0.7637338152577059 -87.4910835167415 1.1806936122049085 -0.6140365289005293 -37.81178981316231 -0.4442003483276226 0.10813776691405504 -59.035837002578326 0.20246947261140263 0.14060693565357696 -93.25672112108508 0.22254892599586243 0.011929574973252819 -48.26382025931412 20.77535731571799 1.0047407315453485 -62.30618989800581 -2.3526000578378525 2.587947007185114 -97.24457178991366 -0.505603222620873 1.6032239726356565 -42.33980446377869 5.709146433410487 1.9961496346610714 -64.40676511176893 -1.7865755463710895 2.015158811032052 -97.56882103174857 -0.5247981244348476 1.4276194729991887 -50.087571782157035 41.941991831122124 -0.18421566862003597 -18.268757272961928 2.469144363755817 1.159141253230436 0.09335242955312724 5.789027244835807 6.148165073414597 0.8320527596992193 0.6162457411626658 0.7465371069857697 2.767703361057798 0.6162457411626658 0.7465371069857697 2.767703361057798 0 0 0 0 0 0 0 0 0 0 0 12.726749652913112 -9.061587666154436 5.947217898251745 65.74302335302188 52.59915350678841 15.561983170353482 -40.163752643603765 15.473516484629636 -4.088624086608149 -20.864768374295 -5.2142840035165685 -2.2751985945586872 68.3624380742755 -0.11500646501215277 -0.36041363685131017 29.183303656644533 -0.747647325344399 -0.20976110083322266 13.349596461156217 -2.442445339528793 -0.1527041341187965 82.12664882092068 1.1824117280551247 0.1509527847572271 70.89792630351876 -1.087974331978146 -0.029728192923031742 25.694799752282517 -5.447103787279019 3.0973528841653035 81.12217041568513 4.126540351359937 2.5279946183383326 86.36220502608269 1.2290168916202957 2.4328685203939346 72.05288419713713 -4.949481640757966 2.2705510499472656 87.29633689267003 1.8670462343149685 2.006048773717029 80.53483264511107 0.18460179439442223 1.602543996022351 66.44913139603582 -41.242191710006615 -0.412001521806598 17.95581042761102 -5.674060304195144 2.7395808002547515 13.472887998562799 -11.680508275744495 -0.05877361469262429 0.0009888973005922036
-0.12108124791846733 9.6136710570233 -4.139646938218063 -3.9885336537446845 -3.528081644079189 -4.147193143288146 0.44042760328753994 -3.4049500613123964 -2.5878568490460796 -0.002095263574128233 20.063084203401463 -0.36381165882932637 11.668183198468682 -4.293789969614659 0.5178308721246799 0 0 0 11.18877312908297 -1.3000428634192303 9.051798402653683 -0.03214231999506887 30.232844384613653 -4.167792752006457 -3.8138689616702006 -13.216619971294204 -1.5367290988361615 0 0 0 -6.158168449803002 1.464597622189773 -0.203304597971425 -6.007959909397646 -0.06823912878928333 0.8411276370535864 0 0 0 0 0 8.170005599414335 -29.454927720441784 -27.03757712101669 -76.5501173328032 -80.68544170489317 24.38417491170211 29.802233575250465 -20.918453121777272 -0.7553458193755562 38.12986258720338 4.610214705662356 -2.2554300249385033 -64.86397553668957 2.9798736595641144 -0.9069630941198639 -84.01547106533381 1.331993719902556 -0.5926196034315719 -36.069099044260376 -0.5745378900284469 0.10641345462123798 -69.59120190806294 0.08125081079572945 0.09278756012266977 -93.55894553644325 0.10503771408549427 0.0246843244343482 -50.21198175968917 19.698275933971797 1.379740205440315 -75.21774720587317 -2.442856273196892 2.5497276287125805 -98.6268006868665 -0.5587564218595531 1.6921032411211938 -45.01890433961758 4.786225313323481 2.208680969617235 -74.20880811603847 -1.8789020463533288 1.9721862757238862 -98.78712570523071 -0.5676685595105143 1.4609382230490375 -51.68347759254356 41.722009076497436 -0.3379897892318963 -23.071688725994814 2.8607274297823286 1.30261381207266 -1.510089239974032 2.5738540310224165 3.085672269774666 0.32943083936709167 1.8975308639914206 1.3907993794656324 2.5459695623378393 1.8975308639914206 1.3907993794656324 2.5459695623378393 0 0 0 0 0 0 0 0 0 0 0 12.58206711854213 -10.94305076656227 6.007778345482189 62.317299345718645 51.58281866169777 17.6251262670086 -46.144448932092004 16.386731185055254 -4.8620618640699105 -19.47450644035737 -5.224462605186905 -2.293108133610242 69.33021825120278 -0.22021641159009342 -0.5103871928801383 39.482270678369005 -0.8034668422920843 -0.24764496751564483 14.94673964734905 -2.280143508443678 -0.17525362925170462 84.22794599182625 0.6464874713728102 0.0793940509385512 79.8838452800636 -0.5499290188755079 0.009932243195043568 26.833471053028696 -4.343217557701425 3.125908035688146 81.51415834509704 3.345066776154839 2.489993862830906 93.18572319301259 1.0239345150479682 2.2384230113353083 63.6564788529164 -4.993002241329817 2.2240403217291145 89.49066235628183 1.9012970698843492 1.9925633205185298 89.07675202685172 0.361791013278859 1.516457801328099 58.30243889464134 -42.834564028327165 -0.21131726055207595 16.750474084502194 -5.838388360887478 3.1764820171836896 16.746597000995948 -11.856084458340202 -0.0293860497588768 0.0005394748477459756
-0.1525322189376283 9.606964042962822 -4.142446190054606 -5.093878277517411 -3.4387204544176546 -2.229445326165846 2.05154140570361 -2.7912699705343953 -3.5248799495813032 0.03555200994744678 28.41305093776335 -0.7879517972849366 9.551196964346293 -2.642623700867018 0.8501674482006366 0 0 0 13.18748501136934 -1.6189355631914102 8.87634209458873 -0.06507410718523159 23.855498949433613 -4.997748893875129 -6.333548225276955 -6.643995539917629 -1.4289938909282096 0 0 0 -6.508984897087748 1.1130300115059077 -1.206746446644518 -6.422920155872929 -0.020868127688621403 0.3258001664811217 0 0 0 0 0 7.72908601399084 -31.60134227159966 -26.49888920055926 -71.5058403160141 -71.87090428220277 25.67677466150176 38.336962179718626 -19.361358501552722 -1.540167739363244 41.80872498782213 4.965027318888617 -2.323024299892894 -67.66613167750047 2.2226343046195955 -0.924603563928112 -85.4204713814219 1.0133623728153434 -0.569238237040555 -36.09530669102538 -0.978638991045772 0.14913162596432114 -73.92815362506958 0.02140381907852407 0.06824153002936652 -92.98638132658242 0.04383879446432622 0.034096323024424904 -55.80304029577888 21.303149669180144 1.1481413517634664 -79.97705018058117 -2.4728065404454167 2.5308844695710273 -98.95306629528366 -0.6365556214099255 1.7896625732387532 -48.16977821977274 4.744729641811005 2.190353167861015 -78.70039248050236 -1.924716274766671 1.9499668226690674 -99.39623971767807 -0.6192461385151024 1.5033062948202867 -53.74359561636873 39.81372655964754 -0.6977538340182006 -26.800919046976865 4.868695196216229 0.5737089783146422 3.718401752168799 6.609034112722654 6.756132753732362 1.0075446488243742 3.0929586134495906 1.5951005676013947 2.2922785255881397 3.0929586134495906 1.5951005676013947 2.2922785255881397 0 0 0 0 0 0 0 0 0 0 0 11.975965406096467 -11.033441169693605 4.893662205200125 58.43180300763816 52.43831096284706 18.103174106229964 -49.31029760141165 20.94834173486174 -6.840562698019657 -17.49505446771052 -4.342849251408837 -2.180913168777832 71.93492135390323 0.17612450756182277 -0.5714129062534902 56.644979799910075 -0.48692186545408794 -0.2848947141903573 19.96976570140561 -1.769965770286226 -0.15119509723252844 81.51382502015679 0.3637599268216096 0.06772563694046185 86.96840021814387 -0.27167999525552955 0.028355851661953445 27.94496165934213 -3.0299795847688413 3.1341222796524737 77.68004205105765 2.954019613518099 2.5058974888608305 96.59750426347466 0.6897753755295878 1.9301487678745497 51.87205671449495 -4.134349365689701 2.256982321585156 85.55115604927862 1.9559301829094813 1.982998715234176 94.54117653821137 0.32146560151298575 1.3462509564993062 48.42389980827845 -41.42524111895542 -0.28587747320897816 13.941132264338254 -5.372734063841365 3.411880875932803 18.953098516633382 -12.836568877772796 -0.014690716539351252 0.00039545910214025233
-0.18684113677327152 9.549700859617449 -4.133663121651884 -6.403968121321511 -3.238363566719869 0.17974102137921785 1.8004159388968046 -2.0935269099304215 -4.954210712842397 -0.011343377185447116 40.15910053050313 -0.5775204396649436 7.709183599649865 -5.056746847046359 2.0145827861846786 0 0 0 14.998572908526846 -1.8185368900896641 7.801002906108039 -0.05859425849711128 18.658240293675263 -5.559059722781741 -10.043485598400297 -1.7689292489103126 -1.1526255635822702 0 0 0 -6.469357956571882 0.7068483804978277 -2.6389144765294112 -6.478066133575994 0.02568180228884895 -0.15043545562663557 0 0 0 0 0 7.811704516954043 -32.06291552684986 -24.95294922042848 -67.4202735788091 -65.58795522022372 23.273242423329737 42.68636131430719 -21.162314137213354 -2.9876509660330783 41.17481710577778 5.256611018095356 -2.1654440442298313 -60.74401025837616 1.943192437025578 -0.9130368588388249 -86.410742785918 0.8282606765872733 -0.5468035766506024 -34.42416315986554 1.3940910078498703 0.46265151960736356 -67.13428412820505 0.008661232429090884 0.06426418948792047 -94.32773869133882 0.03578522136303869 0.02909078744612051 -49.974125484458916 20.097973921520264 1.0061309958153886 -75.63387446176748 -2.4841887874696003 2.5268494476654784 -99.15500203156736 -0.5420747047294183 1.6858825049969122 -44.722549330582545 5.165042307506284 2.1357021676684615 -73.9698134038262 -1.9334511529050618 1.945661956466542 -99.51272967852135 -0.5238523288308502 1.414507239942461 -49.58254657426428 37.50754608573277 -1.0385474317953898 -23.802819209526902 8.54475765520855 0.2929795731817358 3.443576826495905 12.186774362051692 11.621603822218901 3.7826867414656977 4.074945347449129 1.4311816713591845 1.9022440967909033 4.074945347449129 1.4311816713591845 1.9022440967909033 0 0 0 0 0 0 0 0 0 0 0 10.000160575845 -9.967371535452145 3.5463581899802916 56.21474168154042 50.28367764476002 22.892112754782616 -53.14672113632857 22.198445057294318 -2.5767593220897567 -28.163564514700717 -4.109444765746149 -2.1693895936328347 73.18279070289161 0.27559832342130725 -0.6691691659208233 69.33813717678996 -0.3124859489741979 -0.32148383009948533 23.296305679801005 -1.7587694647540555 -0.1563110207243325 78.58886206968536 0.22416806900542985 0.07347410593719102 91.8161929619253 -0.1334441343169004 0.03042990157545865 26.504829108924238 -2.208405289979437 3.1473280085930235 74.04653138892371 2.7590219144135437 2.5225640399532505 98.30335765678815 0.41458310695252354 1.5835319665933933 40.78164230419371 -3.207794659761259 2.3077516942900993 81.47272885737108 1.9828422944702375 1.9762755040011069 97.27337112567963 0.20891143582423316 1.1113301481014422 37.93511565257081 -40.23072482511223 -0.30452904648454476 11.173190186720698 -4.7982251471171775 3.8659177586181444 23.191726565666766 -11.971844601477338 -0.007346850645680169 0.0001422993770133446
-0.2384747138682846 9.445614118774255 -4.194107723085669 -8.746519130035535 -2.845559019086136 2.342740340897679 1.1409611797405037 -1.392513515502042 -6.533650307938758 -0.04269227283778733 50.11885363936412 -0.3381761047432767 9.754454390471224 -8.300099516164803 4.264242492949945 0 0 0 17.3261564083645 -2.0866308747295546 6.535100705387994 -0.04968280220058562 15.291521696304905 -6.240458010105358 -14.208799510489134 0.342851982566541 -1.3528580120985296 0 0 0 -6.651539830891164 0.3262661328212529 -4.023093241901418 -6.740964586887004 0.06678699888110429 -0.5076123490994122 0 0 0 0 0 7.546576843312129 -31.49371902990496 -22.725469120345092 -63.27903621956114 -58.482000617389346 19.14189083222855 45.88738637469182 -22.9500813636054 -4.454257136035768 40.58579394638119 5.565047392330846 -2.044127168688737 -53.82179971540701 1.6635930601178646 -0.9063009097567803 -87.40105643566227 0.6438927794353105 -0.51898077135634 -32.75310630590221 3.7872978632411662 0.4930927041671717 -60.333123023956276 -0.0039847567544318615 0.059989655822270206 -95.66909528943133 0.027264937375163906 0.024929037328641313 -44.14521267748699 18.885540108673883 0.9558039069631592 -71.28880154146326 -2.4955565135157287 2.522774485659682 -99.35693717406889 -0.45401228306766045 1.5766120613238228 -41.27568144881906 5.579394919781842 2.046601059885699 -69.23997786867562 -1.9421771371512526 1.9413393752743702 -99.62921812130953 -0.4351585083541873 1.31902293999601 -45.421813666130085 35.18647753497721 -1.258018297461619 -20.793148240850456 12.222074343033775 0.03045095576994877 3.15132196375377 18.117243827916763 16.188163032090714 7.093122398717293 4.811894583158126 1.1331214575384552 1.4030562453192033 4.811894583158126 1.1331214575384552 1.4030562453192033 0 0 0 0 0 0 0 0 0 0 0 8.123803615172603 -8.543549814541587 2.5574775574464694 56.04317571419701 45.28692070666023 30.716615896225875 -54.28518246807698 15.589361608511961 3.995141126441196 -46.058626116510226 -4.378548211169449 -2.1948297923450784 71.40235032226622 0.08724059280252719 -0.7660272022646886 79.48680786917535 -0.18210258978946214 -0.34808322883206044 25.664704543865344 -2.00677201032706 -0.18134757488364314 75.13147185798273 0.1569862947074806 0.07971006755418898 95.90810662684399 -0.06367818737580011 0.03544187720880446 27.144792522933297 -4.39647783592737 2.9329086535265905 72.30263274030168 2.6617299505532444 2.533070343136168 99.15626981232529 0.2543464809227994 1.304009772959464 32.79815480012168 -2.0770111593001643 2.393186432561552 78.25061071123501 1.9961704144631849 1.9724350846987186 98.639462135185 0.16334466594262595 0.9758655288248519 32.29780395379103 -39.21677510448594 -0.3300265071169481 10.255869246945974 -6.318062721941092 4.287090416200452 24.54684071381566 -13.108623921631683 -0.0036727195346329708 0.00010759225891451851
-0.29694310796465806 9.285204871324794 -4.271952165796354 -11.133938279360702 -2.6275465508618123 3.360917841797513 0.9543933682773955 -1.1719860539985307 -7.988869929908583 -0.1241656052443824 70.59058163917607 -0.2673450101619587 14.491623290043167 -21.532767481860883 5.36634407155353 0 0 0 16.503147799415053 -1.8079336885455641 5.863301913652463 -0.017064068000570365 13.128824039319849 -5.842627692224218 -16.11333168891276 3.7247410015420215 -1.7283592431292396 0 0 0 -6.319957381808132 0.16323233712459306 -4.698423304195297 -6.448230347758448 0.0893458808150515 -0.7792094311672807 0 0 0 0 0 7.037850741086164 -27.015175254995484 -19.02656475046542 -62.4254150486936 -58.333175244647904 15.38182768821057 44.142106790043954 -24.726794302972856 -5.938432737840909 40.04167214006099 5.885846425152501 -1.9608434023172499 -46.899470816447 1.3839194818191847 -0.9043978241644964 -88.39139017581627 0.4604154826093906 -0.48579374039355505 -31.08215394095681 6.167243332823072 0.2399736618035929 -53.53669751229382 -0.016527216911875742 0.055420266954037296 -97.01045027714076 0.018366045065667178 0.02165411309550234 -38.31629954694346 17.672777061811004 0.9974701660376079 -66.94364029902466 -2.5069098017604556 2.5186593702589826 -99.55887115072008 -0.3726854582840623 1.4622470569940829 -37.82916557542191 5.984957960836444 1.923663678150768 -64.51121394081636 -1.9508943259820923 1.9369988656385584 -99.74570665669272 -0.3536312715438557 1.2173571249091124 -41.26138971730074 32.85694117881263 -1.3551933051400664 -17.77686880604983 15.90070543484712 -0.2127892697812363 2.8428293776153346 24.469807120930295 20.385019898198504 10.972495056604899 5.424232923585797 0.8370266599783265 0.9650965029951092 5.424232923585797 0.8370266599783265 0.9650965029951092 0 0 0 0 0 0 0 0 0 0 0 6.3243964734164155 -7.661761112015257 2.4050341755254614 57.64868498705123 41.79738537409004 36.13467233714856 -55.58523480790443 10.359894320039151 5.982308867592268 -53.140242349737605 -5.262087417298551 -2.160405537895708 63.10497952053057 -0.37664952134589813 -0.8596293797661226 89.74364327362235 -0.10657041337466565 -0.33107421153824657 24.23655737161914 -5.138533588535103 -0.3248322235166285 66.67940429560774 0.12360518776509642 0.08462272618847429 97.95406078489164 -0.02961875466861508 0.03497054070623897 25.847410747624323 -9.90051658906218 2.5246407239477713 64.89570940953939 2.613144994007136 2.5388656713770996 99.58272129110743 0.16033566052160772 1.0888476380315721 27.021073194015145 -5.418597817732592 2.2047357440848327 69.98141628079667 2.0027990547594485 1.970395920051558 99.32250672035806 0.12094074840300685 0.8506995136143781 27.580009028048696 -33.015225162639375 -0.5010271212438693 6.212359413314186 -10.324378823289008 4.7138421864340225 22.996550251761384 -20.492117734299526 -0.0018328886012028106 0.00017228256146280382
-0.3444214959352717 8.983729374371162 -4.348026246887229 -12.929468261990657 -2.5068067738610758 3.731917231926281 1.4652303048829793 -1.3356082080384362 -9.698118225905983 -0.4660310276389955 86.1952231439272 -0.5372949189630116 19.850010861887146 -28.32241229439061 2.5793158672973124 0 0 0 14.72982425204452 -1.3347371224139943 5.405829198514384 -0.005145036550987245 12.522739285530772 -5.218617476359781 -14.428831606963527 6.479979133647314 -3.18836676820125 0 0 0 -4.8647711440507875 0.3009859964704056 -5.242489393693009 -4.996400181724391 0.07596407886302063 -0.9244911474939962 0 0 0 0 0 5.704185932805165 -22.663248659216105 -15.75683041402137 -62.96397933053529 -59.19783855227118 8.46394292203045 36.89141003244157 -26.494652979700312 -7.438656224015539 39.542549663142225 6.214337570147924 -1.9168072271373886 -39.9770440318641 1.1042546995857772 -0.9073282348399769 -89.38172143439903 0.2779849254269037 -0.44727118289464246 -29.411328695432115 8.500535070369976 -0.2927142595556728 -46.7565724963136 -0.028959274767967242 0.05055852088092508 -98.35180406380266 0.0091805692895844 0.01929987713866629 -32.48738375930995 16.466623761010034 1.130873139456986 -62.60021148466228 -2.5182486538562086 2.514504529121274 -99.76080250558532 -0.29838697769728945 1.343201717917897 -34.382983122069646 6.37896997381185 1.7677348911188866 -59.78380664560713 -1.95960260235181 1.9326408548019411 -99.8621940962808 -0.2796990146297112 1.1100461514570237 -37.10127064472051 30.525484708007173 -1.3296386089257821 -14.759090346785438 19.580678220835473 -0.4357316358881231 2.5193584647601455 31.30031100134023 24.131593338284354 15.446729839088231 5.857381403433119 0.5685433377610325 0.7530076052258873 5.857381403433119 0.5685433377610325 0.7530076052258873 0 0 0 0 0 0 0 0 0 0 0 5.363056067539849 -6.947830427076268 3.7314992612287523 63.29746501389102 56.41680158747814 36.399911581853914 -45.885592134484845 15.469848217506588 5.75257556532926 -51.009525670296405 -4.522637728178205 -2.0985184221058772 61.57938849815677 -0.5562233429313169 -0.8662080782868721 90.75534067529532 -0.06888689289080183 -0.32161550007750495 23.50311691528701 -5.772840204453333 -0.5079241187406305 64.74054679298779 0.10698572997407409 0.08752523969615955 98.97703654914159 -0.011491205559753966 0.038225723484805796 27.315967602991936 -11.354034665474929 2.1929381509349613 64.54919230186961 2.5888689456768437 2.54189890846482 99.79594559031901 0.15576357098472848 1.069331180043643 26.500292515510843 -5.129494314470789 2.1266721745010964 69.1418857102283 2.006104344515961 1.9693468660655449 99.66402778872893 0.1338726033818825 0.8620609881155658 27.7436609808297 -27.348887254442342 -0.3692864726089773 2.722880373298104 -11.802973463592949 4.464145165015663 20.42744749236166 -26.050069438055296 -0.0009122629774016576 0.0001306258045700305
-0.3720756561767609 8.7939862834628 -4.446215696454194 -14.389851048955226 -2.714828120610203 4.105096090153947 -2.284431441167278 -3.775883988472242 -12.64880260929066 -179.43864681735943 88.24230598710088 -179.47430527369062 24.21022502219081 -23.98466640260982 3.221718177833457 0 0 0 13.419662580281866 -0.4084805223956412 4.830561604322528 -0.00693143360633581 13.821531081409262 -4.846867986956921 -12.158021518630521 7.565355622382935 -4.407017238156554 0 0 0 -2.8421772168352786 0.921837832052886 -5.8786081665997525 -2.9640108945524553 0.04547852587938034 -0.9366601942889544 0 0 0 0 0 3.968829133967967 -20.241428951381398 -13.738977868677912 -63.21936908871213 -58.18692592644815 2.6421168742116863 28.68189085806112 -33.69592282795752 -7.637924665270434 40.474234401652886 5.897096856803701 -1.820028544213736 -33.67135134161927 1.0009615563264473 -0.9080641733516268 -94.69144000306609 0.12752945614887537 -0.3161260240432579 -20.274893797733668 10.470047104820734 -0.7202886204448372 -37.97139868006004 -0.036539572366053645 0.047427725105035026 -99.17590383114998 0.005211922907653361 0.01268175540929746 -21.15331043235808 17.264136194049133 0.5708100587502036 -43.2334935349254 -2.5252076023726593 2.5119319825519795 -99.88486470972207 -0.12607262563858684 0.9683529470109374 -24.215443173262383 12.769477746252313 1.4185223770213238 -48.246932168790565 -1.9649486957708695 1.9299546376811554 -99.9337610994505 -0.1434683285004522 0.8542620116621656 -27.857866368382517 32.348759664662104 -0.8879251815584573 -11.868904072937562 22.63119823723847 0.6331386045152525 -1.843043551115464 33.84907823782386 25.46235955150185 16.87662824407682 5.987547450123207 0.2867776820379566 0.7834964825591956 5.987547450123207 0.2867776820379566 0.7834964825591956 0 0 0 0 0 0 0 0 0 0 0 4.7924611023749994 -4.2873179104627654 3.8278698404505915 68.46437407212544 75.8574245714071 27.51960183182407 -27.47006520744054 23.50463648853021 3.9798621456772336 -44.466533843409074 -5.047380643566448 -2.0173259630273184 53.09190338239815 -0.7029530894005738 -0.8735986077973422 95.3781852398949 -0.05861958010539448 -0.3419483537482161 25.080582439122335 -9.0305672728694 -0.7145943575901267 56.293644501774224 0.09869609378669904 0.08908764732453138 99.48852427537535 -0.001251024307693706 0.04242618080892178 29.999432266540023 -16.321408677964598 1.707736313419421 49.252381365977925 2.576735212712582 2.543449393822754 99.90255856012067 0.1058477261153821 0.9265888467040782 22.809407603353538 -9.191598719242029 1.8067040696953798 59.01220559226428 2.0077545931064837 1.968814864388164 99.83478882274834 0.1374695586716479 0.8610132360440204 27.59772382897095 -23.247631373962953 -0.36452605331473276 2.3945557909998887 -13.504130632366 3.7442262175903713 15.742029493966157 -33.63228404741799 -0.0004518035795894288 0.00009553801488868259
-0.3815538248208995 8.710085060334727 -4.58204419652099 -15.634314535356818 -4.147056083351528 4.406339559309753 -4.99515943432758 -9.099299433707367 -13.466486739913945 -179.82766543821205 87.0766453985107 -179.84549931373428 26.076458441445368 -16.12656339337592 1.1603512261747733 0 0 0 12.47606365044127 1.595973676226955 4.570552908784544 -0.006699348841217763 15.120043183727615 -4.573180579566751 -10.33064533570209 7.400767812739988 -4.291923991542774 0 0 0 -1.0492281232091634 2.506035291645683 -6.862603128057347 -1.1755924112565488 0.027681068578404477 -0.5579823149798119 0 0 0 0 0 2.29418523808189 -16.78595566823248 -11.750218376357315 -66.38581098234701 -52.48460204408593 0.6997719848363277 29.73498040453457 -37.57163895454257 -8.157584513978092 40.59448672615014 5.6119636670891815 -1.8439325506611932 -35.500605303323546 0.9494514036444331 -0.9120186046247237 -97.34629930693177 0.07762929143381071 -0.31327387011444485 -20.865587327985192 9.770794752499784 -0.8794727776265001 -40.167130112899024 -0.04031264096108753 0.0458215262155774 -99.58795338631896 0.0015526284264957538 0.014991666757171502 -22.857002706084646 14.245563623061612 1.1221247510543417 -45.779354296953386 -2.5286849317375752 2.5106400494828045 -99.94689564583102 -0.10624173741524594 0.911303478671739 -22.730671796692388 11.674516629099854 1.3154833262695553 -51.273708360023896 -1.9676201249581637 1.9286089679398724 -99.96954451424791 -0.15489432516455692 0.8795691053150234 -28.739504462807954 34.06188893106553 -0.7845232869150564 -12.48091553617155 23.810871878985743 2.202351312090155 -7.063361271619614 30.106171238133953 23.881180938208946 13.677768495693122 5.827644935607683 0.037465251123931884 1.0811140571333355 5.827644935607683 0.037465251123931884 1.0811140571333355 0 0 0 0 0 0 0 0 0 0 0 4.452022846586555 -0.5247869285201673 1.4151969791691945 71.80799923610917 81.00140830309019 18.01036756288328 -16.393119219680923 27.553488633073744 2.9150440876596377 -37.93243534271708 -5.066415358296728 -2.018487602108922 51.85449687583027 -0.7233047943386215 -0.8713959899377276 93.08821692550332 -0.060168923096182464 -0.31133921697222894 22.71691711065577 -7.526476406136969 -0.6947047832202535 54.24524621057766 0.09642305627229564 0.08952946905309354 99.62892686936776 -0.0004773940263995837 0.038619499987255466 27.22621952668477 -16.77781344525686 1.5002926125946998 50.32294211174104 2.5734049231789333 2.543878838215894 99.93182224484254 0.09371568606528555 0.886712464113685 21.79229382765592 -7.574668585405314 1.8059442604781353 57.895916030792456 2.008207228144837 1.9686679285874873 99.88166228310297 0.11020478796420785 0.7904903943089606 25.197023042789347 -20.328202610613427 -1.2796455248345695 8.419561451581222 -14.063702542136818 2.737700136844433 10.67226628244356 -40.511115727816076 -0.0003242596508768035 0.00008918962367338792
-0.3898734915879367 8.717004448786515 -4.740415775443634 -16.458699123076993 -6.386619765094882 4.67421435363151 -7.279139898826291 -16.263034703743976 -12.360518475370682 -179.82025535498724 88.67973108828755 -179.81988011334218 29.42799511702698 -12.885779029731573 -3.176047477011565 0 0 0 12.55834072027066 3.952727408141516 4.680105827924841 -0.002706189918754504 16.199601523496963 -4.639555584313003 -9.478360191240943 5.95976303646016 -4.283674356654605 0 0 0 0.7019459560944165 4.938768231124826 -7.60069482160915 0.5734137756217836 0.0425834252804998 0.1596146236071522 0 0 0 0 0 1.0276742666960352 -7.371148793101836 -5.468612413149827 -71.52658710124092 -52.57937249262447 -0.26647009222998136 35.692238404584224 -40.75989460747044 -10.729906067187365 39.68170856716734 6.137443604729829 -2.021666896549669 -39.232482937302606 0.9237788590306819 -0.9148895699193006 -98.6737280039024 0.07556864212646817 -0.38054505320597715 -26.167424930542914 8.770497864908386 -0.8473264172286199 -45.79624325239914 -0.04219481512566777 0.04500825987129129 -99.79397799679765 -0.0011233708762220592 0.018413028053218865 -27.096329674650097 10.107783449092901 1.9440217662527182 -51.16906851097395 -2.530423104393087 2.5099926947127407 -99.97791069268553 -0.12362458784402072 0.9634766729654486 -24.08563179769661 8.987310100885487 1.66449775467764 -56.6112821990064 -1.9689557898795174 1.9279355995576088 -99.98743582439906 -0.1776804792354636 0.9277410583736461 -30.435250572405995 35.50155321093776 -0.6392828451813183 -12.028456268092622 23.170428205325056 3.9192090251783243 -12.873829901788248 25.1567893126842 21.210102792460418 10.017845733443083 5.327135828267509 -0.18642535309688119 1.7367907623639292 5.327135828267509 -0.18642535309688119 1.7367907623639292 0 0 0 0 0 0 0 0 0 0 0 4.324595362179778 3.8642604717485907 -3.900680846774285 74.31814475597415 82.3333491336446 8.310347257686363 -7.526296578120826 31.451629369524927 1.4003780393095224 -31.49508775820556 -5.085420553467183 -2.020059948884126 50.617089748535356 -0.7437282437872631 -0.8700082874469732 90.79824865365471 -0.06297933677925902 -0.2808200031281765 20.353256415997155 -6.024070863267324 -0.6210835590351165 52.198097534224566 0.09415111262267992 0.08997685366275225 99.76933103559372 0.00047950816156732724 0.03485470427826833 24.45300546927526 -17.2379763120845 1.3014153380490157 51.395025023090795 2.5700749984865148 2.544309991984309 99.96108780297504 0.08229359584300332 0.8466270468385212 20.775200422780742 -5.958016593241502 1.8366657501794157 56.78004148101723 2.008659649656274 1.9685207792303137 99.92853688305549 0.08591866644401219 0.7188875207537593 22.79639353984836 -17.519192726657437 -2.494918392290065 14.393929756582944 -14.53172459281015 1.6857991192520818 5.616076755664576 -47.38994677114081 -0.00019839413985208145 0.00006761098199486342
-0.38899634502744457 8.75460518582261 -4.769790144520688 -17.012552415707404 -10.768056122713489 5.141071694688239 -7.835087741066516 -28.626870801638542 -10.348820659932832 0.10752390987184318 87.65006289286579 0.3100252175082219 27.14270735649374 -5.411752814063643 -1.998795561353151 0 0 0 12.63890927649503 8.05843935403544 5.219107812858343 -0.0013696927224058672 16.465111036845958 -4.633077289423929 -9.966192601651496 3.506093765791452 -3.4001168514817297 0 0 0 2.482047254125973 9.417780160771494 -8.324221992466732 2.306526334363135 0.12232439203192078 1.2719584808267321 0 0 0 0 0 0.3023193774119712 2.6098834420521486 2.0009836533744685 -74.30604559144464 -57.385896537630515 1.7117085561580685 40.39890697946124 -41.52587735557993 -11.972025482245193 39.92813140436151 6.248464677794837 -2.0808064215685755 -41.39614076759477 0.9109692031711232 -0.9165479168567885 -99.33744229933114 0.09487302007005485 -0.4529452441508473 -31.758813034347572 7.938914276715904 -0.8127862607618216 -49.76573113981628 -0.04313480660901849 0.044599088726224444 -99.8969910478424 -0.003036126194342708 0.021101439695901426 -30.833073344885054 8.193296759484136 2.2047039174568726 -54.33482036783353 -2.5312920079349066 2.5096685901512794 -99.99341842222636 -0.13799274794411828 1.0035745110869414 -25.13480862121 6.661058557425343 1.878048770829509 -59.531191140335274 -1.969623349796805 1.9275988086842482 -99.99638122498874 -0.19138438777458935 0.9550627283905094 -31.40798837326749 38.06235759162575 -0.4813780792604755 -12.56972295581734 19.651615075851403 4.279064300094452 -15.353088059512942 21.7628413152669 19.078386234621252 7.692968454578025 4.518795591976023 -0.350206710038177 2.7363218998338685 4.518795591976023 -0.350206710038177 2.7363218998338685 0 0 0 0 0 0 0 0 0 0 0 4.652319601090559 8.260482055866628 -7.729920089259507 76.72810405343193 87.02290190262828 11.318912789961614 -10.507505107025946 32.96806746438989 1.1745455636704731 -29.530822305332507 -5.8386471835951195 -2.177933691389308 52.59939980225544 -0.7316148219575715 -0.8690617169949761 90.29194048772143 -0.04353316369403503 -0.2680105300873436 19.41789574833439 -3.1857184449645457 -0.3027005311463864 52.545221070514444 0.09228555066146184 0.09034854581388602 99.88467087677867 0.0022850968067532136 0.03455143448534264 24.13446424406626 -22.349814655268904 0.5278012614772878 57.52307941085969 2.567339719079258 2.5446655123458046 99.98512894204625 0.10981303675518886 0.9348337593513276 23.015070498311005 -7.702989956625588 1.6006933589781458 57.36054195780854 2.0090312716640475 1.9683994717874331 99.96704302948206 0.07378832937339704 0.6778857832533917 21.4281210348468 -19.34010014877369 -3.4910623876814397 21.389503728859538 -13.433749406224926 0.27880093777983017 -1.3838815114505352 -51.13532588397172 -0.00009809176030610022 0.00003704886616297453
-0.3776630581272436 8.845227228730746 -4.882921281739156 -17.090532498274776 -14.199009236770593 5.36442382427705 -7.231538688756206 -37.03658009556314 -9.19773430270005 0.16480255997980334 80.47735757135192 0.7651007564529015 24.20611450644027 2.350794185124973 -2.0791554001498684 0 0 0 11.723355411119877 10.93237838951269 5.395453618347079 0.005054246415485714 15.024182785389181 -4.190977631941473 -9.688893764268308 3.827626398791993 -2.8145416689993783 0 0 0 4.632814225228371 12.717398382054391 -8.321455809344126 4.368376067084503 0.21406276205110333 1.8932252976393729 0 0 0 0 0 0.03178469793723142 10.828376972703246 7.8506833524641975 -71.59792893273826 -59.24697098746018 6.231024883994193 44.60566446975018 -37.54997532056826 -11.286177742932914 40.06102760832759 6.76949551277935 -2.2148863371665146 -44.269511514052276 0.8855120246586684 -0.9186868941528427 -98.36350533606695 0.16827543038931617 -0.5827626950469041 -42.27009225928575 6.633851125879306 -0.7240936048743486 -49.43304705414252 -0.04360452219753562 0.04439387282928129 -99.9484965075181 -0.0059770415370931996 0.025709681669761394 -38.067222769248936 8.05126755396101 2.0556143601353867 -51.64638542849882 -2.46678924793938 2.5145579414034205 -98.39681308005521 -0.7237542531791131 1.8866389540115578 -51.4595110284384 5.771533171303811 1.7447381540625797 -55.504684283620435 -1.932346512435966 1.9307362841394582 -98.79814846785229 -0.4327682403678758 1.3136606801571449 -45.20829864008965 41.03870329908208 -0.4003343050309353 -16.70461807463595 12.576719645261166 3.3306088903891444 -13.905082838142912 18.60485591696517 16.84894006777633 5.768351146528227 3.4140015044107126 -0.42407372226089957 3.9276293788294723 3.4140015044107126 -0.42407372226089957 3.9276293788294723 0 0 0 0 0 0 0 0 0 0 0 4.068940062615045 7.6814399093331724 -53.36369974038293 77.44656828166676 -0.8843715196123885 3.6705736930797137 0.22838702232869385 44.43985979801311 3.7631621322653923 -28.91987445919048 -4.3374675414410016 -1.9464844014045795 44.61443190351014 -0.7617308639316495 -0.870971615380312 93.05375976598509 -0.0675066465075811 -0.37798759825981476 27.886036263875557 -1.561999487332146 -0.27528438978465225 42.5926184993252 0.09135304430664001 0.09053580262018723 99.94234171366297 0.004020141918626294 0.03674051053811419 25.666130821587974 -21.67034095075075 0.03703729365824418 43.45860228998364 2.5659718955398914 2.544843699871561 99.99714943935106 0.15837103248802387 1.0680801840391245 26.45779321705575 -8.023754836357192 1.2329064034963453 45.529938128683895 2.0092172024426067 1.9683388180693033 99.98629648676526 0.09100349543929336 0.7298861782951395 23.119469761496166 -20.43746450571031 -3.3309013750489522 21.50201619950344 -11.299311160306036 0.029817428956379285 -3.5705515229900713 -46.87375448856528 -0.000049735106047172295 0.00001669961339454876
-0.3399640309518281 9.131044606267034 -5.722615373978018 -16.925298150514358 -16.206006514908864 5.467798825539534 -5.662310451499661 -40.605781750492284 -10.95143381201442 0.11737115828226838 72.71279606360343 1.0286377821598203 24.73461208688658 9.707747983503436 -1.8652130528680815 0 0 0 9.415307017403531 12.21111638348553 4.355188578691627 0.027719149012098463 12.187300452889454 -3.190747657371286 -11.730489879590346 6.939850509403552 -1.7135355851140077 0 0 0 6.156343037609296 14.2612324668714 -7.396901079407232 5.769451487050073 0.2140939783679415 1.806556094327129 0 0 0 0 0 -0.020120058467737234 17.12204144711022 11.638021699885567 -68.19128307392428 -56.12924720493379 11.123318732981001 53.660386504756474 -30.284970747908606 -12.357511243803215 36.66019581804771 5.335359446559804 -1.9618247497144996 -36.991758270163324 1.7029272236016615 -0.8893810940981959 -88.03190150682119 0.4773219980350221 -0.6089516970815086 -42.68433793431963 6.016559294306489 -0.7302400962019489 -40.12617192418209 0.7295091467623729 0.06942023209964501 -89.41446699650618 0.17641226390468037 0.01747483749167379 -35.55794129787259 8.968043371176027 1.6868901808999754 -43.821712294853164 -2.596617706670565 2.3380682822689116 -79.4389372566417 3.5576113396637656 1.6653643806263851 -49.98068684463959 6.664938184865888 1.3902594220682156 -44.677653125346 -1.3355372802781333 1.9310160538607906 -86.49270133721899 0.4971090160439613 1.2073344601788774 -41.49955878060257 44.68525006349629 -0.14259095158384913 -21.45465321863503 7.704569308755307 2.3449699745718333 -9.742209456681078 14.034943467197674 13.207379163976833 3.5171423573111187 1.8858094079001064 -0.32873800799100594 5.201407476269564 1.8858094079001064 -0.32873800799100594 5.201407476269564 0 0 0 0 0 0 0 0 0 0 0 4.442842869160472 17.077208434417113 -54.76891131914045 68.97806356571017 -0.2598689523545214 6.253098586498611 0.1341216335257313 53.88028308648839 7.560245733430306 -30.162604139456114 -0.046311132250334584 -1.356814861958398 43.58506563082718 2.2430869820561186 -1.2488120945657808 64.2790812110134 2.8577619513826535 -0.30102348298686493 18.557990681295177 -1.387351229077217 -0.20058165459131902 38.709138468065646 5.362744782854503 -0.5873102372726329 78.67999873516077 2.3180545769512424 0.18153137726301813 26.014354340917176 -13.214805432841455 0.014976033694266588 34.653064939360114 18.462366322147396 -3.6073138543388903 58.30632327160277 7.024403676305274 0.6733457397009486 18.697269344540846 -6.379981675875971 1.07061056948822 38.63790622038309 12.5034003404625 0.5475867362430888 80.23381274896511 2.875517795336501 1.012943459425368 25.72945684173756 -18.326370068369844 -4.1308574506898585 24.131442033821514 -6.848800621986519 0.3841264999483058 -3.9104937818229235 -30.5227140599925 -0.000026067138151687186 0.000004777181732450212
-0.2749007001400471 9.361691419932157 -6.136019833625999 -16.44448033771198 -17.199453642908647 5.1678238968059285 -5.036810420038378 -40.63620582397215 -13.425723376789147 0.09666262312465676 65.06664870813576 1.3542185868454055 26.004802232693674 13.756876031909583 -1.191508759627482 0 0 0 7.4797759737070155 11.95669070419593 3.649068132910171 0.033656458185769345 9.478015617503855 -2.359770742423491 -12.6104018437109 11.782390095340526 -1.650053228934648 0 0 0 6.921800102793775 14.450811040548114 -6.3226986653224 6.449725156694574 0.1951381881468623 1.6169161619062724 0 0 0 0 0 0.033183825970510304 20.241572680242104 12.768787496411894 -64.15515120012182 -53.98188736396297 10.81616249681155 55.944913246302775 -23.16272516244229 -15.227008888285765 29.936029481046994 -0.28416518756839315 -1.4595318145684169 -26.099871453638286 3.9745677472414123 -0.6511469957164894 -70.84461627601071 2.0525928429788025 -0.44949039531843143 -32.71678458580562 5.876868581927999 -0.7121263869429879 -32.44671474295539 3.0560703097524597 0.27734326219416966 -70.45488020506083 1.0746822153362645 0.04071991039261658 -24.668116666108144 12.513199569731283 1.2128813840122326 -38.43435781563534 0.8113120841553647 2.386981784456063 -58.89207219964526 5.411823417690483 1.2466728843447445 -34.015748830689034 8.976794851799536 1.0142209046821684 -37.115635190296906 0.3000942080389026 1.855821995506213 -66.35814838451452 2.010727544350437 0.8977738559444981 -27.027370740297947 46.48238696895533 0.09869947730215366 -25.783061576046414 4.194826918950042 1.693587213779551 -5.185683411079947 10.787037744351798 10.388264599873633 2.1727612181351366 0.4641381805105736 -0.08533113231037123 6.087659488436479 0.4641381805105736 -0.08533113231037123 6.087659488436479 0 0 0 0 0 0 0 0 0 0 0 4.535721518587859 28.077791582594486 -57.89260081305892 59.72950414038662 1.1664891069842755 8.666006012398679 -0.03783476355841907 59.10598444499395 11.426463878473049 -31.935812299709944 6.310243931458517 -0.742875336042455 36.216841375631645 0.11873510246556986 -0.21817413829343998 36.920335549551936 2.078103423744787 -0.0707159679788981 10.54658282461552 -0.07910084454070329 -0.14257610388055722 27.90512765792035 5.376039278644222 -0.09735236058900872 46.730326794085094 3.1356876316337083 0.116094792454912 13.138304009229829 -14.147613494791564 -0.21759632946016633 22.361623523847125 13.988543804347824 -0.27496720921833756 30.121603782980337 5.190407159751734 0.5927875390210456 9.871458259607687 -7.577363719738072 0.6685202537360226 26.536878639157766 12.02245058096762 0.8542352749032421 43.76039901691979 3.66446194389741 0.5548649597999974 13.520320103747208 -14.552427000138229 -5.132120332375681 25.463325381652442 -1.181481079373795 0.8454415596145515 -4.658778716573965 -13.953133943789513 -1.3192977144911289 0.13086626315314795
-0.2303291075504355 9.473603306064037 -6.2750271090026075 -15.273296344083713 -17.42971604625303 4.468983827580857 0.28894525046190433 -37.414920083276684 -17.976391049264244 -0.08281976577222161 55.95512951895585 0.3619945855889089 25.255633255892455 17.126876447301814 -3.66402385554695 0 0 0 9.013201656665261 10.726511901608736 5.602464330769061 0.012028643937510991 7.826534976219106 -2.688267053208466 -19.19484614501875 10.632262943341278 -3.551733798793975 0 0 0 7.4845150372707705 13.769306141639914 -5.222767185565702 6.984598047534085 0.060565453094140465 0.5660598996689881 0 0 0 0 0 -0.011529232431346922 25.16728175856351 13.944824252617272 -57.41477026913398 -47.65408361141783 5.710222856293481 54.1326066302691 -22.61006366046634 -15.528293738735503 27.900178970726987 0.2056927324098272 -1.4336489944441415 -25.57315865629345 3.6522356069897017 -0.6263516545748294 -72.88110460419342 1.8526988576230201 -0.45223648319045245 -32.172902391243525 6.018731968354664 -0.7132167936004004 -31.248423890720904 2.7456094834470086 0.32648889131572983 -73.40943520957862 0.966953068170217 0.05761745116674769 -26.773285230197438 12.343395851814128 1.1054538052272826 -36.6775151472803 0.4914305307330524 2.5071127176404087 -63.00195812733935 4.874071493053203 1.1269610295826453 -32.42750194605063 9.161014567823557 0.9495288704906002 -35.81673879067108 0.07969679731463196 1.9229347851658254 -69.72219762471312 1.8149339466960026 0.8241989104591356 -25.574211399992294 44.72471950546161 -0.2474116983703694 -23.765136579117573 4.917272897592121 1.642974013947388 -4.845393475199753 11.473756793403027 10.9992894812441 2.4368405607774113 -0.7084142547400996 0.18349677416844346 6.553437819778162 -0.7084142547400996 0.18349677416844346 6.553437819778162 0 0 0 0 0 0 0 0 0 0 0 4.228373121838598 42.997641460237524 -59.16889587573763 45.785101023713224 2.5381550362472742 10.761557237048807 -0.45538586512039486 60.32644241839068 14.756918688552824 -33.284862975243264 9.158325211293741 -0.16521562143101057 22.382503180493426 -2.838047552919229 0.05964924674583142 21.454072878328862 0.18096091033860798 -0.01317027319618201 5.561487917863898 -3.885956797496073 0.001253840804556593 12.191674461174097 2.08138421918298 0.4472625114918401 28.664999708058346 1.3679938312090705 0.1476460681778676 6.5681042956614055 -26.48622977558103 -0.7221597602699681 11.476098934283371 5.562733492185779 0.8929378650736008 15.249362208627714 2.489907274244018 0.4087689718216481 5.023250057984989 -14.73341319737924 0.2142274214529882 12.12502721803184 5.128594719635528 1.5676218558638266 26.63633602496186 1.9714838970839936 0.3846916307800343 6.76965993118224 -7.710409441086512 -6.784189158796527 26.02067777181505 7.865230800605539 1.8210023376934208 -1.2352347666850332 -2.372147428223573 -5.290899041213187 -0.2782555861554248
-0.22513503678287292 9.43510570718592 -6.479238188881459 -13.220245722735108 -17.255120616496274 3.689494675025733 8.125280240504372 -32.31222353710047 -23.550652152397497 -0.2530756836135488 48.13551370190859 -1.8913856238164926 26.110095415000014 17.64323360151742 -7.723920641869024 0 0 0 11.545774623700412 8.69595110208059 7.386950444669978 0.004664029971578534 7.641479745216967 -3.5161635384992156 -20.99730883544402 8.440053574796188 -7.706380194741867 0 0 0 7.213078751348481 13.128980089956537 -4.415219622528302 6.763897456401237 0.06302996553923738 0.5686014643885977 0 0 0 0 0 0.217285198042079 29.49846687302604 14.5872620129142 -51.73712317409437 -44.191666259944114 -0.21324118596759523 46.21979349364429 -22.045839535797725 -15.8104295029903 25.85849458882323 0.695762937145907 -1.4122698857249372 -25.046248519231916 3.3292270927366028 -0.6130260298566577 -74.91769216641663 1.6527878179747002 -0.4530849472304198 -31.629011453916018 6.160541796480306 -0.7172734949999054 -30.050138666397196 2.433026865742931 0.35956638318639617 -76.36422385374293 0.8586757360798203 0.0705462469872133 -28.878483990717935 12.170383642649268 1.0032818352876023 -34.920420819969706 0.16372609400893395 2.604027047177395 -67.11279973222098 4.333227223079979 1.0222014266091848 -30.83825544121045 9.343717226086167 0.8806785016101042 -34.518083538701724 -0.14426925607172142 1.9770052743718194 -73.08660153393232 1.617340461947437 0.755612700200485 -24.120833471773302 42.955891731271876 -0.5312620206711619 -21.73747379673514 5.639387182067228 1.588077063815494 -4.505778103846431 12.164805251828446 11.607151486318108 2.7089390460091036 -1.6677278388045762 0.3003825302751178 6.779946889005093 -1.6677278388045762 0.3003825302751178 6.779946889005093 0 0 0 0 0 0 0 0 0 0 0 3.0316259302126376 61.35265158703087 -59.68141340018054 26.721342222515247 1.8743425814173709 12.285506830090231 -0.757981150807219 58.922390930120876 16.79497941880308 -35.15706121362524 8.948778982836778 0.2778828267917243 15.113363752873282 -5.462449860829564 -0.1511609061470202 15.135896572556259 -0.586521625956849 -0.033176141638173895 2.8165072027278644 -7.907241350862259 -0.3959076752959622 3.6410373616957803 -1.1658996954349459 0.3211558691403367 20.941775848453528 0.21144850160907647 0.07689306545793712 3.5286772493182252 -36.81333490072075 -2.1041609645575416 8.531236555810265 1.0676092000861934 0.6509280420024495 7.967008402471623 0.9122579000533011 0.22359780236817786 2.6183561179830193 -20.81656314154984 -0.7816650660375144 5.7026959604009235 0.30183819518880206 1.1693037911387432 19.09667892007838 1.1243553943752558 0.22520050787674067 3.407261012553187 -1.4874710474292463 -8.52930635026121 26.792912398642443 13.692778338066397 2.139940688793296 2.1653203526223788 4.920825684974377 -8.621194743949252 -1.2040863883080253
-0.22564620350922218 9.374068768706277 -6.727756297013524 -11.003162304102892 -17.12219692364536 3.1325100754139514 12.851041505703748 -28.3955583454872 -26.889081562189126 -0.19911585816539115 43.73702914888984 -3.391310923942444 25.263013523710153 15.039566561218775 -4.512684508887699 0 0 0 12.670182335989672 7.141927198489076 8.209086181352369 0.004598541210996624 8.182715128722624 -3.9904887798407236 -22.456063971046785 7.515768220323085 -10.301570340107679 0 0 0 6.71642118357696 12.825681516347071 -4.282838664610813 6.32376979801703 0.08956329987514369 0.8586483497736199 0 0 0 0 0 1.6138416454181077 30.904272626708067 15.201305917712073 -50.601843658823974 -41.78147626029223 -4.754304809316866 38.08298239034049 -21.470744861609205 -16.073005941081192 23.811244358511097 1.1860051108938579 -1.3953977761124363 -24.519180271841115 3.0059494828723374 -0.6111872166546001 -76.95431948132745 1.4528779128491722 -0.45203584013638765 -31.085125814887807 6.3022357244352705 -0.7242946312648392 -28.851865675337017 2.119153857431548 0.37648676506175494 -79.319158420803 0.7499965260666189 0.07948879989403905 -30.98370377385567 11.994324917831179 0.9064623999037942 -33.16307683199602 -0.17011254767686293 2.677221307831115 -71.22441014716415 3.7897012580468226 0.9324835420793749 -29.24814133414158 9.524808628673837 0.8077059596742453 -33.21967780021191 -0.37103090894656543 2.0178460201344555 -76.45128840733983 1.4180738338502223 0.692060132415337 -22.667249956816438 41.17804353281736 -0.7522240994121406 -19.701915670567256 6.361143820041742 1.5289070154849431 -4.166890520467293 12.860342747391464 12.211740090025316 2.989126295514597 -2.2901318337002556 0.0024646577545033386 6.93086291377727 -2.2901318337002556 0.0024646577545033386 6.93086291377727 0 0 0 0 0 0 0 0 0 0 0 0.9557413549100877 72.20079123550933 -59.6985674212774 14.084458910019615 0.4357898139999426 13.109366704004678 -0.5309367870512288 57.168295680938314 17.48986063385265 -37.2382556910251 7.257539291099746 0.38575769799459614 10.195808130784672 -7.265059622793098 -0.3942749544622988 12.349835328699204 -1.1494083056237114 -0.06643569746868654 1.4347832392197222 -10.555872950670667 -0.867057360048802 -0.7580840224343406 -3.9945708997655642 0.07210316446850194 16.713940496928846 -0.7819455383679733 0.0008227850083962872 1.804138737778487 -43.424464248573614 -3.09037912829014 7.706770193927418 -0.3961262613468615 0.3375575854934972 4.427965954866945 0.439936428286885 0.1211372971388281 1.4379245830240062 -24.690350417883423 -1.5965933294798211 2.0596306452098214 -1.7821864443965811 0.7387834972479003 15.316167899720575 0.593320295202434 0.12245515310025702 1.714054970560857 1.4408218218753883 -9.466674845442403 27.351645944610123 17.7158121041224 2.2106473918421488 3.9371447275681932 8.797230034524809 -10.403139028715506 -1.897327806821616
-0.2276900931341478 9.276636054083745 -6.859681894319015 -9.173557770521878 -16.895142353390497 2.5570002498788935 13.678151601928587 -27.40386903405721 -28.02684012588666 -0.10376501732036117 42.07236127361799 -3.6747485903627717 24.916519765439585 15.050263898885767 -2.5284049202460515 0 0 0 13.208760871995016 6.76775147133735 8.754091764423732 0.007379579304887101 9.669901661491934 -4.375087565382557 -26.511460115420988 4.900902597793608 -11.460641411096251 0 0 0 6.4006245993666075 12.662603422299128 -4.167771104515267 6.068827453119854 0.1484712431620819 1.4617577858592194 0 0 0 0 0 2.7786409205840963 30.219286421289045 16.04538066584852 -53.115493795890885 -38.50748919512868 -10.104823671345951 26.536082994950227 -20.885510034675107 -16.315633189797985 21.758727549236212 1.676378729540602 -1.3830352352336734 -23.991988684751256 2.6828105439782006 -0.6208376044196091 -78.99092686099581 1.2529868384359715 -0.44908916272961824 -30.541246105679903 6.443752187232363 -0.7342771210557325 -27.653612168035455 1.804825479477977 0.3772044840571733 -82.27414457830162 0.6410621565643093 0.08443300813966917 -33.08893387025152 11.815384234817177 0.8150872528302241 -31.405487394484513 -0.5083626506278303 2.7263149314753483 -75.33658286041812 3.2439067717035868 0.8578840170332166 -27.65728078933251 9.704196652568992 0.7306495673010951 -31.92152899442582 -0.5998049188663046 2.045315097318874 -79.81618149467289 1.2172614312145942 0.6335828073943458 -21.21347409643624 39.39338279309493 -0.9098039560708728 -17.660386273470717 7.0825171803765326 1.4654754817375266 -3.8287851283648417 13.560529703777222 12.812944188361001 3.2774741558920337 -2.813099985075398 -0.6091101344044376 7.140993385261106 -2.813099985075398 -0.6091101344044376 7.140993385261106 0 0 0 0 0 0 0 0 0 0 0 -0.1706161992507708 74.88766881810163 -60.313770967280455 9.391376632616483 -0.3352145637022872 13.245898725944674 -0.30880082382417395 56.18581962760881 17.426755869740727 -37.710420709025215 6.526757210934256 0.48907005523823754 4.926381351489599 -7.642323794203574 -0.5027996767054446 9.882185526416109 -1.386162771150602 -0.086091305201126 0.7807177769910528 -9.002971285210377 -0.9274072958625544 -4.793480328467765 -5.122782703202933 -0.09917636395543249 12.231103866453592 -1.7653313429185784 -0.0743659066034352 1.0401345851418868 -44.365222934424594 -3.534722097859561 5.173143982555658 -0.5600881166112088 0.1654527180277489 2.5547621520044337 0.17201986644458808 0.06439945266515397 0.8424121490840818 -24.110909039728973 -1.9760766699287815 -1.4952507879876473 -1.8398029277002077 0.43429170513196363 11.132491709866452 -0.23151552383501275 0.04028522944130672 0.8562072630632561 1.0932290484397869 -9.685555538499177 28.292034164859565 19.254959083284565 2.083757517861386 6.162677924557823 6.96723080129597 -7.7827008852507324 -1.1372482591129331
-0.23758949606915614 9.05758646407835 -6.981244431886694 -7.716917355236209 -13.860989971837714 1.9363282976181533 10.576197203951532 -22.431343584194266 -25.922262479575377 -0.025832146871480405 38.20995569023131 -3.0823328665040974 18.436028244381074 5.740656750565736 0.758942216537845 0 0 0 14.15464389524691 3.9750330967747853 8.630080362777578 0.011156196135842391 11.231948232676988 -4.910077957437824 -27.228972121654134 1.4864158919127473 -11.228529634360395 0 0 0 5.900473106546468 10.859734240408695 -4.593918750454598 5.68811285447496 0.23385183897990863 2.4899836187036932 0 0 0 0 0 3.69210203943982 28.34332510271571 16.99140360644117 -57.918058733549344 -36.850955937250525 -13.720254071725906 16.200848905034047 -20.290885207326845 -16.537951579139367 19.701277340119926 2.1668433578059374 -1.3751842199049509 -23.464714655707336 2.3602177680363816 -0.6419648225676347 -81.02745301782991 1.0531329003551455 -0.4442453175182396 -29.997378785161875 6.585029169215389 -0.7472165550909633 -26.455383317913704 1.4908784346034658 0.3617176152250254 -85.2290871597971 0.532019731214158 0.08537217352188826 -35.19417398559905 11.633727763191215 0.7292431812525298 -29.64765769414424 -0.8492768382831755 2.751052248661036 -79.4491023560326 2.6962607896111606 0.7984669010980052 -26.06580903646066 9.881790108096375 0.6495496957716791 -30.623652391673353 -0.8298008989995079 2.059317002133033 -83.18120107167769 1.0150320939130102 0.5802189589088341 -19.75951457911299 37.60417804765179 -1.0036465592910142 -15.614865931171789 7.8034827212070095 1.3977949241141374 -3.4915153244895123 14.265527521592173 13.41065201274373 3.5740567828200818 -3.4796543523919072 -1.320217472695635 7.295083705596031 -3.4796543523919072 -1.320217472695635 7.295083705596031 0 0 0 0 0 0 0 0 0 0 0 -0.411803966600077 75.07804515191803 -62.70649171742241 7.5528776726309035 -0.7049746304275563 12.266421462567013 -0.1599779829553254 55.3387498497649 15.817594039237392 -36.88703675520589 6.382084688423291 0.4526907582958572 5.467474736455402 -5.688718860964 -0.4466270978035908 8.621349239112215 -1.2726191002096667 -0.08352830725760525 0.544500075530148 -8.594075386828075 -0.9379087156030528 -3.2609809214176475 -3.975516583244063 -0.14070600037548142 10.824908953562316 -1.0124874869523361 -0.0482357787871031 0.5295705038099462 -43.397349577931976 -3.620983917479519 4.609488954938792 0.5480475946093359 0.13133666196842816 1.5694610059052643 0.7952817671208089 0.07275696884095764 0.4931480665959208 -22.21797607371281 -1.8220440410377639 0.02374842102248574 -0.27270894420072145 0.3396432842105488 9.183560789783407 0.5246151609722679 0.05153322394688039 0.4629285411110198 2.05044274738917 -8.572492155331608 24.497173340566384 20.366002727084474 2.2516884563948594 4.28941660928827 9.440404427831213 -9.634657553957604 -1.7300202556382578
-0.25909566105703363 8.904189431529876 -7.1949396420779665 -6.656204182170406 -11.366750062499598 1.5379234871336003 6.612737519738799 -18.99994491874326 -25.226118292253307 0.023425309891750252 35.175820165499644 -1.9470072982522617 18.246368495794595 1.0540502772418097 2.4897563521631176 0 0 0 14.907646057935317 2.071625743012931 8.28515537105755 0.010437083246066263 12.541616908622771 -5.322735524296649 -27.14576418352762 -0.4784169283048744 -9.449828090487033 0 0 0 5.266791487117469 9.279717382221877 -5.203189111076704 5.140031423713321 0.2807965774324144 3.343515045675418 0 0 0 0 0 4.47606591528968 25.460989153531635 17.451265574330385 -64.28670499421486 -37.09006099597396 -14.711869176353087 12.149756888855514 -19.687650682644527 -16.739627225635438 17.63925215316008 2.6573581499170484 -1.371846073037316 -22.937393253412225 2.0385776682976084 -0.6745414790503302 -83.06383958738385 0.8533341466138694 -0.43750470842887934 -29.45353182163505 6.726004770182707 -0.7631071431351221 -25.257185613667307 1.1781478734795192 0.3300678624640698 -88.18389366690731 0.42301636864896136 0.0823050284344272 -37.299409690954555 11.449526743078271 0.6490116237437787 -27.88959547311087 -1.191092879445753 2.751304616209058 -83.56173782724153 2.147182183348056 0.7542831524980991 -24.473863290303544 10.057497953954867 0.5644488127457847 -29.326053257126915 -1.0602236607694415 2.059803540524373 -86.54626528719918 0.8115155369819375 0.5320036083670836 -18.30538827615998 35.81272875267778 -1.0335393373491117 -13.567373332717873 8.52401677977853 1.3258783272052348 -3.155133519054905 14.975493734815231 14.004747527969094 3.8789494651226413 -4.27162837626209 -2.210055713362399 7.291519947334372 -4.27162837626209 -2.210055713362399 7.291519947334372 0 0 0 0 0 0 0 0 0 0 0 0.8130711708129642 70.66983122400754 -65.81743276067986 11.096217793055343 -0.9028565240950404 10.948650811051445 -0.04721378324802396 54.852771340284605 13.646592380301291 -36.94952971947222 2.960992452886913 -0.3029424726325433 10.866909486328453 -5.038630699502442 -0.43693869338238583 9.84025648014361 -0.8044499013093169 -0.059014679143015863 0.7913927922723626 -8.29939935593561 -0.9192023195618797 2.6099082238909896 -3.3179022136801706 -0.13530809421797155 11.674482849825983 -0.1361272494562438 -0.001573275336883796 0.549717046554932 -42.01480601373696 -3.392743746605662 7.164034717943089 1.6779845852639894 0.18773758350590533 1.7962233511214836 1.0463350966807896 0.07966569129198373 0.42406114523346516 -20.028667743730594 -1.3195412112621658 5.777308977913422 1.6550968051854593 0.2609498001646461 6.15764687475051 1.0207567517195197 0.07573277270327515 0.5621049938204984 -2.5254223283602126 -7.742849501241389 25.245561162450077 17.101755558808456 2.197224037937006 3.3867462893670686 9.60095504211946 -9.562180352923201 -1.677473347554402
-0.2702302123703042 8.83101317997213 -7.514962680733111 -6.3866388809844095 -11.11971559035231 1.2940338504034983 3.704238362358338 -19.28846711872374 -23.82235136127436 0.057377859278260675 30.285370287444447 -0.9950854924056692 17.370423034950328 -0.6902694787115483 7.306958097723981 0 0 0 13.22076785924416 2.626511756911948 7.5345235235976125 0.005001186688259806 12.583159726689289 -4.736852977916643 -30.85098410631478 -0.5883298033848138 -6.499433056426956 0 0 0 3.814759182440112 8.601794297735415 -5.532358028408656 3.7214633896843647 0.20631758223417665 3.3005385634424314 0 0 0 0 0 5.059680879850983 23.081106304007907 18.27405038004921 -71.77316361949639 -45.18977896217152 -12.69631634586 13.960775470333505 -19.076615012777044 -16.920354696328182 15.573042135502524 3.147882712395803 -1.3730212026852229 -22.410062263703242 1.7182958187908663 -0.7185254922461096 -85.10002751140264 0.6536085007353133 -0.4288680609000979 -28.90971337048111 6.86661824465087 -0.7819419812818112 -24.059027055064185 0.867465769374306 0.2823403255475504 -91.1384725535112 0.3141992770841104 0.07523572259734544 -39.40463725656368 11.262954150858638 0.574468981731564 -26.13130918876728 -1.5320433894526888 2.727070522843471 -87.67426117383003 1.597092634097326 0.7253708457029888 -22.88157869909529 10.231232307089636 0.475391423223089 -28.028738565779875 -1.2902769082567611 2.046772564355125 -89.91129102776247 0.6068423400381907 0.48896834574807835 -16.851111862159968 34.02135697585765 -0.9994142903645868 -11.51994770114305 9.244095769825439 1.2497399401788865 -2.819692618766307 15.690591114464448 14.595113835939316 4.19222984126107 -4.717609404229317 -3.0864058714192355 7.08543456305605 -4.717609404229317 -3.0864058714192355 7.08543456305605 0 0 0 0 0 0 0 0 0 0 0 2.992453135626672 56.939792683716234 -69.69678886837745 26.29325170868248 -1.03699630183362 10.127543186195197 0.08833925612140842 45.40782971568991 11.26658621300996 -36.97131053290276 1.4901481289052327 -0.8730348916264861 16.633458361913938 -4.135841442314759 0.06720205988894563 29.864373976955438 -0.627504435639111 -0.1067442391205923 7.778456601362568 -9.696625752679772 -1.527659635358087 12.156861291939164 -2.661050330680032 0.3806417452046378 31.28829755559306 -0.10648930734921659 0.01349445205895671 6.649131664836682 -37.661287555748125 -1.0535229828345158 16.975947181131396 1.4874269082982552 0.7885860848329435 23.60041495215741 0.8124694512961861 0.27423935882545747 6.549228533533816 -18.84999215778118 -0.40530918025690554 16.38854960668416 1.4740822812252967 0.6530136258770884 26.99766619801395 0.7957975813690096 0.22103583515317757 6.86612867370088 -7.481169138867101 -5.16647567020455 20.01385194868559 13.550986909113291 2.096214250964749 2.743194790811759 3.647428496029395 -7.521724988323853 -0.9183649832478062
-0.27587688052379056 8.744917452067876 -7.827894764678594 -6.535300549535082 -12.02937520298639 0.8010534512590148 -0.00818232980712054 -19.31099372924483 -20.17571832160484 0.06842168906571218 26.951129599391404 0.25212453616551156 11.309797301960309 -1.5421535881699775 7.838734273259922 0 0 0 12.062670786155016 3.2027574783584343 7.3495914252129415 0.016617884757555094 10.026655355289158 -4.110998653324354 -31.14478559119428 0.4949579487547944 -4.288443249347206 0 0 0 1.6015951232567602 7.504758275034013 -5.94648069099643 1.5405124420385008 0.08129391261285844 3.4127254831178115 0 0 0 0 0 5.494465175947566 18.74744638731279 16.182002204259 -76.16437346423929 -59.19206753240202 -10.54181986532647 13.493802155100852 -18.45860405129441 -17.079857853554135 13.503056253444585 3.6383768697980985 -1.378709402008062 -21.882759929615954 1.399775513931919 -0.7738600553979933 -87.13596057962964 0.4539741197217914 -0.4183362350004913 -28.365928203358294 7.006808103051852 -0.8037125722165285 -22.860910985868237 0.5596579872670451 0.21866339416838787 -94.0927367273029 0.20571533420143234 0.0641738294968985 -41.5098451656745 11.074184883050044 0.5056860236541175 -24.372810301307663 -1.8703659955591267 2.6784764450252423 -91.7864440045631 1.0464146959871197 0.7117548600039824 -21.289098128642955 10.402902844893868 0.38242403720662144 -26.73171461609871 -1.5191652469076407 2.0202694670900843 -93.2761961366728 0.40114407156308246 0.45114143110028165 -15.39669786376848 32.23238001866553 -0.9013488333648105 -9.474629612126732 9.963694486899355 1.1693944167402992 -2.4852449916436186 16.410977102920537 15.181630442596147 4.513976366642447 -4.541872504154271 -3.5845869040905898 6.664935554942184 -4.541872504154271 -3.5845869040905898 6.664935554942184 0 0 0 0 0 0 0 0 0 0 0 5.719783933369345 29.115682802561366 -68.57598182724726 55.99327609093374 -1.1446140115060441 9.390636747034648 0.22069846206462423 36.03311495937035 8.915118878491109 -36.59741403017794 -0.030777165393595828 -1.2922781532015393 22.413651200152255 -3.114995700057705 0.23168312930000862 49.89406508010645 -0.4576787283609996 -0.17564367223458685 14.765357741621914 -11.175807778781973 -1.8958089957516056 21.718167189865838 -1.8690747743317702 0.6461225360058787 50.907808386009016 -0.07541813674890661 0.025327731316992088 12.74855304922917 -32.97403034162365 0.5038530605866023 26.934357418848645 1.533706066379479 1.417225311159567 45.40712211036228 0.6006951924821337 0.492654435266751 12.673700487728427 -17.523155480681833 0.2760751800977391 27.016036866873268 1.4443960329182504 1.0838233442828165 47.838679127803175 0.5881505877302591 0.3901606829441079 13.169627500411837 -12.636605086418838 -3.0584878967727165 14.59458167349644 10.001840840105773 1.9555778800202135 2.107185948578651 -2.2541004862674034 -5.414665217982315 -0.37896372955231183
-0.274269454198027 8.723741086247713 -7.927188689165565 -6.966731818717579 -13.189426494875882 0.9699233225566911 -0.5336231788952441 -19.569251039833954 -17.07129743581789 0.034544755809815336 26.754312967848684 0.441264809344032 14.338079583019875 -0.49372083805735617 6.384175186728521 0 0 0 11.793052619520903 4.047840288069663 6.947261115212215 0.014823444259827828 7.961590922931597 -3.7511201928911357 -29.380182416885738 2.055299969147899 -3.5383468976208863 0 0 0 0.5750426177296626 7.085596157991012 -6.438182531336988 0.47661227027697656 0.014791246721997898 3.8435454342192292 0 0 0 0 0 5.852651766216213 11.359416584031367 10.478393554419247 -79.67297593172414 -73.2201697717365 -5.003698641611665 17.258679420727635 -17.834472632280193 -17.217892431705433 11.429730358339784 4.128798856971051 -1.3889098493740744 -21.355524559963854 1.0834175296090622 -0.8404737135321056 -89.17158536752062 0.25444897021132046 -0.4059103853707691 -27.82218426153119 7.146512841918631 -0.8284094128871621 -21.662847418844308 0.2555423444943371 0.13920822346736392 -97.04660485772023 0.0977109978379894 0.04913431584321098 -43.615028293864334 10.883393943787139 0.4427283297493121 -22.614111655232453 -2.2043130622825196 2.6057750339469776 -95.8980673124105 0.49557161553142753 0.7134468500666141 -19.696561576607333 10.572423314441462 0.2855951641061735 -25.4349883495545 -1.7460978314949323 1.9803863130172514 -96.6409003467323 0.19455289368939782 0.41854770970014155 -13.942165461882533 30.448100982578612 -0.7395653521673077 -7.433434243273997 10.682792321161346 1.0848572358725794 -2.1518424630122963 17.136811190665174 15.764175806455949 4.84427021882259 -3.9434371401415853 -3.655433102909941 6.006383235345999 -3.9434371401415853 -3.655433102909941 6.006383235345999 0 0 0 0 0 0 0 0 0 0 0 8.54093199209387 9.568660837879973 -60.85855918302943 72.5866122047435 -1.2795042404730586 8.507104082911015 0.2564194676550322 26.694812445923777 6.654762333173171 -35.844997403287564 -1.5864252195686894 -1.556097926832583 28.203771624024835 -2.0995611044629623 0.036563082330896536 69.92347206829793 -0.2974943845544349 -0.2646891279518916 21.752063773203403 -12.695832586763757 -2.013142446027178 31.287131167972202 -1.0339170734651189 0.6302569966842998 70.52951983373006 -0.04326552887444195 0.033792586326359945 18.847981182682 -28.08701001965636 1.2226465979381058 36.98893609760688 1.8103474239002055 1.9836755228576537 67.22114625591438 0.41342484160977705 0.7324154218499014 18.79758844338559 -16.09331461733796 0.7008928065563729 37.65721047687356 1.5699705389410472 1.497002751187237 68.68296788314618 0.4003233488167314 0.5810605561352131 19.472641363451007 -17.96121669540162 -1.4532941569397129 9.015041405854392 6.454796872343169 1.7758750323614214 1.4811644015178562 -8.118926353585902 -3.263773919032835 -0.060868754184987044
-0.2760078521379735 8.72368355419905 -7.868644208749443 -7.179700680433248 -13.754729551292197 1.0451519246005698 1.0333131017342256 -18.85673421151944 -13.587050621859872 0.029999401175775348 28.954182230657096 -0.12395424622313393 15.977281794568881 -0.3911359018782806 4.210705265543724 0 0 0 12.959312048339632 4.3284860376613965 6.966497031824242 0.005481327181050934 7.010164755441275 -3.9812654851296765 -25.1343654481087 5.617151134334426 -3.75146574952186 0 0 0 0.011909050317190648 6.624943208088826 -6.650119068756829 -0.11339564274078111 -0.023211948297040222 4.252419234058367 0 0 0 0 0 6.158807146133608 5.994948899624104 5.319268945791507 -77.19666980734597 -83.77099441101474 1.785025393448154 21.232521265063927 -17.20508626797746 -17.334244976880395 9.353521419176351 4.619109023990583 -1.4036210021127724 -20.8283925026026 0.7696195241939139 -0.9182805524093989 -91.20685072378203 0.0550510494792344 -0.3915916942361396 -27.27848792727033 7.285670536389111 -0.8560215149490645 -20.464837945634823 -0.04407405768731226 0.04418823004595756 -100.00000324823134 -0.009667967654498148 0.030137540756685555 -45.720178855788866 10.690762310491236 0.3856558031371825 -20.85522694777993 -2.532160911038129 2.5093442720218944 -100.00892673788951 -0.05501271778023636 0.7304454454465379 -18.104112136096962 10.739707145965067 0.1849553339208261 -24.138562527629247 -1.9702910268999527 1.9272618043132963 -100.0053272155371 -0.012798326661672152 0.39120858105374495 -12.487529655689086 28.67078081092103 -0.5144280516998139 -5.398340016956793 11.40136656782925 0.9961446953064858 -1.8195366051412383 17.868250086650093 16.34262726425108 5.1831912311990935 -3.157005657695079 -3.4722082832549517 5.10686366059588 -3.157005657695079 -3.4722082832549517 5.10686366059588 0 0 0 0 0 0 0 0 0 0 0 11.013150246765244 3.2596410452814055 -51.90000087774396 73.6986378736586 -1.4241388931503904 8.640122083757925 0.2156587075147714 28.406153778495643 6.8956017286900035 -36.43572225034786 -1.8314361804953787 -1.5441803280918756 34.96506971344689 -1.4149206865012744 -0.33380860106991334 84.96433201499964 -0.1635235782571216 -0.28509111123897773 22.054235269614185 -10.21956954389519 -1.2034436997348725 41.83867769042591 -0.4368565637339291 0.43317883265762513 85.26633130421001 -0.020044980001737277 0.03282202895449921 20.26071105258745 -24.22632814089597 1.4955952522804465 48.91701790864813 2.146975805653559 2.3186297373505185 83.6126157330017 0.23842129197808284 0.7530492361089131 18.870205220804795 -12.196146585243424 1.6031990967405008 50.44036684479968 1.7572511473137102 1.762843007788199 84.34281778923513 0.24100631304903253 0.6410263597887439 20.878857772559886 -18.173560465477692 -0.8734733553188633 5.424607956220169 1.1744722617377097 1.5704627856457776 2.2513464395194576 -12.932434376655427 -1.633163560719697 0.03816542469065764
-0.276776709123719 8.760363463652025 -7.769066758769263 -7.272034233290246 -13.731082649399953 1.1098532892965718 0.5690580659000004 -19.351023165673325 -10.765022259219178 0.009696175995667316 32.37437659883333 0.03164274325834775 15.703932260789788 1.0462042737443036 3.3175830737349536 0 0 0 12.460754251270561 4.426122816638403 6.774108273258778 0.0036099518893861096 8.63529387253837 -4.041281285801911 -20.23058868113256 6.514427313426296 -4.168023117211151 0 0 0 0.5361183247283319 6.8727844771045135 -6.170155719529992 0.4076449836653006 0.02071559067800973 4.154315751304642 0 0 0 0 0 6.407886675673203 -1.346091621884739 -1.0883777642741665 -71.61336812065755 -84.56212555687243 8.813803760930913 25.946248739836015 -24.626941262557384 -15.192196935508848 13.750592251472412 4.035808582598584 -1.3194305114996474 -20.41944511951092 0.7785306308121848 -0.9189230996582514 -91.81741272438886 0.038250859790192396 -0.34533362714345134 -23.91499527547592 7.615265602994112 -0.8953708292586797 -20.772352579182755 -0.04407405768731226 0.04418823004595756 -100.00000324823134 -0.009683510672765272 0.030155636758426984 -45.75373096944752 9.470772840156783 0.5761051613169055 -21.824780995641433 -2.532160911038129 2.5093442720218944 -100.00892673788951 -0.06329583836638283 0.7641990565298342 -18.9595987582471 11.411659633836193 0.14852535124864436 -25.160434293561316 -1.9702910268999527 1.9272618043132963 -100.0053272155371 -0.023678262378278605 0.45837520281185123 -14.654197679824438 30.793954198796968 -0.5639125635380184 -6.82251357343136 13.596191642632322 0.990101417960853 -2.1820138368533417 19.47534595921099 17.53700748844864 6.100731179470881 -2.183488910416577 -3.1429808754663395 3.9113303687823064 -2.183488910416577 -3.1429808754663395 3.9113303687823064 0 0 0 0 0 0 0 0 0 0 0 12.647826477868199 4.180999713738119 -45.02400752502989 67.5166681870242 -1.5313939426941727 6.988840353444964 0.17699521575155389 31.176074097011483 5.8274480165979154 -35.589009151907135 -2.195215398876242 -1.5448361578008363 37.387881397835 -1.1147800252061206 -0.582910192075579 92.48316229554062 -0.09411791977475407 -0.2873222096950262 21.557212648550102 -8.80112615326506 -0.9799924179648566 44.88652706111435 -0.16219290423542165 0.2789233490262157 92.63361733705865 -0.008677071472291615 0.0312670267569497 20.398607766249313 -21.530694479242825 1.2161238909749605 50.44442139920199 2.34766152222053 2.4467771486949874 91.81034089596149 0.12932832124891355 0.6704558907306754 16.543826626439326 -10.46665761407453 1.547789155548619 53.17010497822302 1.8762887423580314 1.8741855086093313 92.17384110034743 0.14608380813631308 0.6190631454667804 19.80258616871933 -16.539826848735117 -0.8389159963152775 4.718198532252585 -3.3156672764144104 1.451439057892798 2.806621253925658 -18.472073091233334 -0.8156585919740182 0.05858876034205865
-0.2703216176597554 8.805916139839958 -7.663396306524761 -7.317641751086128 -13.492489263965819 1.213066250559637 -0.7963331044282856 -20.34418434938693 -8.552348974421227 -0.01267910844048972 36.12514182756509 0.45666338486956265 17.246168751418857 2.096193533089827 2.2923506438043826 0 0 0 11.707407450865604 4.471815298026867 6.527749382970079 0.000995433013655493 11.146503990360326 -4.004811714766899 -12.7818503790371 6.665735232870796 -3.819630944943934 0 0 0 1.2750699344014846 7.384283591094533 -5.780092108076905 1.1483941652043714 0.07091504413287526 3.9569730990058773 0 0 0 0 0 6.636897535453683 -7.44759070370112 -5.4371566360906085 -65.6973543591881 -82.94434055178233 12.19656452132497 28.84181676122657 -27.821319207260668 -13.705839594025326 16.961591131961804 3.134688531932372 -1.231758025773121 -22.285135584009787 0.24865271742654663 -0.8977625420548325 -88.10045830977677 0.275534556333003 -0.3915369180414984 -25.891006714928597 11.182524599176382 -1.5333324236830037 -27.887047768105056 -0.04407405768731226 0.04418823004595756 -100.00000324823134 -0.006547376151055607 0.02599588096584896 -38.421459043895126 10.939522458769579 0.5843854293931031 -26.622007825643237 -2.532160911038129 2.5093442720218944 -100.00892673788951 -0.016740953999532827 0.5309286077388049 -13.102166255299245 13.46995974474954 0.06733375456464295 -32.568776527303946 -1.9702910268999527 1.9272618043132963 -100.0053272155371 -0.02237075371091152 0.4510839596803878 -14.418330584953809 35.64391373037272 -0.4673656259682178 -8.425446674528176 14.624610781869581 1.57405265452659 -5.067114284568785 23.919944278716468 20.516566874317306 8.980658588167607 -1.1631172079926748 -2.7385172773612316 2.512875462826843 -1.1631172079926748 -2.7385172773612316 2.512875462826843 0 0 0 0 0 0 0 0 0 0 0 13.518288417535597 6.307062183250731 -42.17039970804698 62.06313374363766 -1.5985868091887825 4.487483805834363 0.17354618551946907 33.83920109901712 3.7628797782164134 -35.711824485913446 -2.5103644590085255 -1.5433384151401146 37.93686192810625 -0.9775960341272583 -0.7216781403429775 96.24220542575394 -0.06103399000439164 -0.29385294171322657 21.741804274378662 -6.973105919021217 -0.8049264377803198 43.14879594637233 -0.03286013722778627 0.1888847946783443 96.31692810097101 -0.0031514408593437643 0.029892184186374227 20.064801335624576 -18.293559155644992 0.6923570005048797 42.72544101440573 2.454371122250216 2.499778205233893 95.90963209560674 0.053949004005788566 0.48597101152101047 11.868247676722836 -9.024178834620125 1.3887540966503416 50.15150029056037 1.941235782054755 1.923505854533417 96.08961398864936 0.08820421627844531 0.5658258565395715 17.90977885469784 -14.675736765639494 -1.4161997222307732 7.253515409023119 -6.231532268817081 1.319400407997095 2.5661421144784744 -15.752259617958517 -0.4085246529426176 0.01961237940788421
-0.24592933142644785 8.926632012255501 -7.178266473448438 -7.447487844262537 -12.917092788832118 1.3911566235448363 -4.144948015316284 -20.823301065523065 -6.72555760254545 -0.05391992564883776 40.56999427871599 1.3527106249200163 17.346334000173698 2.308229768464478 2.2274279331060742 0 0 0 11.151179611827606 4.196165907733787 6.178659515943804 -0.0005219340602915414 13.423975085500832 -3.9550277740049062 -8.715259446827382 5.042125150548575 -3.3784350693187766 0 0 0 1.7869370870472592 7.648186841191753 -4.747566285194236 1.661649233566451 0.07061703021228079 3.016159391050438 0 0 0 0 0 6.845445185471333 -10.760343837166609 -7.409063964610822 -62.307237970553636 -79.36442253927291 12.937644055754982 30.859433136931575 -29.303555006448093 -12.94717962668089 19.05403727302642 5.049761194944471 -1.808898506420356 -30.232289894134727 -0.8569147894765209 -0.8411395685886345 -85.1158708958975 0.515511246396515 -0.568397762189191 -37.39230754668069 13.10764459195561 -1.8162049150315713 -38.12668857989791 -0.04407405768731226 0.04418823004595756 -100.00000324823134 -0.004395999466021179 0.022321872525279084 -32.43039314975081 13.455801831894886 0.5704119670459369 -37.32733336727572 -2.532160911038129 2.5093442720218944 -100.00892673788951 -0.006365003951233736 0.4506059917239734 -11.10868869415009 14.41748262643649 0.2816648490095902 -43.360529198221016 -1.9702910268999527 1.9272618043132963 -100.0053272155371 -0.029136797846525987 0.48712492820916764 -15.58599466031267 39.970844051368765 -0.3023666476354251 -9.736588743646422 17.63472535948033 3.319793646863722 -12.198826197297652 26.283218103369673 21.95137688693583 10.568912081440265 -0.4081478289212658 -2.3758188717995345 1.3452696584265307 -0.4081478289212658 -2.3758188717995345 1.3452696584265307 0 0 0 0 0 0 0 0 0 0 0 14.88340399931842 -0.05243812378314092 -9.53147602687861 69.50312318913849 58.986894649734374 16.90378702122528 -29.391911081654804 31.294870955195456 0.3143915299442673 -34.40669307419862 -4.152920832919334 -1.490222658745938 31.345581632194722 -0.9124897119584606 -0.794361347349126 98.12164514584708 -0.03598191434197126 -0.2655451519179814 19.444245169137005 -6.6032409325104915 -0.7845522645746715 34.906861968597234 0.02956918032145603 0.14079507324793264 98.15849790093496 -0.0013464547696945411 0.02515823221886101 17.08725373295379 -13.407753069121659 0.07479899699263493 30.549729702143072 2.5090823299233307 2.523385312527383 97.95937265970736 0.026668210918802594 0.4415732996965286 10.755831319999134 -9.019762397158445 0.9518619146950459 38.980900502174066 1.9749364396795686 1.9464739366391506 98.04756255504071 0.04110163420485282 0.44201623462345896 13.877972072564676 -21.51712705874178 -1.2161387286342822 8.249990103334682 -3.932366208726877 1.2080449576797976 0.9152376414496863 -6.5461615101498944 -1.540264250654309 0.038621632557530525
-0.15774129675818557 9.179030458775083 -5.102809148183592 -7.681099880991814 -12.24635461460807 1.5911928400326565 -7.526954892754704 -20.54339747665911 -5.565351936524178 -0.06225468874737187 43.759981387837094 2.2246075241276264 17.582715630808195 1.6096603270786451 1.214092153038977 0 0 0 10.542721907825586 3.8257049662663554 5.898889767903714 -0.0021120693301983256 14.847595132869227 -3.8115537328431244 -6.529624238261672 2.7910836268102748 -2.9708525116458886 0 0 0 2.0226671117670274 7.556511323937197 -3.79579300287053 1.8922259869174105 0.05738711892924696 2.150899115028968 0 0 0 0 0 6.952794418424491 -12.491956450773946 -8.729015086066086 -62.873859265728704 -76.0344298703666 11.878668789545053 32.14182533630629 -29.34119419804255 -13.128098142155594 20.760997213780147 6.168026570108841 -2.104750038792921 -34.11048468598955 -0.44046735122832364 -0.8673891424754293 -85.90267986733313 0.39943119427833024 -0.5513759579376686 -36.94243080131198 13.059025967719155 -1.7259346638773787 -42.27092600910557 -0.04407405768731226 0.04418823004595756 -100.00000324823134 -0.00395647902023163 0.02144674947144762 -31.05296149915036 13.286611608196889 0.8183716268380888 -40.743024523878276 -2.532160911038129 2.5093442720218944 -100.00892673788951 -0.04057911713881371 0.6655642356872371 -16.468023730338764 14.086507989794717 0.49466375940228213 -47.05733881317986 -1.9702910268999527 1.9272618043132963 -100.0053272155371 -0.04192586715682936 0.5463695730856071 -17.515997379023464 40.16176798633163 -0.262970676826978 -9.12050128530588 18.704491478048023 4.152450707844228 -15.161478239062252 22.970333906030334 19.874337750360667 8.460179811355918 0.11516223647340648 -2.044861240987268 0.4224060008910356 0.11516223647340648 -2.044861240987268 0.4224060008910356 0 0 0 0 0 0 0 0 0 0 0 15.4339847624635 6.615023280085035 -6.923845216561423 62.063997590893 56.171010729430016 19.53673029356803 -45.79830555607552 27.59019529425266 -4.508377671220457 -30.684459467236483 -3.9795314764210756 -1.4486776032070912 28.726549349673515 -0.8808389839302022 -0.831493940425925 99.06134674286527 -0.016904031529479557 -0.21638153425196893 15.72988681613665 -5.2071270473893625 -0.6380747337755278 32.15042085601107 0.060196140342515164 0.11600401211772197 99.0792622709661 -0.0004502766209919289 0.0222885520051772 15.225909456500721 -9.961713857472173 0.26902196948068324 25.140617684131673 2.536746386472798 2.534451818840934 98.98426369076859 0.029438346928020623 0.5496669977374264 13.400334769280159 -6.639399508183202 0.861722481926577 33.32781425428189 1.992076436601316 1.957523056640585 99.02655083940564 0.026187399594384868 0.4166579382609579 13.053989964593821 -24.960888613220394 -1.0857511905311281 8.856753822938982 -2.6554653654780416 1.1251888935740124 -0.4924533487200073 -1.2887307813281832 -2.7564906636265043 -0.06248872452727708
-0.0740867617243747 9.317646827636594 -4.159381906730308 -7.9300866223814275 -11.307385705510539 1.9413180306573556 -10.167925893270436 -18.922690407927316 -5.6185501623171445 -0.022914002739294594 43.04524221980725 3.171175254714696 20.690013802118095 2.2219946346214248 0.21243983094303845 0 0 0 10.221862329022345 3.153795086734527 5.459605043606825 -0.001613858767468975 15.541862430440618 -3.7232885039537726 -5.253577339887042 2.096975259282065 -2.9115395610935972 0 0 0 2.0970359163445056 6.906422301394003 -2.8703917455047514 1.9479068160246475 0.03947132949523369 1.3940637093398538 0 0 0 0 0 6.707075961368066 -10.384580622578918 -7.676572136513719 -66.04982858855185 -69.61340589669759 14.692912849510277 40.17558571988109 -29.38438020073919 -13.307842762382924 22.46934261965586 7.30395031860698 -2.324275039494495 -37.99438522090989 -0.023696118605301922 -0.8879176034073741 -86.68966408304394 0.28348867042220877 -0.5334433464093975 -36.492591212948575 13.004009759408536 -1.6394124235359653 -46.415051760778276 -0.04407405768731226 0.04418823004595756 -100.00000324823134 -0.003538121989672114 0.020561312769607213 -29.67553106239431 13.102934253261777 1.0558097760682164 -44.15967419285441 -2.532160911038129 2.5093442720218944 -100.00892673788951 -0.09472513988531595 0.8763870908791698 -21.827754287619975 13.742475033870969 0.6858758027868445 -50.75545304048481 -1.9702910268999527 1.9272618043132963 -100.0053272155371 -0.05670320031795578 0.605149896455187 -19.446031833677637 40.35310157886909 -0.22563006606690925 -8.504288296484159 19.730916284033935 5.039055917487101 -18.111591068338754 19.78144121962093 17.68895618520495 6.5073268749482 0.4649266307883032 -1.7077512610973693 -0.2447748465314244 0.4649266307883032 -1.7077512610973693 -0.2447748465314244 0 0 0 0 0 0 0 0 0 0 0 15.686271125855768 8.573406304796418 -6.352976586218617 55.111751014289254 64.00527939296528 19.78371535407525 -47.10986879961323 25.910376986185018 -9.11878149928258 -27.057079251775967 -0.14950318895993925 -0.9162757416937333 32.462000663256674 -0.8652429501733797 -0.8502536345684545 99.53119243468896 -0.015840287618488536 -0.23349178363065382 16.96862770481037 -2.0225695680229827 -0.16532374430898972 34.59673160756195 0.07535922313702798 0.10342472157974492 99.5396382776686 0.001284972220944319 0.027104105958109314 18.638823966847028 -12.788727254145389 0.18659404098682184 25.644315352735237 2.550651663141462 2.5397993359047413 99.49671488214933 0.08587920918348099 0.8366608323122047 20.53655544689746 -6.754802838923695 0.9189195773889643 33.87004509367789 2.00071681209935 1.9629376560231937 99.51604940095103 0.04727328928046743 0.5550116556652308 17.447695016215263 -29.276889556364047 -1.103031626451414 11.58136288764126 -2.3695273252084648 0.969562597077782 -2.213364249551418 3.220359186127037 -5.211837309489968 -0.45230213773857425
0.017712485667580005 9.391700339813552 -3.8012928264102532 -8.025147250913237 -9.982857544731356 2.178153334741334 -11.541255540794198 -15.784034536719231 -6.076367981448568 0.02688970181303796 38.64718868140883 3.9682316382389744 21.107472426374216 0.4004201113773694 -1.5174467125564706 0 0 0 9.76276772589139 2.0369771896213242 4.846208837589577 -0.0012854816048452657 15.875650884045143 -3.565619619331435 -5.27363818148549 0.1608775666283676 -3.5119954664701374 0 0 0 2.1556138509576472 5.790502057406595 -1.702833662686914 1.9983759645383927 0.010366312896037606 0.4469041996713184 0 0 0 0 0 5.890279841772422 -2.667235722725567 -2.0666853622099177 -69.10369905559314 -51.482325840380526 10.646792958375478 48.39449756131309 -24.188261571762762 -12.32001306937656 23.803579968302166 5.831315138031498 -1.9137985554853565 -46.425239081333835 0.21563088151992252 -0.9122726344750545 -89.46594663761569 0.26563357755894434 -0.5675198263036322 -40.0335547992784 10.437696203742851 -0.8725992564384583 -53.42002000687625 -0.04407405768731226 0.04418823004595756 -100.00000324823134 -0.004712337209671412 0.02292102990608425 -33.383377770124696 10.477391870061359 1.98271722827001 -50.68251461696408 -2.532160911038129 2.5093442720218944 -100.00892673788951 -0.21524321572245045 1.1872177223638327 -30.0417226447095 10.581210950518768 1.6453760278164835 -57.25718686608752 -1.9702910268999527 1.9272618043132963 -100.0053272155371 -0.11950109121286741 0.7953833593915378 -25.8285803995507 40.26790978645545 -0.3285828587587128 -12.780828541524247 15.019905664655477 4.152763583499433 -16.64227031200507 16.441447883671568 15.132571821983975 4.808017188168423 0.6966012489625836 -1.397630950786128 -0.6757570501490678 0.6966012489625836 -1.397630950786128 -0.6757570501490678 0 0 0 0 0 0 0 0 0 0 0 15.45405430237438 10.605003004307717 -6.068348105846767 48.45142023735459 70.42284054836297 17.47816668396241 -45.34005029825205 25.261032867168616 -13.242152624203285 -26.489750362086284 -1.9263668333424282 -1.5487292901121883 38.25320873041 -0.824155328029896 -0.8574929982540681 97.02988505128592 -0.031266501030268574 -0.3008680139973794 21.98393069308886 -2.3004824367859356 -0.2520879144181939 41.292247324160215 0.07877044006233183 0.09996166347300982 99.18989163353672 0.004127287194794963 0.035920991059605376 24.949702020402256 -15.896082073623951 -0.3036835051801242 32.915889366379126 2.5544747197059796 2.5412444875478877 99.63729858954287 0.1668360351410544 1.0781545590385753 26.73869231200948 -7.28157823316581 1.0007002693591363 41.28599784082017 2.003095116884931 1.964409999532107 99.65033513693254 0.11248692257677975 0.777666794041082 24.708206834483597 -28.781048092428236 -1.5486276539230508 16.054722202461516 -4.934630509637908 0.983055673667939 -0.5260333278516286 -1.6241442983262184 -3.799587002300019 -0.16823268623536175
0.14235832699762455 9.447009920689936 -3.625489467041504 -7.761493001056521 -8.8610006004767 2.358303129236766 -11.483326522480713 -12.697895162454572 -6.566520521146757 0.027842751213569557 33.20303461193166 4.236330305534099 20.894075108237463 -1.3654581304501836 -2.7933515209459894 0 0 0 8.965825834100217 0.9599575625987957 4.354509187484997 -0.001019654699335953 16.01494168243472 -3.2678540384149772 -3.79085602283958 -1.726844986345225 -3.778685893085733 0 0 0 2.0960284094751436 4.788359899800734 -0.5714588962327773 1.931902016861516 -0.016667957994131007 -0.46374237064613316 0 0 0 0 0 4.627866420481204 4.8314173713883 3.8127453564465 -71.36132939587192 -37.20544279768593 0.7302686999423168 41.83669033127086 -18.98779749508205 -11.454122421417225 25.219092754978547 4.3146342214170765 -1.7236172193079444 -54.862409566594536 0.45585804466647767 -0.9250081986231014 -92.2423212427293 0.24991718335661361 -0.6026339525775122 -43.57453276951989 7.79736356060316 -0.42506839586768974 -60.45135038415765 -0.04407405768731226 0.04418823004595756 -100.00000324823134 -0.006036695642027363 0.025199872030929753 -37.09122503891154 7.762082056016227 2.604496467172927 -57.24442360549621 -2.532160911038129 2.5093442720218944 -100.00892673788951 -0.37896245105635007 1.4776417132670947 -38.25733031695748 7.330179776133707 2.239430806697009 -63.80481957209557 -1.9702910268999527 1.9272618043132963 -100.0053272155371 -0.2030634738272967 0.9774568739250257 -32.211653002670225 40.190631158187436 -0.43760158788228615 -17.057264210259785 10.292181051304402 3.3899801507851883 -15.106391179623817 13.217523929711136 12.487084251266008 3.2828624830212014 0.8635070265947165 -1.1449901893598922 -0.9789315943297705 0.8635070265947165 -1.1449901893598922 -0.9789315943297705 0 0 0 0 0 0 0 0 0 0 0 14.034950519561132 14.83867820682945 -7.447917452414981 40.869736874923724 81.03808728272679 14.740552181743675 -40.344794468328786 24.556074440118426 -17.358665359395236 -25.862264898353004 -3.758519241431505 -1.9983959971583523 44.06290264082537 -0.7827907851638001 -0.8629324695824804 94.52856941917734 -0.052524028247428814 -0.3666377186509461 26.999285792481878 -2.586617450820961 -0.30585684342373415 47.988141634430974 0.08220273179588927 0.0965194898648821 98.84014445597855 0.007921556825384498 0.04437200821324939 31.26058137665445 -19.040564992014446 -0.3961753664094572 40.203495628070385 2.558301352200307 2.542680453696906 99.77788197899366 0.2734227861450164 1.30948890291229 32.94169571620548 -7.793408646766953 1.14977601662653 48.70116944197338 2.005477054286469 1.9658767915418307 99.78462186620229 0.2053249474480766 0.9902949333118215 31.96939546153913 -28.321365584122795 -2.0315177085022973 20.525195259996295 -7.498266156330425 1.072023811911449 1.1590303555087922 -6.45511752967098 -2.368486356646106 -0.004911324029388675
0.2183432847530852 9.464550482403633 -3.619249239591458 -7.39108365954263 -7.917669274892947 2.4780048510270394 -11.081210663955773 -9.797320937514355 -6.482918775600765 0.014595393877378324 28.08918542814948 4.255969594290107 18.019044434707652 -2.7122731128235826 -2.8775501349214876 0 0 0 6.963215619598576 0.024319559615793216 4.0171822276816735 -0.0021807908622005433 16.257992095220118 -2.5121592313390635 -4.1054691423764424 -4.1608979660891094 -3.6580080781821147 0 0 0 1.8952516861601025 3.9345480761356915 0.08303922297605965 1.7269639778975652 -0.035776092970272295 -1.323355640788449 0 0 0 0 0 2.7294061666701626 9.264595699236846 7.292134928781314 -72.70217012474986 -31.475757345175374 -1.8271850843725683 38.429081774966654 -19.36385248282068 -10.239264948962918 27.39072334951782 3.4009733625116576 -1.798728224226825 -60.232837885197924 0.6771316298637076 -0.9291704631266591 -96.12174748981974 0.199825221061951 -0.5853518981528352 -42.25771223793856 5.255711632876279 -0.3019188104506918 -63.64732314362485 -0.04407405768731226 0.04418823004595756 -100.00000324823134 -0.006552322035632878 0.026003394841720245 -38.43411122787725 5.51252309826042 2.711525223299468 -58.78079698535893 -2.532160911038129 2.5093442720218944 -100.00892673788951 -0.6940315674377006 1.8582351734557199 -50.44759317236975 4.239150596644149 2.3811984384648914 -66.09274803013335 -1.9702910268999527 1.9272618043132963 -100.0053272155371 -0.2962748744263293 1.1341301750910393 -38.02017187407011 40.54649493361767 -0.5060237042919392 -21.24603355726169 6.86248865909003 2.816582433792152 -13.274595922946206 11.76319119979838 11.257957448582644 2.5314593703103423 0.9927010843063442 -0.980138861568909 -1.1332362811628895 0.9927010843063442 -0.980138861568909 -1.1332362811628895 0 0 0 0 0 0 0 0 0 0 0 11.602139533500432 20.124946823898632 -8.598359364399785 34.17004592353151 86.9582611259545 15.501988332198836 -36.74457951469036 16.402358883320733 -15.984606808349207 -28.505784443824712 -5.591095884617041 -2.315001007900109 50.018916491141866 -0.7957959528707406 -0.8672073745861764 95.78556298193611 -0.08221995874205901 -0.43538045796824204 32.42899351225031 -2.599574151363435 -0.2864047917331802 56.115078336896914 0.08608277394482461 0.09365561561614512 99.25545708875609 0.01317458968654166 0.05327410249033007 38.31196216398239 -20.075973572704093 0.14939589648503454 49.73335123280138 2.5614515352357423 2.5438544816643978 99.8935255418835 0.4116999413248619 1.5381089752082577 39.447490238752465 -7.683815051172676 1.473249192347957 58.50601963375662 2.0074389652645723 1.967079399638896 99.89508517034423 0.31998207610152907 1.1828012739552798 38.980424764141674 -28.41796998973871 -2.1813322483703605 22.19217140919818 -8.664026956733352 1.6788672245762521 5.3978908556971845 -8.6007336367292 -1.1842890785036118 0.019721792286161027
0.256757759981576 9.449014869340765 -3.6560650808603476 -7.000375755381 -7.1820999202928 2.541504476886856 -10.922647893454153 -7.665673509964362 -6.522841447135098 0.007998420609174066 24.401332207600856 4.278881943309422 17.344796623277524 -2.7157324284155093 -3.0581270801213116 0 0 0 5.304944597773559 -0.7185532420717419 3.7571696144172817 -0.0036800014050070284 16.711035431252242 -1.8858768553084604 -3.233759268104206 -4.77691148804748 -4.078595369566118 0 0 0 1.5454359462799652 3.3224717368435908 0.5200043210637203 1.378290721685401 -0.040385004255776104 -2.036117851417031 0 0 0 0 0 0.42525700220065094 11.987433356718551 9.138064871221932 -72.59661051305766 -31.44664744219203 -1.7349052990544254 37.90421258402507 -19.561859689418924 -9.958919014301278 27.775054179696408 4.051190938531122 -2.034902490644844 -62.6739085289543 0.7877473097452089 -0.9256332424420568 -98.06145853188288 0.17964700068411596 -0.5826143975679152 -42.14367095417481 3.9358421348339925 -0.2985754403067223 -64.26777221131518 -0.04407405768731226 0.04418823004595756 -100.00000324823134 -0.006250046528841388 0.025537386128654124 -37.65284139104521 4.019600419435238 2.782056890078164 -59.49104713259453 -2.532160911038129 2.5093442720218944 -100.00892673788951 -0.7906299551011091 1.9472609298940158 -53.68336568341522 3.411973024173532 2.2989047876413444 -66.11483445348334 -1.9702910268999527 1.9272618043132963 -100.0053272155371 -0.2984160933944039 1.1373387531882657 -38.14302480152871 41.0568893456734 -0.5070577713102471 -24.0564242358255 5.345983771441429 2.685142967334906 -13.164885267035771 11.482043832328651 11.02774216239929 2.327349687148716 1.0918036872592731 -0.95632019172874 -1.0981736317800554 1.0918036872592731 -0.95632019172874 -1.0981736317800554 0 0 0 0 0 0 0 0 0 0 0 8.96225951981319 24.9613349121507 -9.43449391404828 29.30154885371906 86.30429651323072 14.678065640396353 -36.18043890936113 9.848312638737799 -15.68600180076545 -29.765360860496077 -6.495746603130227 -2.188158434865722 44.56799506974169 -0.8049275465276801 -0.8691949210088282 96.60171226378704 -0.13197523995862862 -0.5211632134245637 39.60788296619415 -2.270710673958949 -0.2513099323566418 52.070683134883055 0.08825652053967953 0.09219685471149448 99.62773438245593 0.016989647274110155 0.0585050760598112 42.73092757715298 -21.693272148264377 0.28239355364469576 52.14448921420975 2.5630277421948473 2.544439252681323 99.95134816510462 0.5099332009277074 1.6709502141466603 43.46834589679759 -7.874675536603326 1.513609043468189 58.898609380826855 2.0084205621122404 1.9676791022424402 99.95031689539032 0.41360950737145175 1.3078981211059293 43.86602174728825 -32.646734482587526 -1.3502934132483093 19.396807687736917 -6.354437244653558 1.3925566438084975 3.1627057883247733 -11.700948539074867 -0.5918776878584027 0.025884844278852376
0.28637091190816544 9.407730024258749 -3.711408045760581 -6.702786901315538 -6.737254867044513 2.6154248813748766 -10.590848193400126 -6.502879876997428 -6.712898991780731 0.0020100161125160988 22.498617140530243 4.180231562164015 18.16224549790674 -4.04282039882605 -2.9128843420874717 0 0 0 4.820350866414755 -1.0493848989692252 3.6416034058222984 -0.0034613686010418736 17.179879969240144 -1.7042021464952521 -2.5789261813546607 -5.389479733516956 -4.320651634436598 0 0 0 1.2144385938748086 2.9438427941741203 0.4806111192133986 1.0448146875912918 -0.03256825136693884 -2.0845785060287163 0 0 0 0 0 -1.6109855572326994 13.413464572880326 9.50918519695583 -70.88385419712256 -34.20590233810915 -0.44039142852127305 39.91308777715728 -19.933538480910844 -10.530275155335106 26.761744900708855 5.14686851692223 -2.1429286353618946 -60.39444195177109 0.8294638297671696 -0.9233247648957635 -98.79369733689818 0.16162911451356818 -0.5673177922073332 -40.8881768307667 3.917859996471133 -0.3580414335113536 -63.22644963607134 -0.04407405768731226 0.04418823004595756 -100.00000324823134 -0.0061172968021388115 0.02532824324772453 -37.30442003910283 3.502781763072635 2.8609579877249303 -61.755010992171094 -2.532160911038129 2.5093442720218944 -100.00892673788951 -0.5959130965361921 1.7565469798108373 -46.96700916827069 3.02165622780758 2.2929938498729325 -66.92011946769915 -1.9702910268999527 1.9272618043132963 -100.0053272155371 -0.3030209324588713 1.144188976369647 -38.405911342576225 41.481194474390584 -0.41444388488184014 -22.45129464145336 7.871729251184844 3.226668750971765 -15.671703817699381 12.162600577545863 11.63455848003462 2.56064006860248 1.1220484720236468 -1.2313159890811254 -0.845027879585173 1.1220484720236468 -1.2313159890811254 -0.845027879585173 0 0 0 0 0 0 0 0 0 0 0 7.136474044228632 27.04510911861576 -9.92935607379561 28.863563574365717 81.84493332501182 11.29968556847073 -37.541208280992 5.035948736818599 -17.88760515345861 -29.990554746468156 -5.548302561453577 -1.9769162154595241 52.16281087026314 -1.2825564731199826 -0.8336791379794557 91.11331793148193 -0.5264801120670373 -0.5181869427935273 38.19170580383306 -1.8459331110655994 -0.12619659813019105 58.619386466218984 0.09476745501543528 0.09188902889417944 96.57003624054046 -0.020400307703719752 0.05663287624047567 44.7904688923434 -20.588162163066453 0.8232845844733668 59.036918831153066 2.5634603886488554 2.544599493232802 99.9672203250447 0.5552868843371696 1.7260920430765205 45.20488844564677 -7.002670852839849 1.812682186254117 64.345114525838 2.0086901866602114 1.96784355064362 99.96547826553815 0.451002651387154 1.3521218510524529 45.675742243028054 -34.60937652129797 -1.3041052068818018 21.80067493053292 -5.890945931396824 1.2000163253564498 1.6024531787988412 -8.177085980229442 -0.742325779821985 0.02477292039187598
0.31598406383475486 9.366445179176731 -3.7667510106608133 -6.404629689587938 -6.292423625318381 2.6893632472295694 -10.263622514092772 -5.339021427191535 -6.895790778229261 -0.0004012816647536059 20.595894420155595 4.083079224806862 18.977874657754434 -5.371839453843217 -2.786393667736518 0 0 0 4.336366505055779 -1.3811814734985939 3.5288262419535057 -0.0016821438985555495 17.64872206352882 -1.5220585133330782 -1.9207999380289114 -5.999245463611627 -4.569988529731972 0 0 0 0.8842066256834524 2.564509216641456 0.44602858756624636 0.7113322960856031 -0.0250336863087403 -2.133083943547326 0 0 0 0 0 -3.647228322988075 14.851598795498322 9.837947636174633 -69.16047611126655 -36.9299181321381 0.9577749047928348 41.83453853782144 -20.29557627392653 -11.108004161671305 25.750290527077347 6.237475312496566 -2.2943990064396416 -58.11726029390739 0.8711474971268759 -0.9204833585587113 -99.5259323840784 0.14395079614552714 -0.5516300740911124 -39.6326919677571 3.8987993977151802 -0.41717080299557924 -62.185102557317705 -0.04407405768731226 0.04418823004595756 -100.00000324823134 -0.005985821065871294 0.025118296619208506 -36.95600246343973 2.9832141684785576 2.919402487186651 -64.01973327606828 -2.532160911038129 2.5093442720218944 -100.00892673788951 -0.42486481926318237 1.5443829594861247 -40.25201604227035 2.6314633949158828 2.281602263554255 -67.72534036090805 -1.9702910268999527 1.9272618043132963 -100.0053272155371 -0.30765714879029327 1.1510179740029864 -38.66879805138654 41.9079245981325 -0.333753611777916 -20.84553886159076 10.372960718819638 3.8774786253411735 -18.153799043134708 12.847201395817047 12.238607164706039 2.8018106972609917 1.1510811160036376 -1.506442753597295 -0.5919984221716845 1.1510811160036376 -1.506442753597295 -0.5919984221716845 0 0 0 0 0 0 0 0 0 0 0 5.310688325513296 29.135844557518677 -10.408165905644415 28.406908254950444 77.52962550082533 7.8311120287420355 -38.791409442615915 0.16854847374223458 -20.099547513100237 -30.02131622650312 -4.581319275329487 -1.8926829028098282 59.759405733663506 -1.7613914123952137 -0.8440041288234628 85.62483643830717 -0.9209381624196312 -0.52496117030984 36.77553867368494 -1.4096597598870333 -0.050347238501989806 65.16882138115437 0.10128553972454361 0.09192894286349466 93.512337976156 -0.05783339843693213 0.05610561072777874 46.85001232542961 -19.425956739166757 1.2275473116852522 65.93948626537747 2.5638931880918205 2.5447595201500888 99.98309223853283 0.6022928839971362 1.7798347129078365 46.94152539308955 -6.106069428223035 2.027634017184125 69.79635072227849 2.008959931037363 1.9680079990610173 99.98063938872907 0.48977480350307445 1.3951429558473412 47.485523176304916 -36.56828810527738 -1.1757049119495713 24.20147192639822 -5.422412085110645 1.020170083195355 0.04079251482729696 -4.653088381296926 -0.8924210558496928 0.014414770498563387
0.32727890006629046 9.31109096327909 -3.835056299394425 -6.100023952404949 -5.895485363780897 2.698847383220853 -8.595299847318984 -4.462108287813113 -6.519881741913246 -0.0052929349277446025 19.736655630596864 3.4420782130750736 18.043371862939647 -7.189759522251704 -2.3514187137265745 0 0 0 6.025875138766767 -1.5619614668941835 4.021081292664256 0.0021180470295204873 18.140959858173773 -2.176018639057971 -1.4468583227405187 -6.990917656011991 -4.445212231890604 0 0 0 0.7811976353748037 2.277574600651267 0.054227784286407614 0.6114896490065991 -0.017775315803571844 -1.6038092041903576 0 0 0 0 0 -5.415101437189554 13.188714943999013 7.438252405842525 -62.95005303481642 -49.143613715158374 4.457154636309804 38.5820594729938 -24.473122378656097 -10.991781013264905 28.23085848665607 6.116472862124039 -2.245822355874347 -54.349422853759684 0.8719607765090984 -0.9203015880414914 -99.2040711268102 0.1361646858980745 -0.5417502359601359 -38.83042514367293 4.776575503109154 -0.46660083282252496 -58.98930695561948 -0.04407405768731226 0.04418823004595756 -100.00000324823134 -0.005793741151153378 0.024806370721451695 -36.44075964194656 2.81506180799203 2.8457911048211404 -61.390495724551144 -2.5016903478971932 2.5119471516099923 -99.25564335399066 -0.600510098327679 1.7615955881389547 -47.13516081185551 2.8219112883020445 2.215766808963082 -65.2344557284958 -1.9702910268999527 1.9272618043132963 -100.0053272155371 -0.3107970143159096 1.1556049483887108 -38.84583772723014 42.04297397518673 -0.30014856640281923 -19.737861542943623 10.91373793513509 3.767456919761392 -17.21866005893253 12.387706095411351 11.840032164131518 2.6093110183161023 1.1244417618480513 -2.063334258826966 -0.3652059263785029 1.1244417618480513 -2.063334258826966 -0.3652059263785029 0 0 0 0 0 0 0 0 0 0 0 4.610030674999422 28.48374016836478 -11.93814106935821 34.06347917913097 71.62274921669095 5.89139851986131 -42.61528501815602 -2.0191512385851325 -22.047895637406032 -32.04245329519315 -6.513299395755966 -2.324694373959076 61.24565841538021 -1.4212006367160916 -0.824633846433338 86.46197454165295 -0.7588963574039973 -0.4940719121519758 32.7636595073927 -0.848355162004415 0.017872821094261176 65.72684633835492 0.7035009453541271 0.10214434586468624 92.5423749659142 -0.04727726568628795 0.04378674954059643 39.63693216971294 -17.88105328091716 1.570183817060003 68.10793236401624 3.4622845535051856 2.5402317702304096 98.48937296503208 0.4232410911800587 1.5563147585922181 39.978693212640074 -7.420696765613423 1.7825610622766432 71.72122205226295 2.4006918872259537 1.9459158870992306 97.43903455047601 0.388682866853266 1.2229904268547545 40.83849049357206 -35.94022044848216 -1.1365499244824822 21.32107298407678 -3.683514309049442 1.0491560492579588 -0.6102192559638114 -2.8901093634677246 -1.734025188797139 -0.02573906656555832
0.31913515117057273 9.246679298385665 -3.8925619968321725 -5.835367822017744 -5.617360031347824 2.5131855058358017 -6.612269429796809 -3.7539339081100302 -5.73637582047052 -0.006380446919766846 19.21388780064815 2.6670809103305078 15.640751397478908 -8.604658492962564 -1.9891893920303996 0 0 0 8.043036798349693 -1.7158297506826836 4.822101406417849 0.0038765801157173013 18.529072152991503 -2.9635532035043766 -1.849981944819111 -7.800485255708572 -4.192736763720357 0 0 0 0.7272255135883285 2.0365350824505795 -0.8920492272923498 0.569459547583794 -0.008202486093324904 -0.6912101453192065 0 0 0 0 0 -6.592098957284548 10.239096927868657 4.818863946242232 -56.392089293485604 -56.237545567030146 9.838047285507104 42.58828611016985 -28.638789174825575 -10.698737830159693 30.694536311034707 5.998930762613715 -2.189405640890889 -50.58183014452646 0.8727750163386477 -0.9201244071586951 -98.88221019628337 0.1285177215325383 -0.5317623001928864 -38.02816081533769 5.650240563570104 -0.564879615832082 -55.79460789334825 -0.04407405768731226 0.04418823004595756 -100.00000324823134 -0.005604473520313594 0.024492728939347553 -35.92551558000437 2.6437158751780494 2.779961396066225 -58.761207228498606 -2.4711879336133 2.514149657974219 -98.50235669096418 -0.8009565644816726 1.956198935288032 -54.01973887173678 3.0093071754892926 2.141723331745123 -62.743918693915724 -1.9702910268999527 1.9272618043132963 -100.0053272155371 -0.31395105995353795 1.1601821097718434 -39.02287760452038 42.178647602536486 -0.26916054914398985 -18.63010762529012 11.452575193355534 3.6486489011105525 -16.284723560816875 11.9302383401678 11.439962672949504 2.4203548352758193 1.0951604946116216 -2.8138630844604844 -0.16803386692243213 1.0951604946116216 -2.8138630844604844 -0.16803386692243213 0 0 0 0 0 0 0 0 0 0 0 5.1865380784195105 24.181497224920058 -11.289500878936714 44.4735085302614 72.7427784423497 8.101806156526465 -46.079618766591665 -4.162726291055785 -24.066122930613453 -34.010679175142805 -8.456446869491955 -2.7062395806816375 62.74610600073097 -1.0807646441092682 -0.8102356229656021 87.29920941018679 -0.5994136851766075 -0.45192191117065633 28.751902402809282 -0.28641224854245223 0.08061980428536879 66.28551116950662 1.3054575059628142 0.12255197658913815 91.57257202742026 -0.03525792156699811 0.03289080443507709 32.42384840517044 -16.324035246145066 1.8540142497575611 70.28518141890471 4.360493980763159 2.559100704788105 96.99575792832447 0.2726311450061182 1.3127488238510339 33.01729942160803 -8.742665721181197 1.581817361898051 73.65098917230321 2.7930158464016452 1.941206964365033 94.89735798245714 0.3082068895999353 1.0402968884255652 34.19217463038634 -35.31492830739787 -1.0658929703195505 18.44133133869389 -1.9450360656311783 1.0978780452447454 -1.2600597540571636 -1.1255674284124624 -2.573995212846883 -0.09181316401334973
0.30862714838750765 9.189460261822656 -3.9434830527571023 -5.661299112527096 -5.427085972177568 2.200328323149394 -4.448139470735195 -3.234349979007477 -4.66691998929922 -0.0035601239328867224 19.166606413937227 1.8187449136549674 12.051334438326705 -9.34361742386196 -1.984186790792527 0 0 0 9.32265306462538 -1.7007825594596955 5.586049806756022 0.002985963467122243 18.750485649580817 -3.4760432072263563 -3.2704430268556357 -8.50092655993371 -3.9899624228621517 0 0 0 0.7937579005360839 1.8169794635561576 -2.0274143659817234 0.654556076301886 0.009143764879005615 0.6057765586472357 0 0 0 0 0 -7.091864049150749 6.800599800883496 2.596431313234491 -48.604352475255524 -59.921311168868094 9.441832400750995 42.30764323504776 -29.566854457775857 -12.72177727252385 29.140496317101782 3.728289620473494 -1.9120180855445021 -47.8760363635704 3.3195346323945283 -0.6903367182662371 -82.49996446758335 0.23852648686130895 -0.529877513981812 -37.32601605076892 6.33285868606276 -0.692474402954192 -55.36969365782238 -0.05180914889497507 0.0444184922001779 -94.06066483674915 -0.0961253778532177 0.042773056464067774 -45.76320775006469 2.7428252289163675 2.894853075470041 -64.52912458742274 -2.3606022238936153 2.5187685453139843 -95.77580932496066 -1.0178589809688474 2.121709406583562 -60.743580854946416 4.0068706633417746 2.043974459480571 -65.15353920491968 -1.9702910268999527 1.9272618043132963 -100.0053272155371 -0.48168766526006795 1.3679419309684404 -47.535505521476466 45.605271189737266 0.07287420939954369 -15.86179761599692 14.126079191509 3.016232052856066 -11.985441035514171 15.845647194577078 14.72336946776117 4.255278897176057 1.0554025394808977 -3.5584080254196895 -0.021383498822934596 1.0554025394808977 -3.5584080254196895 -0.021383498822934596 0 0 0 0 0 0 0 0 0 0 0 5.0438240019835625 18.712807161580045 -9.2215678944712 56.94969477680382 73.24051895490537 8.015976469822828 -47.4100986681578 -6.264100499182276 -26.150037725520075 -35.926741421151995 -10.409534004915072 -3.0366037569845035 64.25911055227486 -0.7401554884552267 -0.8008131928577167 88.13651245688017 -0.4432716387389727 -0.39871823231176207 24.74030689667175 0.2761168479690351 0.13788170880701875 66.84476682417136 1.9069831666489454 0.15314373573091883 90.60303611591654 -0.021965609410387534 0.023590231752367602 25.210765030213782 -14.7571160113877 2.078410862481665 72.46967355375456 5.257927353808526 2.601349625866786 95.50258636516325 0.15267016226832336 1.0527316144319945 26.05720192306441 -10.070538049390613 1.4257326886796104 75.5847155877025 3.1851634819469847 1.95389069527403 92.35570268708629 0.24942324882514783 0.8495190949813828 27.54648231299315 -34.69399371921215 -0.9639216586992897 15.562608955928393 -0.2071872922005882 1.1662855012780102 -1.9081361273490722 0.6412947730941756 -3.4115319178231482 -0.1838160021794774
0.28133928684299025 9.10133131171835 -3.9779454585446783 -5.499094316871595 -4.863086237307786 1.8356887308797163 -1.239064921567406 -3.1406454959768277 -2.961877900880108 0.006324530526092141 19.865524641724907 0.5712640014288106 9.031084478204622 -10.366925509516784 -2.386083358899665 0 0 0 9.690581305210166 -1.8694784906857027 6.091919615369595 0.0021417988477004215 19.170290659758823 -3.6426178072285733 -4.5574221757724365 -7.811434764917369 -3.6848006439343877 0 0 0 1.5960629127893955 2.0189305586531563 -3.713147460048459 1.4921505173291352 0.09254008550352552 2.1843383371127096 0 0 0 0 0 -5.396555544302337 -0.7929500480242289 -0.2265828315141253 -37.62473370828984 -59.75950948405289 5.730730172752736 40.84937733341396 -32.79940994646912 -14.77760768725846 29.189897104837836 -0.2868352018897985 -1.398860003750722 -45.90989140922685 4.3292355792265855 -0.8527368959982252 -75.15598906743575 0.7648787901198635 -0.5230151787096364 -34.854607104814015 6.273750398934968 -0.7101266950437523 -59.40259829084057 -0.04556039087047847 0.04438963397525751 -93.67817152233884 -0.055727092176168835 0.03719452477933014 -50.96312992518764 2.8984721657565546 2.9883355559939253 -71.2011093126857 -2.383033014787526 2.518257281387768 -96.32846545721827 -1.1125134738488471 2.182241749742981 -63.511250416159754 4.111450278105796 2.1083434391686615 -71.16391054475964 -1.9702910268999527 1.9272618043132963 -100.0053272155371 -0.5303746422056751 1.4178602861918643 -49.756707257326674 44.84073649046564 0.0016017474165081432 -16.845832043227247 12.176886238756701 2.5735343505069723 -10.266882841577345 18.84501981665422 17.043018411878446 5.843677676913824 0.9382436912530466 -4.234983586905244 0.06705149186369276 0.9382436912530466 -4.234983586905244 0.06705149186369276 0 0 0 0 0 0 0 0 0 0 0 5.535904878307087 14.786006608593176 -7.428815737235723 64.73625652626407 69.5029963542242 4.524216969366675 -48.560672425771465 -8.325471598936684 -28.295590855256087 -37.7914802681116 -12.371252820335647 -3.3151582122526473 65.78295853006419 -0.399445689547671 -0.7963687092395991 88.97385545593447 -0.2912352710010094 -0.3347219943328932 20.728893553551636 0.8391795629347242 0.1896475388710635 67.4045581044457 2.507906001862279 0.1939075063637109 89.63387290440501 -0.007610713781857133 0.016032245114857034 17.997679666534275 -13.182574804799811 2.2428722258860416 74.65976813147078 6.153992858406378 2.6669398722879563 94.01019591851141 0.06511316042730209 0.7800977655894533 19.098179967423196 -11.402847487493121 1.3145652778095447 77.52143257878603 3.576367627258129 1.9839416328416164 89.81416090540053 0.2131171459936802 0.6532212664457754 20.901282727961153 -34.078982436368015 -0.8309062155083525 12.685250263365774 1.5298268243069522 1.2543069052538 -2.5538578744254097 2.411229166039584 -4.245834444393516 -0.3017585309142165
0.22976554077065894 9.015521770670807 -3.982234479474439 -5.337502063014725 -4.5822672489985985 0.9174694061199166 -1.239064921567406 -3.1406454959768277 -2.961877900880108 0.006324530526092141 19.865524641724907 0.5712640014288106 9.031084478204622 -10.366925509516784 -2.386083358899665 0 0 0 9.690581305210166 -1.8694784906857027 6.091919615369595 0.0021417988477004215 19.170290659758823 -3.6426178072285733 -4.5574221757724365 -7.811434764917369 -3.6848006439343877 0 0 0 2.1017851622910366 2.298904574026007 -3.7544748612354506 2.0469655780479834 0.1586278376450994 2.92460053769558 0 0 0 0 0 -5.442994025055137 -0.7918013429277084 -0.23056510361388913 -37.91266852157116 -57.291731065104194 5.4478642715223815 40.50296201945157 -34.166220595587646 -11.803070415112433 35.34371143179874 1.3096757745083345 -1.40299478477002 -42.744568915032005 3.397415819476278 -0.7931201081665499 -78.8878627204438 0.5735142064032073 -0.5189440575835594 -35.52486975685943 7.259882819331698 -0.7681481127186862 -56.581367618239234 -0.04462965088584913 0.04434568462961858 -94.67588291178512 -0.04283244889530398 0.03559231148716661 -49.15822190598555 6.2531067528860085 2.705825251892643 -70.09152732045524 -2.365159481188686 2.5186822307883334 -95.8880818505225 -0.9099464191286826 2.044398628030306 -57.473503534601356 5.759555895624769 2.012943393923897 -68.0114432694389 -1.9702910268999527 1.9272618043132963 -100.0053272155371 -0.4585396975194497 1.3427943559870972 -46.446811160144186 46.60650575600553 0.12638324150678235 -17.444108694979278 10.893978519977129 2.4860918539486034 -10.077634553138529 17.088473163080476 15.702080118559383 4.908587284130758 0.9300518634675462 -4.286846408015704 -0.21751343921423943 0.9300518634675462 -4.286846408015704 -0.21751343921423943 0 0 0 0 0 0 0 0 0 0 0 6.603832900102494 13.855684571942913 -5.000433328251889 67.6451121182991 66.76268847959678 -0.5589907490485975 -47.0294472110168 -10.349296436196793 -30.49888330637974 -39.60576102879842 -14.34021347483556 -3.541366020808339 67.31586922630522 -0.058707430865674655 -0.7969033833052206 89.81120961479633 -0.14404924597313568 -0.26024729726998896 16.717689973271774 1.4027230461270277 0.23590734298541396 67.96483324702338 3.108055394961801 0.2448271682958063 88.66518758274222 0.007579556427025844 0.010336470004808104 10.784591770179881 -11.602748866616661 2.347027586090785 76.85376101979762 7.0481012172404425 2.7558121959635233 92.51891916017051 0.011239106989585086 0.49886581770176497 12.13995891723087 -12.738107472958903 1.2485000729266515 79.460143190165 3.9658624386312424 2.0312996457365617 87.2728235430721 0.19977255792733475 0.4540412570388598 14.25642984377994 -33.47144471070162 -0.6671984689760647 9.809583871682452 3.265806402360086 1.3618510891723705 -3.1966391578977333 4.184980853937854 -5.076099814563039 -0.44565348014234724
0.17819179469832766 8.929712229623261 -3.9865235004042003 -5.212865468211748 -4.441421693823456 0.3886755381923283 3.019228437905456 -1.3500882371630156 0.1310795756642861 0.12240639302780972 11.883367009436247 -1.1256803862151439 0.48675294753015713 -3.8588200122432528 -1.9233448331271035 0 0 0 4.096582310341288 -0.4077236595396987 3.293952050301225 0.14902027167732662 10.644401356825416 -1.5444954382852443 0.8624724158484484 -1.0895729430780365 -2.974291750909444 0 0 0 2.6256861692657973 2.7301319975923186 -4.1755654385492464 2.6025903094036273 0.2175390861925249 3.665470334535408 0 0 0 0 0 -3.1552701551531195 -7.335635393986455 -2.1964678925144145 -37.541171741665224 -54.83258345733893 5.189066495651583 40.10318665189474 -35.18985545944227 -8.704279875710151 41.365479882616626 2.9035569668840537 -1.4952397479208848 -39.58052243030137 2.463697919328662 -0.794278203150438 -82.6201844090376 0.38211515007334423 -0.5171116777235212 -36.1951411476375 8.24198397207056 -0.8746220279707788 -53.7614941829919 -0.04369828388763529 0.044317943647918204 -95.67359478766076 -0.029994665212258163 0.033584755773584954 -47.35331649903158 9.600827193591421 2.359015070646373 -69.00065822159253 -2.3472831622781145 2.518969803462844 -95.44769802574699 -0.7230275979322103 1.8860294562253357 -51.43681535464574 7.399785135066495 1.8271671460052237 -64.863281402659 -1.9702910268999527 1.9272618043132963 -100.0053272155371 -0.39116182082292245 1.2637075150075991 -43.13711178687132 48.37088868683676 0.26953349226573253 -18.038261873997403 9.610869715179966 2.4029044838705884 -9.886485142609242 15.36584012086173 14.334527366597019 4.022260481310757 0.6333007046607002 -4.504947274792579 -0.3401836277404433 0.6333007046607002 -4.504947274792579 -0.3401836277404433 0 0 0 0 0 0 0 0 0 0 0 7.6717607633455005 11.408988694988354 -6.433315992523649 65.72306398501917 66.7804970683612 -1.1490001004272659 -48.479155816378174 -12.338291018634319 -32.75616595325017 -41.37042867319186 -16.314967712606062 -3.7147859459457777 68.8559978313082 0.28198686379687776 -0.8024170569006748 90.64854644194959 -0.002434178489410836 -0.17565956050319803 12.706711912797498 1.9666937584154291 0.276652231073646 68.52553810938021 3.7072610775364443 0.3058826170829397 87.69708399750053 0.02336477296739815 0.006593059390659704 3.571503544805317 -10.020005788431245 2.390641036585779 79.04991047860955 7.939668438979759 2.867886693437598 91.02908407031556 -0.0081664171763415 0.21317911352569738 5.182216819191234 -14.074817138904017 1.2276472261341973 81.39983614258986 4.352887221148651 2.095869736234929 84.73177720399991 0.20956614865316034 0.2546551034719258 7.611765786736663 -32.87290236980243 -0.47323018126549493 6.935901878265996 5.000558282764848 1.4888065168025746 -3.835899627357425 5.963287456900798 -5.901521485185232 -0.6155143460780982
0.1562677010228833 8.8653302240004 -4.3343664305017375 -5.219984003008102 -4.351412419786264 0.1375238147563304 1.921175980205419 -2.021149187558732 -1.276022227750117 0.03890923780571349 18.235166067165547 -0.7286823774134533 1.7661992254865362 -7.656974450809705 -1.0046205739282565 0 0 0 6.161196683507945 -0.479257711264789 4.771567256321022 0.11500914382815425 16.014575725132254 -2.339516288096996 -1.6827067709401184 -4.377214425134789 -3.655181634494395 0 0 0 3.124193820779688 3.1853027090629364 -4.343945699441445 3.1209148897688617 0.23936883792492564 3.877825276683889 0 0 0 0 0 -1.8967637727714133 -9.358606081278147 -3.1626876253585134 -40.293288848587 -54.42633251855686 2.3133565793765984 37.11688263410704 -31.204454011882607 -9.893079113271828 39.37669354950902 3.561054410507528 -1.7791925788857008 -44.58739898232716 1.998024085536505 -0.8024306118866131 -85.04278673729685 0.3248381615799822 -0.538044266917765 -38.35840705975618 7.241255024829987 -0.7378670552326679 -55.69941010406615 -0.043802390912976455 0.04428517006928653 -96.86119352964167 -0.023179678613111977 0.031625838526043094 -44.33226317428817 7.507652172184503 2.407037827676232 -66.8296393613236 -2.3980996919280138 2.5177923796382315 -96.69976070475967 -0.5771861159381039 1.7356680687266732 -46.27629707434155 6.19137354488783 1.9015996931515997 -64.53211006731661 -1.9702910268999527 1.9272618043132963 -100.0053272155371 -0.3515149771862483 1.2124882399144044 -41.07401272865426 46.56702908260915 0.20957280246282922 -21.899824691285005 7.702983717462471 2.1956307929859102 -8.920915485061629 12.097367423441321 11.531570650579983 2.7628985197007796 0.13551620309954332 -4.985167989853961 -0.25509657961107857 0.13551620309954332 -4.985167989853961 -0.25509657961107857 0 0 0 0 0 0 0 0 0 0 0 7.428186465328969 19.08960421660691 -38.768756333859564 43.5203538551723 -1.9757409072886796 -33.51750132054573 0.4827620531005605 -11.090390704481075 -33.05349940456906 -35.83614269567905 -13.1593191742553 -3.246714890255176 69.81008100373236 -1.493757469010525 -0.7246367016763751 86.15586052945253 -1.0400646872272779 -0.550349301039204 20.8730819519605 1.8228370668970202 0.25031730426044835 71.42857242958752 2.5165766202125543 0.24600861509729283 87.30375789830539 -0.18048925436752064 -0.06858091196577658 20.449902200692428 -8.08755403217755 2.582431352025153 78.72093440139622 6.446651185297425 2.7142849379390936 92.95725342415774 0.0703711783183578 0.8007021380771623 19.61497253413106 -11.307565609445243 1.4776769431454926 80.86022121572897 3.7142177368991565 1.9986708660262702 88.92387969365339 0.21049824525344416 0.6004775750234295 19.141038597117916 -33.131009371801255 -0.6991809159839976 10.377904399614213 4.816297654580639 1.5156791006175845 -2.668742268213145 5.348910920108956 -5.303427031640031 -0.5044612118089622
0.2484222654747846 8.663947351837875 -5.7749389348354025 -5.3254928455823665 -4.282339976118492 0.5030104916258218 -1.2274569610548751 -2.610944653325336 -3.609907253754335 -0.020063018881342497 21.726976778937825 0.4686833645819602 5.652858394166838 -10.366721543128634 -0.8386224259960677 0 0 0 7.063658050575884 -0.3621320238763543 4.927651963940494 0.06586661255568294 18.49535719753494 -2.683714232850855 -4.249316300000691 -6.764068254305945 -3.631411766996619 0 0 0 3.356739821092805 3.4962131715024745 -2.875882638326901 3.3514899713044786 0.16353588157040783 2.678260158736631 0 0 0 0 0 -1.4063449600712232 -4.808774798375751 -1.9895957326287912 -46.8901474853604 -41.2466016973495 -6.776608416512031 30.49289386533077 -27.16516108602504 -10.941628855488254 37.3014633218131 4.240935648024503 -2.0046797630053916 -49.59793828616117 1.5331089174213262 -0.8302573327194344 -87.46525301065421 0.2683920012475842 -0.5611238443265473 -40.5216577500305 6.236499177694298 -0.635046958840694 -57.639368209752526 -0.04390580091188136 0.04425024538064563 -98.0487928250159 -0.016477401975386847 0.02931047410600248 -41.31120869731093 5.417661792635943 2.5342048366859085 -64.6616801674518 -2.44887858743388 2.515505902950783 -97.95182049570326 -0.44547683555437695 1.5728057815989682 -41.11658447869938 4.983356870645627 1.98299508452189 -64.20256882368452 -1.9702910268999527 1.9272618043132963 -100.0053272155371 -0.3137388728462895 1.159875115227573 -39.010990309882885 44.77130950996172 0.02831641798684469 -25.757574505593887 5.792108288153334 2.020618877736288 -7.949094334203476 8.920602165097032 8.66406888777712 1.6781758785004626 -0.034775571664757504 -5.079422936603845 -0.5954128535500284 -0.034775571664757504 -5.079422936603845 -0.5954128535500284 0 0 0 0 0 0 0 0 0 0 0 8.364493083188629 19.973518730029024 -40.40980118750146 39.9328699270486 -1.958909362595428 -33.452363056761826 0.48370577222412264 -9.877737285709891 -33.450603021308524 -30.288866562126405 -9.997601271690307 -2.8318301409619795 70.7881227193537 -3.270134656276241 -0.7861952395009 81.66293165609169 -2.120460041588261 -0.773789826110549 29.04536117264724 1.6778315170347773 0.23130188957484113 74.33165936757771 1.3263362850104876 0.17797583275495452 86.9117622199151 -0.3973881442543507 -0.08132896405839772 37.32847302374634 -6.155924439896106 2.785193299812832 78.39856631102921 4.949461571676645 2.610989309357183 94.88857269274423 0.29291892774555084 1.350102968848063 34.05121125837684 -8.542433942327195 1.7534502775851968 80.33324258988677 3.070175862260733 1.948393688266209 93.116618406055 0.28053952432088625 0.9391355394728228 30.671244177096156 -33.402231350223175 -0.9092258784804972 13.821073732423539 4.632620632612597 1.5462978164400705 -1.5016615889101783 4.736260961237337 -4.704184141457068 -0.39995071700579166
0.36731911636700454 8.518122792618033 -6.407899240087507 -4.9594521160607234 -4.214024127986285 1.2758642393002892 -4.177808439476595 -3.0552737747725396 -6.026211129587227 -0.024495846452017578 23.023011376906688 1.6360212497484816 10.302185306070442 -12.296455568896443 -1.0944217005112489 0 0 0 7.927549321555729 -0.305744650632572 4.252531269039487 0.034732776176060035 19.096032287345885 -2.9966267727330362 -3.982514275787808 -8.210109097433454 -3.8251515210091336 0 0 0 3.221878888491989 3.67897587952747 -1.3784535040453227 3.211317797435293 0.0878465657883512 1.423858253246092 0 0 0 0 0 -0.5246653126212039 1.80092807450728 0.9046020082298545 -54.27622793001748 -32.25256594240501 -8.442573034021178 23.899967138794374 -23.01233414086959 -9.287635688630504 36.85905464297239 3.523627343615906 -1.9452442203701235 -56.22464874665581 1.2119004706204954 -0.8572137830127136 -93.63980629274214 0.228191010385643 -0.5886312547429855 -42.922847467917805 3.9039399687360494 -0.3182001121311851 -62.11632936397426 -0.04399019110137787 0.04421995308244223 -99.02439779717781 -0.01199676162447243 0.02836874164455914 -41.0725156124582 3.818490286909448 2.8109952195821695 -66.28604247124342 -2.4905475302705433 2.512798541979538 -98.98037615423401 -0.4316533066880487 1.5538439881672736 -40.53875416645448 3.049062169639739 2.2357114941467864 -66.51844957742962 -1.9702910268999527 1.9272618043132963 -100.0053272155371 -0.32175782943184417 1.1713829502585658 -39.457717380292145 44.72793382320386 -0.013934569051155395 -31.811030115366453 1.4175766678928037 1.5370515159642457 -3.284228321134733 6.498202403236558 6.393079848324372 0.936393909006297 0.24077263400518908 -4.885526872028603 -1.4274480398390392 0.24077263400518908 -4.885526872028603 -1.4274480398390392 0 0 0 0 0 0 0 0 0 0 0 8.37358079141491 28.48590280911119 -38.5487003822797 29.81898401821079 -1.833931058350958 -34.41302025597521 0.4361662435155694 4.9182505100151594 -30.290721322433622 -28.845635993438957 -6.019451049904196 -2.4192275050571133 68.70835405674852 -5.274226366742267 -1.002273587639518 80.01068288129044 -2.215817052219227 -0.7164498591312245 33.74988358621204 0.9137575233138817 0.15674087067883044 72.87609902680838 0.7039220079881913 0.11940235856623632 89.6782065876453 -0.19132473837989866 -0.0012376250458376807 41.81279105360741 -3.6710544546167565 3.072319611186675 78.67581977317066 3.7231585897110198 2.56219894132268 96.6120663179944 0.47332818586055136 1.6250333098952596 42.04679972991171 -4.906095512913466 2.0274988228621904 77.22315053467987 2.5394918846199612 1.942397381525776 96.56111999236319 0.28376786202763843 1.0422262018499244 34.107935323223096 -34.81264035464261 -0.9729360212601623 16.877815589164236 3.4546287620393037 1.4463176601027643 -1.7903281395373944 2.3772536313891792 -2.371383554265294 -0.15177597182856475
0.48685619499989524 8.404029967665329 -6.751740301834863 -4.473496899102016 -4.128128107628423 2.682157020223306 -6.584875527791869 -3.4321886604830714 -9.23905918238994 -0.011099812731354457 22.90381090913368 2.6475485832074304 16.510188882073844 -12.783219255669971 -0.8891487841456215 0 0 0 8.759850207667311 -0.2385714597647054 2.842251585638484 0.017026462116543815 18.96511745952902 -3.272419525502188 -3.9360677547349403 -10.390392946944774 -3.6159436940160057 0 0 0 2.883158476756695 3.8627387618536266 0.08325009612225405 2.8771801487922812 -0.02408848709183831 -0.9767841681897924 0 0 0 0 0 -0.49377761540805465 5.026571232074863 2.8997815939880187 -60.45352087445437 -23.65490513055871 -7.494068948355031 14.06115646762933 -19.41551343362062 -6.0988566326911675 37.91533773504719 1.3704378224992344 -1.6410172150249873 -61.59393327865621 1.0151532619206407 -0.8881341677592383 -94.10123676917866 0.23026748951151935 -0.6286367033319508 -46.45308855711178 1.6936114342847486 -0.039142513172236215 -66.73537006843685 -0.0434787439948349 0.04424550960353935 -98.73170815516552 -0.00955329626246336 0.027617225645540394 -40.463407129460876 3.430254571441045 2.9122204231305098 -68.3675268817577 -2.511361964035101 2.5111647702842257 -99.4946511033876 -0.4363192242574983 1.5602892641441668 -40.734688032935125 2.179397303922511 2.353568298648948 -69.23254502505624 -1.9678393374055019 1.927501850512386 -99.92685733889783 -0.3218174717098197 1.1714678117504111 -39.46102248872033 42.879581095153284 -0.3594465323515329 -34.85100318187649 -0.3986941948940238 1.314690602079418 0.3175686620224315 4.929804691800428 4.883092032458903 0.5461554932252893 0.9107205046101658 -4.350590856223548 -2.335646766671721 0.9107205046101658 -4.350590856223548 -2.335646766671721 0 0 0 0 0 0 0 0 0 0 0 6.502383054232606 39.91107471800083 -30.996374356763276 18.65410053014691 -1.4144402955659787 -34.126755877353425 0.23313679921993444 16.330028988616053 -29.594437043325858 -23.466253306824374 -5.146164404025666 -2.290764571169805 73.32156657260663 -5.344052245211282 -1.0547519845530666 74.50596419669196 -2.689046102754838 -0.7592036657463553 38.60593161739166 0.8698301535660294 0.14805593425355243 79.02978503522013 0.05003699787363542 0.08033723828024891 90.47375573528218 -0.08290345959791026 0.04179122984373377 48.59011100501985 -1.9074102236679695 3.410159179429998 87.32064716972866 3.048674862671769 2.5620760885486344 95.99363857994078 0.6154032014132054 1.794575562171756 47.423482306728935 -4.440469254084333 2.1853376469854986 83.02216312175527 2.2527980502495644 1.9545696267547266 97.60927956952682 0.47122714406253197 1.3421627102763314 45.537521686695975 -36.66812146680946 -1.2160450058666996 25.235802541660586 4.849917189235384 1.5793706896436734 -1.072012904324643 -3.5639379619986284 -1.189626522521774 -0.014348357949491193
0.6275428492755342 8.1571475343852 -7.369193162125874 -3.7682445060695087 -4.037238643728375 3.9654215344703316 -8.21209328135975 -3.4330523078913733 -11.508464167939275 0.000786257991141971 21.938851148702682 3.3457844425296615 18.9400335999654 -11.923503671881312 -0.9535085124550282 0 0 0 10.135430139911332 -0.2727007878288902 1.536119795615058 0.008725899929337613 19.012783818390457 -3.753299075968508 -3.969015283045411 -13.445003504518187 -4.477903519284301 0 0 0 2.4883227706340807 3.933315738480197 1.0449188010743928 2.492374174591748 -0.11746750324689945 -3.6099353138821626 0 0 0 0 0 -1.2838074016182628 6.410054952270355 4.076720877312011 -65.80873117018614 -19.480396363931455 -3.2481519645084735 11.476764643684785 -17.223250096868213 -3.033826590871886 38.545528567449125 0.5106624082605187 -1.580689737839103 -59.689164654723584 0.9327704152212943 -0.9034273896522532 -95.42895109476696 0.22751885826596616 -0.6434636097785539 -47.739984576972624 0.5815210612928929 -0.014835581254598586 -64.10291235003989 -0.04366154493987422 0.044227200155434174 -99.20363640371397 -0.010425900318590734 0.029900475130020785 -44.97253364388845 3.880541063089166 2.7659717287931866 -63.12089706010672 -2.521763547485201 2.510277915339242 -99.75178899486446 -0.4998421751597974 1.643700981036592 -43.31673323273773 2.166071273279373 2.2628100172884866 -65.1909511435945 -1.9690652409175624 1.927382254537079 -99.96609285929812 -0.42965009392190096 1.3100122961806488 -45.0550147048036 43.37995124669284 -0.255367931485656 -32.47979271002507 -2.476034270314621 1.4534710517145923 0.10759107253202574 5.587023749771919 5.528291729589593 0.6064327653406298 1.641393105185159 -3.6700531040464104 -2.989359444853016 1.641393105185159 -3.6700531040464104 -2.989359444853016 0 0 0 0 0 0 0 0 0 0 0 2.7016713090290145 51.5838351747869 -23.156975229070298 6.5982173603853065 1.299761138034446 -33.437150162639234 -1.1912159332914918 27.568019008457963 -31.61588452915366 -15.264766905380355 -3.7587730986369245 -2.1319529957328176 71.88228347942864 -6.895380186107125 -1.0148778797744886 65.31064622341083 -4.406849265453397 -0.9811809382162388 44.52278904155084 0.8218063884504571 0.14321538222657268 77.62972806376109 -2.1956421155895067 0.10345818555915105 82.63836459507276 -1.7218859150800292 -0.12896183108345977 54.65145622126525 -4.27758361974225 3.164362506842976 83.56017359199097 1.1959241275217027 2.6018763067302824 84.00486073999413 0.316128845256849 1.9821679230422922 57.25893762062568 -2.697655257360467 2.329665729185046 80.1414218218131 1.4087133308827104 1.9753955940011036 91.22813380148034 0.13729087988131192 1.4975359014186411 56.27949212591121 -34.41882170092859 -1.719316848297789 28.454271048816228 5.450821451748376 1.793087772811624 4.196496571898559 -7.664610098667321 -0.5950700120506182 0.014120756795149934
0.7188122076806308 7.975645659135852 -8.226515757149443 -2.3628247335701156 -3.934142003561049 5.186481824429363 -9.192991419107864 -2.855524215741176 -13.154359082330524 0.007919771215234203 19.911914256431096 3.7485080473295063 19.87014143124594 -10.071212625691164 -1.7229191660878413 0 0 0 12.287400990430616 -0.5153585958270412 0.43677065757840355 0.0047486083412116645 19.067542234974248 -4.5148742753245426 -6.536443703814226 -15.968649850810245 -4.904022237915179 0 0 0 2.1453589837969136 3.8378249094685253 1.5355966255455138 2.1525796796019847 -0.1881650062372686 -6.195122782938923 0 0 0 0 0 -1.7226248818819527 6.756684206518603 4.47853406310691 -68.55073748313642 -18.657854688783534 -0.29766202354300625 13.717837616969954 -16.05899374444369 -1.5573080639937837 37.651135298781455 1.1842525644095816 -1.6218628295034474 -56.145601330594 0.8921255108705423 -0.911772900139487 -96.1208465250809 0.2174395442961048 -0.6412500091252424 -47.48639919746856 0.8104555285071829 -0.060834532015950446 -59.90857416310188 -0.043681548589903266 0.044222931285931244 -99.33897496621854 -0.011706814433227127 0.03184116294069636 -48.830443934613406 3.2347372591128276 2.6762341221772465 -58.38485641340114 -2.473685734929978 2.5139845072565707 -98.56401431104808 -0.6757258093383589 1.8401838278010332 -49.81442648568755 2.077119669164948 2.1688216406462377 -60.60129788077862 -1.9502342980322958 1.9291264345307857 -99.36365328487014 -0.5553054041820206 1.441979325424452 -50.86163998399843 44.83910405378759 -0.010811748459494489 -30.621115932712417 -4.415433866083233 1.5458110949978046 0.6792380549924847 4.485365477236557 4.4547615323367395 0.3926682294933133 2.1896941139934873 -3.052550210946431 -3.313593346210012 2.1896941139934873 -3.052550210946431 -3.313593346210012 0 0 0 0 0 0 0 0 0 0 0 -5.533955182108979 59.32777648854879 -17.721802839498086 -1.9361321922375672 6.063872229688714 -33.5210241472064 -4.019631197841264 38.95994447343623 -35.23457236283057 -11.058029431358847 -2.712842171309844 -1.9949198817059801 67.79868610326635 -10.115908955842631 -1.4049090930693036 68.09532049188083 -5.145765830460808 -1.0482283755298387 49.732149035383756 -0.45970011894708485 0.043358465206287986 72.97314765449649 -1.4126870394655378 0.10601035270568201 87.02099642011699 -0.8455259958248021 0.000035153797030458614 58.03919339167174 -4.714560141382363 3.0466189702996975 80.75616983414213 1.882262434319864 2.621267289910585 92.00727559818958 0.6264957612564117 2.034568240956528 57.615586606571945 -2.750268234081355 2.3308867814757823 76.64951593766227 1.7091950219025145 1.9833385072251146 95.61685599757074 0.3852316368728967 1.5123128833681767 54.98237366645649 -35.637383320523654 -1.4497476171234247 27.603015459499495 6.966604710626215 1.9119044703968808 8.022031319852049 -5.510790433756015 -0.29766773323131884 0.0014673038770147927
0.7998151842002424 7.844736118027765 -9.006245098386637 -0.7815387458981071 -3.8136853077027375 6.06789090731244 -9.28059046002779 -1.771468623123112 -14.068662186579068 0.0037512772306164616 17.777721422785916 3.7389183090430986 18.92000390956746 -7.05745774084596 -3.0198904858228417 0 0 0 14.839401961103036 -0.9054144752049097 0.026904529466293438 0.005711677074543332 19.462182153339864 -5.426683842978042 -10.634209931268375 -16.221612662436105 -4.133882042661127 0 0 0 2.4939432026249553 3.6432241430641876 1.61700336669239 2.50168445817887 -0.3226239827740395 -7.667478191633431 0 0 0 0 0 -2.882139415159975 6.576891904440488 4.346663717710227 -69.00894060062251 -18.901341690197235 0.627378538926675 13.477008753693125 -15.393046691644903 -1.0461946671893485 36.068810205688365 1.6459043760339234 -1.6787620585547005 -54.68830295897999 0.8742224105485629 -0.9160555466651856 -96.62995702350213 0.2131887056952939 -0.641003253093356 -47.440179462689365 0.7159767611687992 -0.06868008318201906 -58.83490293951866 -0.042489820615596204 0.04429454490692967 -97.71316300627495 -0.013414020939631423 0.03373358255303158 -52.7277598439411 2.8264442549645015 2.6746755670511484 -56.482681389247944 -2.3996617534899918 2.5177385399242787 -96.73825576684742 -0.8316428977222002 1.9821435759252202 -55.00946125949899 1.780461017665903 2.1686629385147245 -59.25586350315964 -1.8857891372647457 1.9335903645889834 -97.30568423002525 -0.6880392865738553 1.5561838695017558 -56.44148714079051 46.25432030040897 0.19349038219300382 -29.831793455871555 -5.693066248280888 1.5774004997500046 2.344182022659389 4.274161934277591 4.248939609546899 0.33942177825854863 2.5907549767456364 -2.556809881928131 -3.384566619923945 2.5907549767456364 -2.556809881928131 -3.384566619923945 0 0 0 0 0 0 0 0 0 0 0 -13.15480802901617 65.00523054037723 -15.862560542855936 -9.546744848436528 3.3745129687159063 -34.56661168394369 -2.668760457020975 47.92027095655936 -38.928367292765344 -10.377460891597424 -1.6789570888248737 -1.8406252430318286 69.39771564331716 -10.185858237970033 -1.4399151017595302 73.07709795973179 -3.6528230396964294 -0.8745635910289256 55.4952948937894 -0.7454555429018158 -0.019005526984988582 73.9529539730647 -0.6625337528854971 0.13311054152467497 92.30970052338127 -0.4070514925081788 0.032930551606931056 57.157977594439316 -3.3251509559871364 3.2095519853322347 83.44883444681436 2.224771443702701 2.595049556926271 96.00839618247696 0.6789728667438495 1.9733485236318598 54.57872445032777 -2.140787024656298 2.4387879589585237 78.60217444377697 1.8594436195426247 1.978681163236163 97.81121771703604 0.4432012380230032 1.4597621947648083 51.56732624219895 -39.12402503455365 -0.7754587859507449 24.880304666312057 8.173705363454518 1.9630288498756066 13.44149112858014 -3.261429209015177 -0.14884826553723116 -0.0021882430458523947
0.8259956532770973 7.827474566680613 -9.255286635976251 0.5024235141115395 -3.7093663464332325 6.518505573076709 -8.628171668061933 -0.7898659062213399 -14.435374128599404 -0.005039701809873286 16.269882897933943 3.4286518845702885 16.667644843771132 -4.986927445118289 -3.714028999122749 0 0 0 16.037606056379037 -1.2181343411838268 -0.15610923252558387 0.005383921069223899 19.74558678440282 -5.848429912971989 -13.333554891752973 -16.414941235542226 -3.356295988142125 0 0 0 2.7088325999390372 3.4425702287988345 1.571199260039571 2.7086411252634655 -0.37625536073059024 -8.084247116419313 0 0 0 0 0 -4.349979424724603 6.262963189764663 3.9206882334782116 -67.45709597398283 -19.53724698291534 0.05060655233735101 13.743697816869982 -14.225213306049211 -1.7241953790226963 32.417803087719406 2.002750901055517 -1.7528244887465672 -55.42821855482869 0.8525600994781096 -0.918029403989544 -95.80094898999346 0.22497181971119995 -0.6555107564313967 -48.7780088603773 0.5474207256262837 -0.05514019905223172 -59.010760935083304 -0.04148540674965761 0.044328762564079034 -96.31976299809244 -0.01406133152377458 0.03439118180994865 -54.143096263330726 3.4050095534940965 2.623462292713762 -56.653105909140706 -2.4217615612887484 2.5168651404308773 -97.28304111126205 -0.8492038686235269 1.9965881001174184 -55.56949849899268 2.06613427129442 2.1422169443645145 -59.39804314714131 -1.8524281121921855 1.9349900702686262 -96.24199645409546 -0.7084156807320754 1.5718244261891667 -57.25973413466238 45.975811149540746 0.1505390632926149 -29.95088269856926 -4.955435687126232 1.571093214217321 0.8874978301892752 5.112231104932441 5.069892899288032 0.47710701360581637 2.830770677138646 -2.186172604771957 -3.1262769442046836 2.830770677138646 -2.186172604771957 -3.1262769442046836 0 0 0 0 0 0 0 0 0 0 0 -16.376970427761346 69.11104079253289 -16.91268908764415 -13.006816313795973 1.392614425078982 -35.35941109207361 -1.4331984965101956 55.8991926380229 -40.771455344172786 -13.932154801861115 -1.4605312559311507 -1.823381940948334 72.55358662344752 -8.112795559967065 -1.2695608165479573 74.74231240117678 -2.8988603949521616 -0.8410291530873146 54.07981314596303 -0.5405875126280544 0.007423841185644493 77.0092183749946 -0.42268663678891966 0.11535715720034809 92.32015374463478 -0.24173610806073123 0.046992773975363604 56.79356969828182 -2.2235793882104957 3.3749683505326122 87.9834978427522 2.291288092911113 2.579659752363202 96.01517918939169 0.7338744789022715 1.9815581773672712 54.53697008719383 -1.7246319309480522 2.519207168474559 82.17318992839203 1.91608669893129 1.9754293381138675 98.63939998158575 0.49867966443490924 1.4731457448216103 51.696935211027416 -41.49799093413783 -0.42390451036337484 23.638390968473548 8.974040650722314 1.9262584799079356 14.077414964039646 -1.0678482693057292 -1.0557422097578544 -0.0174361127409777
0.8521761223539523 7.810213015333462 -9.504328173565865 1.7872104707288579 -3.604906141203855 6.969034258493825 -7.982105776730683 0.19582790786525486 -14.790852909016449 -0.005323649874337337 14.76201835447178 3.120883518583605 14.39594690286396 -2.9452527418873533 -4.487369470090575 0 0 0 17.2369582635359 -1.5269575840064762 -0.34564834223764185 0.002835230698139302 20.02897933620843 -6.270933413389203 -16.03783730006338 -16.57287762522068 -2.569368284856371 0 0 0 2.925342714893067 3.2437960666194883 1.5244488051380014 2.9159834665238473 -0.42837958198422565 -8.501209764173252 0 0 0 0 0 -5.817820004576495 5.937741677299643 3.503353363267299 -65.90367853315949 -20.179039566792135 -0.5223866684301341 14.010836513513045 -13.016086425705938 -2.3263210852493397 28.75229590115282 2.360538720440076 -1.8222731816861357 -56.16861217193769 0.8308714059035511 -0.9196897803557514 -94.97193975615777 0.23709050167333173 -0.6697392054618767 -50.11584649377238 0.3788238780268203 -0.04211777834065026 -59.18665784629242 -0.04048046178226348 0.0443385476134071 -94.9263628548346 -0.01472468708277402 0.03503258938456893 -55.55842922297504 3.983701670306086 2.5739708557232173 -56.824031522423574 -2.4438523015015106 2.515781724211044 -97.82782548502661 -0.8669054977164671 2.0108603962791602 -56.12954682672153 2.3518674000829356 2.116479454579996 -59.5403511248296 -1.8190467664536625 1.9357704376534914 -95.17830764330913 -0.7290136146581722 1.5871724635466908 -58.07799082430505 45.69738940586701 0.1070094697013262 -30.06976300679686 -4.217881722845494 1.583532286880829 -0.5691490411614407 5.9534322939319795 5.888746786653893 0.6270375635342966 3.0724013735743303 -1.8166232608849135 -2.8664943981400026 3.0724013735743303 -1.8166232608849135 -2.8664943981400026 0 0 0 0 0 0 0 0 0 0 0 -19.599134315898613 73.29658106108535 -17.720033537688952 -16.55434332134725 -0.6306294474557896 -36.1168300030071 -0.17489982365278087 64.22075024229099 -42.20903888758324 -17.88743537512987 -1.24148821655725 -1.8181834632731955 75.70948007928696 -6.0357662754177195 -1.1596002505299974 76.41251190086447 -2.1459643294558135 -0.7888859478774916 52.66491111403844 -0.3346017351062279 0.022892606912015112 80.06555800631581 -0.18284291460494437 0.09756018140132902 92.33053209550339 -0.07651346177947735 0.062106068511295784 56.42920492377741 -1.1122162072366037 3.452887119300586 92.52107951187658 2.3578019273151036 2.564262015060163 96.02194418378332 0.7887704492844795 1.9898078098012701 54.49522568128158 -1.3042490294329243 2.573571527156864 85.74488249353699 1.9726766528875987 1.9713595467708205 99.46757588632637 0.5541885625477755 1.486403828300659 51.82655610462027 -43.878951462988624 -0.12416973465616184 22.383019023747643 9.773900218221028 1.8806170227334433 14.712746929917 1.1268879913465988 -1.9613875748616476 -0.0674102011260907
0.8471127801620288 7.833249949358395 -9.420312763595678 2.8226318035825715 -3.4946345955678058 7.122991634463769 -7.172310074077353 0.8629365254673 -14.838672026431245 -0.00556343162712324 13.847505928938624 2.766564026816068 12.846546748670857 -1.6688832040606953 -4.3502691942949765 0 0 0 17.73892214284413 -1.8154058085201572 -0.5064321758740391 0.0015081962266512718 20.085721873186156 -6.442223028525936 -16.62238654820452 -16.18562044492186 -2.104048807896153 0 0 0 2.673504584449815 3.1183315016908906 1.2158944408892394 2.6528781920229125 -0.37036118257364453 -8.007382531712853 0 0 0 0 0 -7.348680247588004 5.773424102167117 3.189913176371703 -64.15924059618014 -21.640771205747985 -1.3855901514918112 15.497585793135976 -12.058486165814104 -3.487911029454722 26.530923578744808 4.047898228378312 -1.9595579342032394 -53.38923711698317 0.8645401559849908 -0.9197606526991812 -97.48654843944881 0.24280691389921538 -0.6760079371352983 -50.71557027124232 1.6887764715630655 -0.15944306121557397 -55.82822111832315 -0.04227892517446291 0.044303172692410187 -97.46318288129233 -0.013277979929531733 0.033810852416493786 -52.932556467955656 3.578183334177272 2.370727080626477 -50.08160932982245 -2.4880372054174367 2.5129829209457464 -98.91837893538161 -1.22475524416033 2.246068858932016 -66.69205728885493 2.4263769387554683 2.0146957794236724 -55.26010335435224 -1.894758532125608 1.9331081348556893 -97.59182324205749 -0.8093837948027474 1.6428725866318465 -61.19327065520937 44.63707642920428 -0.05810351542357709 -29.19864748108675 -1.926978413159844 1.6529109264518447 -3.689012295995572 9.8860016191229 9.58191950746656 1.798366194174649 3.153846265763219 -1.6151110552316816 -2.4364862346237426 3.153846265763219 -1.6151110552316816 -2.4364862346237426 0 0 0 0 0 0 0 0 0 0 0 -20.582414663567928 75.0012303365959 -18.63050745954126 -17.00414513138154 -1.1225198565227794 -36.40342478946847 0.11529696840597624 67.62018714454828 -41.25363777648446 -21.507788336121344 -1.9256101210213639 -1.9653490623520835 81.60439127055646 -3.3016592764724213 -0.9668016325388218 77.76280604759746 -1.1802314324884078 -0.7215865658562592 51.048255751174345 -0.14172100151490802 0.04818569293882778 86.17880600790676 -0.0545502874152819 0.09195558997371574 90.47946222688897 -0.024009871361783005 0.06576953346774202 55.254938803865016 -2.2962401978392486 3.2568058799550483 94.7134427921425 2.252354277174809 2.558007638641462 92.93906858559467 0.7431516994105736 1.936352616730126 52.42702343567614 -1.755199290959965 2.4951608804423704 90.86253440380372 1.8938448032093376 1.9760634285628342 96.6961287684885 0.591226684181251 1.5080122124032838 52.669398660439334 -47.29947398845978 0.24906608710051498 17.799617075905054 5.260270178910814 1.9551879052687047 8.531494013430578 1.9408002123508166 -2.355331976342238 -0.0970171416662232
0.8325307423364463 7.920406189450208 -9.274057052319307 3.5359137159855574 -3.42352507353317 7.146770955534765 -7.001143586898933 0.9944073239854101 -14.858448940164658 -0.003548245825926954 12.97525320518658 2.6676586613121462 11.906772713420324 -0.6587388734522172 -3.9184555914170365 0 0 0 17.670588063824603 -2.0449011803392976 -0.8432526354430957 0.0008931961334724422 19.703896013677944 -6.402623241893711 -16.88211532874263 -15.275131876201627 -1.887586931255888 0 0 0 2.2616373889180466 3.0581478239555007 0.8806272220985724 2.2310045706838535 -0.2821324024616377 -6.970664321474664 0 0 0 0 0 -8.657876559711873 5.563129736683585 2.8193917580491243 -61.808068697402 -22.5553709534056 -1.459950299465373 17.202684870582416 -11.356206203069249 -3.9001609751466817 26.686298493785277 3.3742639587075307 -1.86203582863652 -47.34401696478221 0.8737798660361493 -0.9195216720166476 -98.17680865714172 0.1835377105571537 -0.6104961009726798 -44.679813883820984 3.6873031597310755 -0.22505613897480117 -51.949528334678234 -0.042772169575488274 0.044279537162570895 -98.15953982591176 -0.010527914611461778 0.0310838122414281 -47.49215365916858 3.2926166723737373 2.383313783311762 -49.34436343245225 -2.5001559800367406 2.512067649485537 -99.21773396762862 -0.8458982412325263 1.993891101588266 -55.46442197880369 3.404347909716523 1.9148531276138485 -55.580216048260404 -1.9155157208223685 1.9318201251102134 -98.25433188148735 -0.6141117885283628 1.4953651886417831 -53.391770175266636 43.649964463682615 -0.21806948356233782 -24.81275744385063 4.19816592712686 1.868723780126054 -6.429630362276942 12.797445554542437 12.145859801187333 3.0164934797728336 3.0815961718062903 -1.516202647102272 -1.7389968541780911 3.0815961718062903 -1.516202647102272 -1.7389968541780911 0 0 0 0 0 0 0 0 0 0 0 -20.916459036926454 76.68631962674175 -21.07719411861264 -16.903908470506238 -1.3745977156279656 -35.3509778348949 0.2533271956804323 70.0138657760392 -37.523627618344435 -26.056892788600166 -4.201015529990255 -2.0600965742540667 74.35918758156132 -2.6384373413966706 -0.9524192924028964 74.41484407002665 -0.4208029602454494 -0.6389945185542748 44.220394057749594 0.5449281823356996 0.08355314676102954 80.21344381201096 -0.3726364917650288 0.08314875110948655 84.89323765182122 0.2328951064265485 0.051197880867182397 45.788375139548755 -8.76498738569552 2.868715037854773 89.25285186740614 2.5687311353304465 2.5311780271983917 86.46946867863385 0.7085601603671837 1.7042676011242632 44.648966778323036 -3.962457285200745 2.3695312013648784 85.60054312665973 2.078724930598172 1.9719936356676393 90.55500674249953 0.647749189097428 1.3554991483936558 45.95880512293774 -45.387680837021925 0.01872256770698578 13.702089371829912 1.4450499894598745 1.889458151001436 6.915096594676299 3.033369546119221 -3.2321847775337873 -0.18818808012891758
0.8198422556544751 8.067819339780794 -9.186942732053142 4.064192727077134 -3.430611046608967 6.869515159114234 -7.930764822689546 0.3773965872927496 -14.853659252857378 0.0004955450488570355 12.195380072127387 2.9937376902083535 12.220940327412064 -0.2778078539118885 -3.449103653418163 0 0 0 18.021577619359242 -2.3696790306138555 -1.037747168299872 0.00013709082828019674 19.424062714387798 -6.522107789092848 -16.816614287893263 -14.626645698718635 -2.388454326291457 0 0 0 1.177749422293205 3.0043131479567204 0.3076039458885414 1.1311181159265014 -0.15584878062107876 -5.557401498619315 0 0 0 0 0 -9.949045753670795 6.786038119360184 3.1308572665455743 -58.81981016714458 -23.587634371267754 -0.6760670117115312 22.64626441748689 -10.654685431138091 -4.314278982024102 26.83667676188796 2.7146979510519804 -1.6941633358545307 -41.30079109547057 0.8830159994935194 -0.9191713662840254 -98.86706925946449 0.13148658500807703 -0.5391158001837658 -38.64420126226726 5.676841732623784 -0.4256408135105128 -48.07542856154133 -0.0432650904699949 0.044249908540161295 -98.85589664364882 -0.008048788538970283 0.028108320640503382 -42.051750571865874 3.0072327763370255 2.3995703449233976 -48.607177844955395 -2.5122696787628978 2.5110891386899152 -99.51709059999729 -0.5234718475399324 1.6728340138695994 -44.24048501232636 4.382807504235876 1.8204868250270236 -55.90196823083532 -1.9362566530744552 1.9302920697146975 -98.91683933848586 -0.4406884856379386 1.3227282349868503 -45.591351441536176 42.65350064773996 -0.3020587779119863 -20.424724877921193 10.307449581309207 2.3752711321716777 -9.13220927271331 15.795311992355028 14.644745610824991 4.380455986267818 2.750486800150297 -1.5995171472979548 -0.835697997279943 2.750486800150297 -1.5995171472979548 -0.835697997279943 0 0 0 0 0 0 0 0 0 0 0 -21.140919628136157 79.168987245782 -25.261107617674945 -17.153106417129884 -1.4705263130393695 -34.13638125102973 0.3015573255962615 71.1447151727899 -32.349661439484144 -31.067406478977748 -6.206610712813682 -2.2830089042495425 70.09412712807982 -0.6975946597809876 -0.8682304728223226 71.04117722155105 -0.09107951207717895 -0.5717557134305994 41.55488432747228 0.9210929396171235 0.12653914895847304 75.8995263989628 0.30075033436839066 0.088327147537655 80.83775078290869 0.3487508433945442 0.05959885406309705 41.04326879109027 -13.349969211552933 2.402952123641561 84.44533200074746 3.8046301087965158 2.4920566081777227 80.02102237010062 1.0008167045157255 1.6309510692831064 41.809661585069755 -5.813924224986974 2.1813824439461023 81.72113245835851 2.773946746678934 1.977166306565895 86.096404531635 0.7457139202944674 1.2913996102643308 42.91126240602741 -39.626439113746066 -0.4277707176592222 14.581456254016596 -1.5771696268128148 2.034024471324056 8.507491065006253 2.141035120566556 -2.2417683050513144 -0.09999704181904902
0.8020203072330987 8.213131822941055 -9.084085694537738 4.4322237644151015 -3.492884094392558 5.801019908805222 -9.053939942202122 -0.5242379937189469 -14.085634347722026 0.0010214507902295265 11.98635740496089 3.408850531105643 12.932898154055195 -0.5680725117954188 -3.229931918639898 0 0 0 17.837846739301273 -2.969817793465798 -0.41736549992839234 0.00010522343987312521 19.333899839857185 -6.478085515762471 -16.25165653366372 -11.459388408425669 -2.4913707207876374 0 0 0 0.08636712011318687 3.02611797774411 -0.21211089003519815 0.041812175166099176 -0.07981318083220793 -3.661575411667034 0 0 0 0 0 -11.26010502868515 8.837206916303616 3.675756928467916 -55.49631715943099 -27.14896429633612 -0.2766198139776683 33.38493235828964 -9.66430361611088 -7.231310879247022 22.886299506000384 1.3718001751278124 -1.4444943799469476 -37.39105064433677 0.8905998547409052 -0.9188004606478454 -99.43411249164363 0.07978766004706875 -0.4476209739516135 -31.461293013950723 9.404744154576061 -0.9491608435314963 -47.13860849066905 -0.04366972582575767 0.044221090335958176 -99.42794927210485 -0.0042003368805963595 0.021925914956990634 -31.801869657303392 5.1291499225836725 2.2290604588897573 -51.69384048152356 -2.52221722242827 2.5102379630829423 -99.76300873639545 -0.20973968460525133 1.1754912101129364 -29.72280950033103 8.389401485135407 1.4203414730846606 -55.34240520201674 -1.9532810052106326 1.9288577704701297 -99.46108353521109 -0.20242355696766584 0.9762443391234564 -32.16799105663976 40.58465612095685 -0.403733261591766 -14.355279141284225 13.778355638577688 2.5594609296840702 -9.633840828546495 20.38564028672234 18.11127639799595 6.8902418246329065 2.2312067562175257 -1.7317586638651223 -0.003430062966786354 2.2312067562175257 -1.7317586638651223 -0.003430062966786354 0 0 0 0 0 0 0 0 0 0 0 -21.131067165754164 83.11702700150367 -34.88576499857121 -18.168056105095115 -1.4511020538179242 -33.86014313202998 0.3208159762826383 69.00077321206702 -27.76159712787772 -34.515246431402744 -4.611836408514414 -2.16760649110247 66.30973107278339 -0.9738930688000286 -0.8933732891756221 76.55211416721028 -0.2733428498230706 -0.4611573138101842 33.58148148849127 -0.46424230595600646 0.07231552082133359 67.88625379378442 0.1948669770068963 0.08110396779614236 89.99355345635088 0.17674222060873293 0.0595900228371666 34.240599154206585 -13.12855368176673 1.776181897957593 64.58682422426169 3.1823058434465716 2.464378273520007 90.01513908529111 0.572947929261678 1.3976847545331188 34.72789000882801 -5.072527336484567 1.9741216474604237 69.92142379172877 2.391944471022089 1.9495070128008471 93.05097132593336 0.4395743802753662 1.1129243370804738 35.83009370440199 -30.199318777592612 -1.6200107869696179 19.006169538326112 -5.880778457795555 1.6168389265077578 4.7526909064201845 -6.258525465706816 -1.1245524961206708 0.03231707625806601
0.7369924533358057 8.454410391263208 -8.76883669605919 4.60063806056996 -3.566519394585238 4.471640851892865 -9.303515841471967 -1.1608402908159643 -12.761365866670879 0.00033022758086071575 12.196084102502164 3.505316413004554 13.613224139011475 -2.1848166796993387 -3.315890706303412 0 0 0 16.63031371447851 -3.5169500301004697 0.5492834704497908 -0.0029092484394671807 20.139664054845255 -6.083629692238789 -15.05135283713388 -9.184303390259114 -2.4429514838218522 0 0 0 -0.6040529882335074 3.086891091899479 -0.5569017914819637 -0.6380178023601644 -0.0456860563071072 -2.0059930409187983 0 0 0 0 0 -12.203961633870383 11.008277344147325 3.9943866920139266 -51.58222443994749 -32.63982369146137 1.1893454637049912 44.740002849725286 -8.96283225797739 -11.246371876179417 18.98165059152244 1.3672034571335394 -1.3191841324894675 -33.584798750214794 0.8943903144584141 -0.9185867763247154 -99.71763446598924 0.05298997136347914 -0.3862161848465114 -26.883397964683986 8.666288756276849 -0.9900677956037285 -39.41330690636124 -0.0438719334452479 0.04420516545168223 -99.71397620791092 -0.002262840263262352 0.01743206042846389 -24.917750853333022 7.870091027770085 1.868734457975513 -44.27603583672587 -2.527189526642752 2.5097965655090584 -99.88596778744214 -0.15332645558107427 1.0439965814488499 -26.199724550673587 6.896282913081287 1.1769607574889887 -45.93690380145295 -1.9617878824310975 1.928079969032923 -99.73320539820298 -0.12013037840149045 0.7969818847134507 -25.88328596504912 36.85269083131483 -0.5809007855279122 -11.428938092864202 14.76129815830017 1.3893004588888267 -4.134572672469951 18.104996149879955 16.47438621538323 5.482144045439592 1.512797733491759 -1.8367735945100185 0.7391667912709431 1.512797733491759 -1.8367735945100185 0.7391667912709431 0 0 0 0 0 0 0 0 0 0 0 -19.471165501383993 85.09788862856972 -47.48460917834845 -17.15778227859174 -1.2699926935162111 -33.01781803509649 0.3402500875254648 61.45270358551768 -26.44764231911125 -34.42724970498481 -4.732986159888257 -2.136487544842828 63.91751079450455 -0.9590673963132873 -0.8875907823148775 79.48323591419101 -0.24392577846730953 -0.4490584792967482 32.60004813540192 -1.066432472393232 0.05776191240896332 66.05942843174267 0.1817410795106936 0.08130662584885832 91.24436132335474 0.15491793718905092 0.05814709792260239 32.89520396677768 -12.54601652499591 1.6579904383919364 61.80583906646599 3.1044530819359974 2.468553679736408 91.26440472460317 0.47737216015909933 1.2862649972210425 31.552604903822584 -4.80462171266006 1.9618469608483242 68.45583034375768 2.3440408094506515 1.9493133075200697 93.92029559924484 0.38568840659788095 1.059668956946124 33.872087621154094 -28.117152821393102 -1.7759498802283007 17.33266373652867 -6.185203943604857 1.6355420744739846 4.930832393241573 -8.08915674261382 -0.984034349180298 0.04402083851101323
0.5777189406553553 8.732322637321559 -8.080712223473688 4.338488398931552 -3.700308087692034 3.0139665188422193 -8.318661622188227 -1.549829032424304 -10.578295412190155 0.002456136795707705 12.907038955266003 3.1459349795571985 13.462336299513716 -4.6360624765792044 -3.0700236550879074 0 0 0 13.669550122902013 -3.727435657790075 2.0891523182294134 -0.010045796829166634 21.024809217417385 -5.0491066685931765 -13.761754416193478 -9.602603646654952 -1.853931976685759 0 0 0 -1.2284900499167561 2.967186774649685 -1.478948403702321 -1.2568265733817934 -0.04935529655686546 -0.4498074225297975 0 0 0 0 0 -12.399095103403754 10.731163894644773 3.580806262747829 -49.12121839246977 -53.6490321742752 8.575451106231377 47.02966350481854 -8.527436591897564 -15.369220429566312 17.172764308654543 7.642987319670477 -1.78810527818975 -29.465354478358446 -2.649949522258822 -1.2018882083757951 -81.53242242832985 0.940827492941802 -0.3070886162927636 -20.5280737490249 12.497111129094716 -1.2239210388408301 -32.890227789973814 -0.04397300557157688 0.04419682448088273 -99.85698918785825 -0.003499522080557145 0.02047319732056852 -29.538441957165993 5.466086936170457 1.6163143940006868 -37.21963672802911 -2.52967535722762 2.5095718074599773 -99.94744683944076 -0.08948559819715105 0.8591007276950565 -21.383121077298142 9.929641340817223 0.8890047480430378 -38.055565109998994 -1.9660398824777905 1.9276759053843173 -99.86926616455914 -0.07299982902271318 0.661918164125179 -21.32679498214184 37.19042647070684 -0.47401050367713154 -10.359203197959308 14.962074937356924 1.4080029269028567 -4.277934594682453 16.14773074800252 14.968035479790158 4.396139732504288 0.8486754172305065 -1.949913858033163 1.3224240720916323 0.8486754172305065 -1.949913858033163 1.3224240720916323 0 0 0 0 0 0 0 0 0 0 0 -14.501190640551883 80.30603748626143 -59.14061442887497 -9.343882851115199 -0.8112163325531906 -32.14351833809286 0.39856959456579316 53.99013589568743 -25.134710126704388 -34.53160745456056 -4.8553282209813595 -2.110448777514814 61.525273360443435 -0.943965379394851 -0.8825738366738726 82.41435595735842 -0.21472029776203705 -0.43645757795827583 31.618624201420282 -1.6678523913977519 0.02401982334080344 64.23285765569159 0.1686227405757626 0.08179576527245996 92.4951692481031 0.1331335345810284 0.05619214206239855 31.549808207217268 -11.958457115317506 1.568194205217585 59.02393422494705 3.026709966620962 2.474423924839827 92.51366829015076 0.3881201004298614 1.1697239352950026 28.377641849755193 -4.536490278005076 1.9564242494121133 66.99020252438655 2.2961397926642553 1.9498461572711485 94.78961964252248 0.3336547067216398 1.004603786544091 31.914168495642755 -26.031174161160543 -1.8709496860287314 15.654478200403647 -6.489573371587743 1.6551910252497026 5.108873442896282 -9.919688414669263 -0.8432140357562161 0.05122882637509133
0.40869524851235356 8.983093687360164 -7.4087632382870785 3.595243346725583 -3.9037778335565774 1.6127863968465552 -5.870600339416055 -1.8466468239920437 -7.425983328878022 0.011892049320703117 14.194906191682648 2.229030291329742 8.634566231308366 -6.606318343953044 -2.886724960277678 0 0 0 10.654558955245856 -3.643409787137277 3.8212376860008135 -0.01104624806586568 21.626311791858672 -3.986437562075567 -11.860111013096898 -9.883095332306242 -1.8825160345910248 0 0 0 -1.4790955812375728 2.765534727979354 -2.9351570225581356 -1.495191537484331 -0.07300951262179917 1.256668974081743 0 0 0 0 0 -11.410525896745444 7.3096385108798785 2.357757677689717 -47.77770658085876 -71.69978550280504 12.34548408039084 43.658341043209354 -7.524934370890732 -19.620684798862538 16.853657235728782 6.834087885019887 -1.9325421878234899 -40.06591615533609 -0.963440497953371 -1.0601293264308245 -82.02353779838141 1.251732173752976 -0.48455444351431987 -28.784456589681056 6.074590869777627 -0.18277139636912443 -40.01575864729882 -0.04402353496453213 0.04419255894643585 -99.92849600478621 -0.005247342632759813 0.02388148365007089 -34.928831776229785 11.977720036783692 0.8479177201826888 -43.80016501728078 -2.5309181342111144 2.5094583602084337 -99.97818644788761 -0.18441029755216717 1.119188702224787 -28.20284709163817 7.3692782237591965 1.4541578135157047 -45.069429608172264 -1.9681656096859783 1.9274700294395644 -99.93729677336307 -0.15282879217822265 0.8745560129050258 -28.56437873057368 39.85210150338567 -0.35640164931215385 -11.850998772970742 10.660519136402598 0.9507205821859673 -1.3093049214974566 6.077566593802894 7.670251398765497 1.5281580487961641 0.412842428421554 -2.0345174093806038 1.7019657558204946 0.412842428421554 -2.0345174093806038 1.7019657558204946 0 0 0 0 0 0 0 0 0 0 0 -7.3221955075605925 56.01245478778612 -65.9930700347651 16.3153292681352 -0.08562278167868174 -31.257957698120904 0.6446136204236259 46.601902032444855 -23.844929995178447 -34.8204365661934 -4.978649116142964 -2.089536061076786 59.133021258132125 -0.928626706751931 -0.8783355774183645 85.34547270386925 -0.18573497950233026 -0.4233582670618857 30.6372089350987 -2.267891420919747 -0.028872731627939737 62.40674147252066 0.15551820824792897 0.08257114595335718 93.74597689240717 0.11140104422370863 0.053726249204306846 30.204415881811183 -11.367251536231796 1.507013058135639 56.241353973328934 2.9491127784039133 2.481986040370878 93.76292905116745 0.30546430536536917 1.0484198663217554 25.202994797080716 -4.268308596854363 1.957857504231505 65.52456855196365 2.248252208467841 1.9511051356098164 95.65894305368774 0.2835338109721734 0.9477934444043138 29.956330790408817 -23.943228314519608 -1.9047996944705583 13.973884082488441 -6.793882777826785 1.675784954966353 5.286809580470239 -11.750140495573639 -0.7022354662665831 0.05393429022004907
0.257310549157303 9.258815812898648 -6.984557834259227 2.697140380360559 -4.138038017514681 0.728081914561575 -3.49351473723766 -2.246530251248806 -4.8565341110728255 0.016709431596141845 15.509514199869606 1.3295328414294676 4.54952097703468 -8.307196201830365 -2.4848883762844354 0 0 0 8.942830646553872 -3.378011787219369 4.9783771240469035 -0.007279961552135491 21.935990486686336 -3.386104700174668 -10.279766293731855 -10.067485700177134 -2.318504424205107 0 0 0 -1.5712863373023893 2.4876595782059203 -4.493347738874383 -1.5777185776709572 -0.10643098369165023 3.006570010922966 0 0 0 0 0 -9.496739768920197 2.56849058251488 0.8638996381337376 -47.51002107781789 -85.80959596578218 11.882160383667621 37.867791030439314 -6.852636523928047 -23.17287919277607 17.99096922845374 5.761666610922277 -1.9330634997810137 -44.5588074893581 -0.11609715450801267 -1.0148179995046587 -85.73613738027578 0.755700263238273 -0.4984959596215264 -34.205061679831246 3.8383347977016107 -0.11337371700684865 -43.75614554475073 -0.0440487946584041 0.04419040450135956 -99.9642496605896 -0.007036404656966273 0.026721310164981818 -39.651514816625514 15.493276923649827 0.716073475625917 -47.71357294527813 -2.53153944715065 2.5094013161139195 -99.99355570379353 -0.38815104103535175 1.4914064964601252 -38.664845300325396 5.927467713765433 1.6976038430824751 -50.220365322308005 -1.9692282116174753 1.9273662372195952 -99.97131232423344 -0.28565765014292765 1.117996286810764 -37.40504060900321 37.99118477698292 -0.6085477326247836 -16.219494480089864 10.320225498003708 0.7769142834080194 -0.26244085348395985 0.7162499179691163 3.870509568798176 0.5835861796277573 0.07004084818644313 -2.060472050496711 2.1211160801274196 0.07004084818644313 -2.060472050496711 2.1211160801274196 0 0 0 0 0 0 0 0 0 0 0 -1.5711141258505865 18.36835210061517 -57.05071636436673 53.345316109084266 -0.6875055660674637 -30.42953906918609 0.8798254049366452 39.27664476833955 -22.599420580707005 -35.28381109616524 -5.102734840535276 -2.073785282254713 56.74075697476389 -0.9130912263681966 -0.874887155586891 88.27658764808751 -0.1569783529425615 -0.409764470609417 29.655801111110247 -2.8659408165445757 -0.10085623953509583 60.5812776949985 0.14243371743023406 0.08363239438202175 94.99678423540365 0.08973244165812073 0.05075076676880842 28.859020589989665 -10.773785420796493 1.474596786311278 53.45835221207063 2.871698768015904 2.4912364234939197 95.0121863995957 0.22965705532879774 0.9227255514852875 22.028641981420407 -4.000250798518757 1.9661456750741753 64.05895073080868 2.2003892729465115 1.9530900305996137 96.52826654115756 0.23538409406282343 0.8893041384780108 27.998575968921553 -21.855185613048803 -1.8774247540985942 12.293167584550103 -7.098130708716064 1.6973231485414846 5.4646357357927835 -13.580537392713188 -0.5612423644657146 0.05213494825634428
0.14851008305006272 9.431294318699152 -5.870608577465208 1.721100578890155 -4.397364899560292 0.2420936504158282 -2.0187055709843644 -2.712637442030699 -3.456131404207898 0.012364260891416906 16.28606870969002 0.7651157031202874 3.43621591187663 -9.208035975354408 -2.387774701046634 0 0 0 8.000750974772997 -3.016674707475108 5.430987137045497 -0.002383510045871624 21.53272526163714 -3.0548591606735607 -8.923727819273198 -10.098622200210729 -2.4784868933728266 0 0 0 -1.4895780933004652 2.2194006296917927 -4.777077496448036 -1.4915667687861358 -0.10838412774152958 3.785375507504534 0 0 0 0 0 -7.22761634166199 -2.5043509654420126 -0.8645207757555721 -46.41807601259202 -92.65488443807364 8.714407147198688 33.44288999785903 -7.350205981106366 -25.105180467497195 20.002220358346015 5.214011292550003 -1.9446616110995918 -45.37863053099147 0.3553522033919061 -0.9864689245088704 -90.29943631226608 0.4505638044495534 -0.52214802878198 -37.399331715261354 2.6979760016534278 -0.1299924719082212 -45.6813905229969 -0.04406142784038698 0.044189320608712855 -99.98212598673858 -0.007976575456309767 0.02802946663068176 -41.91776866709827 17.174069306360426 0.7243294786862371 -48.36043776271875 -2.5318501790946772 2.5093729008917385 -100.00124134479303 -0.5018676859112013 1.6462361326946082 -43.39664354375196 5.312220976449484 1.7656847530966278 -53.128530664392315 -1.9697596192696687 1.9273141275477579 -99.98831959816737 -0.36062076061377624 1.224593325608406 -41.55646763881702 34.8708089155893 -1.0340653475365675 -18.577988125387915 11.03194634671398 0.582817446114261 0.5847868897357649 -1.0033625436838332 1.939614830775155 0.26266341467326976 -0.18733225519927094 -2.0616960865759935 2.4858731825776004 -0.18733225519927094 -2.0616960865759935 2.4858731825776004 0 0 0 0 0 0 0 0 0 0 0 4.367501315045782 -7.232294735417748 -3.989187831765041 63.86018409900461 87.25819344415702 -23.62847879657952 -7.001717992933147 32.00337516957935 -21.418102149154226 -35.91007132664627 -5.227369371056671 -2.063224477739417 54.348487745146016 -0.8973998045766368 -0.8722375880130766 91.20770097121466 -0.12845881690906014 -0.3956801125092771 28.67440187768796 -3.4613960270409834 -0.19184983351585957 58.75665639163925 0.12937550597601688 0.08497901699346455 96.24759160194765 0.06813968233846207 0.04726733900174912 27.513629898503716 -10.179448919284274 1.4710249114542053 50.67518769440092 2.79450423331404 2.5021708370309175 96.26143976589705 0.16092958529433365 0.7930271446553341 18.854564882660796 -3.7324905556800823 1.9812830977807199 62.59337929698877 2.152561776836765 1.9558004176791581 97.39758881216775 0.18926156872108754 0.8292043059544358 26.040902437742172 -19.768911136429352 -1.7888857940895182 10.614619178241401 -7.402312750354541 1.7198048929942482 5.642346721061861 -15.410898425697855 -0.4203786763517693 0.04583298195304771
0.10760082977410601 9.486924411720851 -4.054575543936977 0.8405786567227055 -4.653455042154943 -0.05339436747785039 -1.3917914830323932 -3.0555403176088345 -2.788157803925351 0.007213353232357092 16.74289034339034 0.5195001379897107 3.2467194384325535 -9.631225659254834 -2.3907567217712997 0 0 0 7.82028456739909 -2.711084396062267 5.69299950768592 -0.0008565830147549638 20.84419833126372 -3.0030258921994286 -7.821160297811002 -9.988642411742992 -2.8434457437263485 0 0 0 -1.134334742938242 1.9738414434235607 -4.5774767098165094 -1.1293001706325858 -0.0810717444788324 3.94534182050647 0 0 0 0 0 -5.410557298436981 -6.94886381942314 -2.588146139557325 -47.41765962192174 -92.88644280661548 5.880315741000946 32.202236427664666 -8.019346452346989 -25.775103387353646 22.298444575565803 4.4428298981805945 -1.9203220491417803 -49.11024872904132 0.48566830637793795 -0.946307995507626 -89.76200647961893 0.3512878152438971 -0.5359477336492539 -38.195332053039046 2.2433790565298977 -0.15740516243271171 -49.15978386880943 -0.0440677410963235 0.04418877699486235 -99.99106390060659 -0.007391004236341149 0.027227934833740922 -40.52167859818768 14.131155107669084 1.0567917826405502 -47.070573641820964 -2.532005651786326 2.509358586456738 -100.00508374434861 -0.500005259713194 1.6439053304760405 -43.32317162216974 4.7320243169304845 1.8576177839869434 -55.99575677679026 -1.9700253710735651 1.9272878591482148 -99.99682382750338 -0.3541805338591336 1.216053759017976 -41.215804408890826 33.587650274790164 -1.2049022672392646 -18.83976776448149 14.16888096799949 0.5167420854144906 0.0014239894308385956 1.011745688695752 2.478288938995127 0.2016276776942027 -0.3325072725908383 -2.1510646198135106 2.5298128386916803 -0.3325072725908383 -2.1510646198135106 2.5298128386916803 0 0 0 0 0 0 0 0 0 0 0 7.124280996054461 -0.016029099139297714 3.695047281767638 68.0753206397262 61.30569147391247 -18.470430441824135 -19.603182826926982 24.77185565801549 -20.319529785764207 -36.68608388257662 -5.352335583885913 -2.05787169778769 51.95620894991161 -0.8815933564578775 -0.8703937573450061 94.13881307517259 -0.1001847685882144 -0.38110935669028506 27.69301385309237 -4.053656490145554 -0.30175152185558746 56.933065985336526 0.1163498056877624 0.08661036681700598 97.49839863454876 0.046634661510935926 0.04327789029539452 26.16823848804411 -9.58563735172345 1.4963063679304673 47.8921162430529 2.7175660385128575 2.5147841958548414 97.5106880417225 0.09949138274760523 0.6597228059847127 15.680738085525633 -3.465202451027789 2.0032594956924537 61.12787804609077 2.1047810646187024 1.9592358732320867 98.26691014286784 0.14521992359197297 0.7675641858295211 24.083306157057358 -17.68625454866813 -1.6393787924327712 8.940511953900023 -7.7064283387561785 1.7432291572153507 5.819938637836906 -17.241248458663385 -0.27978815196772533 0.03503503779762404
0.07344961667094928 9.432014348640053 -3.03684058940517 0.13668593038885643 -4.863641481671343 -0.24684458147081428 -1.094785694833163 -3.2858454322465684 -2.4879188604768365 0.003941916693079241 17.045806345261106 0.39941565215691505 3.7711602737562426 -9.15919476546749 -2.636597311704721 0 0 0 7.954546028412681 -2.4917530180072824 5.931926874980696 -0.0008431052815912532 20.113041598491925 -3.0643600610644426 -7.51022294700055 -9.965614517422468 -3.224557896182099 0 0 0 -0.7252109803171939 1.8056756152491347 -4.183147268455662 -0.7117137845340494 -0.05042476184605634 3.800929768138875 0 0 0 0 0 -3.9785621916083453 -9.756680545834861 -4.017238275657616 -49.288595512744216 -88.89271186046606 2.8294234047600364 32.472498535637236 -8.532645846075523 -25.9134269653031 24.221495118785228 4.001650073460345 -1.8897808394722353 -48.675421920224245 0.6440341498444198 -0.9357592665708169 -91.59217935985335 0.214548833875155 -0.4963696629435066 -34.87893847626234 3.083832043366519 -0.29634663416606405 -47.306895452718265 -0.04407089939181801 0.044188503520409955 -99.9955336983556 -0.005481564702929937 0.02428549204321123 -35.58656436951697 9.340603907007017 1.4581396055519613 -44.88088092159739 -2.532083281412243 2.5093515360634373 -100.00700524108144 -0.31430808308545727 1.374248428086806 -35.25440592453083 3.9291306622581073 1.831923168702251 -53.4744495545227 -1.9701580335295328 1.9272748317307058 -100.00107594218083 -0.26665011228056146 1.0881330072550683 -36.27760493503549 33.95221964650773 -1.0575231642589598 -17.15376860502964 14.543633148240152 0.592387044399964 -0.4604764862548802 4.188783326134026 4.885717957823924 0.5036400065397335 -0.43138357432122026 -2.3509503436867583 2.3477437445151144 -0.43138357432122026 -2.3509503436867583 2.3477437445151144 0 0 0 0 0 0 0 0 0 0 0 9.284267160387522 1.380898399152708 3.7690299834987515 68.3385023021005 56.89604630767751 -15.926678321963726 -24.867454766591937 17.572900832643075 -19.32072286986206 -37.59740785702451 -5.477416381680258 -2.057736714502108 49.56392862668096 -0.86571333322215 -0.869360518793818 97.06992461547063 -0.07216447608119633 -0.36605650036039256 26.711631660092376 -4.642127670070656 -0.4304383815502645 55.11068524275744 0.10336281752342812 0.08852566348704169 98.74920497910908 0.025229240583611395 0.03878461517903459 24.82284994202072 -8.993743549690027 1.5503789571749005 45.109410482741346 2.6409206129190244 2.5290701396255457 98.7599317877097 0.04552965345682154 0.5232218005439115 12.507131921439878 -3.19855991197001 2.032060409401639 59.662472285182 2.0570579212959537 1.9633953338853565 99.13623047822149 0.10331038479246418 0.704455765201448 22.125784963328424 -15.609029546392923 -1.429233606790736 7.2730841122920875 -8.010473022409501 1.7675952326681634 5.997405120584401 -19.071610287611225 -0.13961424739891962 0.019752199278390902
0.06486593446905736 9.399651085056624 -2.6724071097643276 -0.4561533273499239 -5.020606969295721 -0.4592152751466524 -0.8675457907529602 -3.3550181894931805 -2.272348982061039 0.0025871343615464443 17.738731297889224 0.30316150392969643 3.8546779450203696 -9.266466968239193 -2.146232340127576 0 0 0 8.572646355943892 -2.387752557285941 6.32189404743222 -0.0020946730637510847 19.371916709039954 -3.3090984308730094 -7.6275039433125755 -9.928954765688633 -3.4198140234728944 0 0 0 -0.3530853954671547 1.6763713214460654 -3.8102902022852434 -0.3261457719013265 -0.024059695574108964 3.616475839083147 0 0 0 0 0 -2.70014862143109 -11.535578794142598 -5.147158975861702 -51.279664919671205 -84.81035938654914 -0.13618026646602793 32.57946414066172 -9.295112836898422 -25.871105405959103 25.957634541603642 4.589434099960287 -1.9190872262972274 -45.974062128380886 0.7713069282314732 -0.9317164316724396 -95.78855056974871 0.12626663198933563 -0.43256567227835957 -29.978951511931488 3.810876932423005 -0.39590113843542984 -44.24436012942006 -0.04407247687203851 0.044188366783183754 -99.99776805283587 -0.003382717876769448 0.02021765384749026 -29.145010874144667 7.335781107750232 1.6459759445238908 -43.047193701244744 -2.532122127434063 2.5093479040426607 -100.00796598947635 -0.18381347378652246 1.1178124770478464 -28.165917940420726 3.835721006100406 1.7266362506247153 -49.456077834350396 -1.9702245302134294 1.9272682112398785 -100.0032011582309 -0.17084238724827192 0.9134006126153953 -29.92799036865819 34.07592904209615 -0.911756462915617 -14.984777485937245 14.975045838348496 0.48386793162642733 -0.0683128141411054 8.203435745549447 8.370443059377838 1.400047170033259 -0.536200460288627 -2.5595589980451656 2.1724654274723467 -0.536200460288627 -2.5595589980451656 2.1724654274723467 0 0 0 0 0 0 0 0 0 0 0 11.09428185381307 0.9594802355969322 2.8857190983471352 67.89598287518314 58.04836869616207 -12.60204703561535 -28.869021744795454 10.39855102371552 -18.437016806891197 -38.62842540142849 -5.602393604461244 -2.062819099392291 47.171650290679956 -0.8498011839671277 -0.8691405400426697 100.00103582277193 -0.04440615640271059 -0.35052594730932296 25.730260691281245 -5.226221249130855 -0.5777670092472692 53.28968438296296 0.09042073683716843 0.09072399324355175 100.00001189584161 0.003935221024646613 0.03378999832454466 23.47746176459234 -8.405153321597359 1.6331101781827908 42.32731760831617 2.5646044380901882 2.5450223147302506 100.00916994039282 -0.000791228483464072 0.3839429344909656 9.333717042076392 -2.9327361223360224 2.0676663462014693 58.19718634889643 2.0094030134073133 1.9682779507839616 100.00554969394483 0.06358166832258669 0.6399527257082552 20.16833506179532 -13.538995617831102 -1.1589096197377429 5.614526880285211 -8.314445425956086 1.7929021996290824 6.174742636546485 -20.90200177062565 4.538914048994134e-15 -8.372236519736044e-16
0.0663408319696959 9.377715744765142 -2.549208854698657 -0.9800079478212081 -5.15015328861247 -0.5890368818993752 -2.156766913486879 -3.4772945989074397 -3.4315773777421152 -0.0016380588824726902 18.39268293303644 0.7901037284531941 5.776134639848777 -9.491612573719852 -1.7697509714275674 0 0 0 9.00157837401683 -2.2824503064510417 6.549227318671064 -0.0020891760747490757 18.68484926076917 -3.474363588226413 -8.333659603084127 -9.808248273966646 -3.572040455207809 0 0 0 -0.09104746408114137 1.5862120268243605 -3.0317410465167227 -0.055248932504358764 -0.008911422551238639 3.016092291568722 0 0 0 0 0 -1.5532322108757683 -10.497030574352745 -5.597224333233325 -58.34459646464956 -79.59535772614723 -2.136874786986061 32.983259715824005 -6.619562784430851 -25.14120994870155 28.248746682143295 3.0102019043297936 -1.7925432255514624 -41.496479182373314 0.8062262731490183 -0.9289779118553344 -96.94491522443442 0.10523244356363771 -0.4187665483998783 -29.016766684266436 6.439329442019712 -0.628602070053984 -42.802329959078705 -0.04407291042897013 0.044188330097586485 -99.99838172526735 -0.0028293249465354393 0.018918878960308683 -27.15925192649297 7.83109671173453 1.6714164661541404 -44.96367022739193 -2.532132585978001 2.5093468358012583 -100.0082287138375 -0.13161116845885248 0.9865332872373519 -24.687448933131797 6.4754147467870276 1.4261775357881326 -50.27051091426777 -1.9702426724403255 1.9272665027261207 -100.00378454618357 -0.1419107078811409 0.8497607928582799 -27.701596522905085 36.71699445116933 -0.6058103806107392 -13.780801884429374 16.78620759892572 0.9704375202799529 -2.486410861089442 9.56407280241631 9.536330182443342 1.780276081848785 -0.6353675078859586 -2.7632176647399547 2.0148472308751475 -0.6353675078859586 -2.7632176647399547 2.0148472308751475 0 0 0 0 0 0 0 0 0 0 0 12.623047626574975 0.5414683550722281 2.43542083178921 66.12853496521265 59.69192042800266 -6.541896724254031 -31.281233645929827 14.437643130611706 -13.249679970225182 -42.820322309474726 -6.703197647529859 -2.1933226307026596 46.8949726498412 -0.8449373684971586 -0.8694959642321224 99.64883606434799 -0.037385395598308065 -0.3304992921278491 24.19772376144644 -5.147889470540539 -0.573168138983452 51.25929528706659 0.09042073683716843 0.09072399324355175 100.00001189584161 0.0033271969281729887 0.031884358557790704 22.106587421458 -8.151721647254874 1.5776662307912848 40.59072517635807 2.5646044380901882 2.5450223147302506 100.00916994039282 -0.0008869925199321807 0.3827353246814661 9.30429976994491 -2.973608624850331 1.9766761622041367 54.66159338059737 2.0094030134073133 1.9682779507839616 100.00554969394483 0.05302148699936367 0.6008897569028845 18.90575028878095 -13.570801885768622 -1.4895418642732856 7.220394997117331 -9.046813144555998 1.6502791430723907 5.280146632657488 -21.260479074500445 4.61318455183956e-15 -8.65854341997982e-16
0.08475338563533856 9.325249918639244 -2.536194722486874 -1.2687533568433071 -5.206151172938579 -0.506592413527537 -3.1427967670966805 -3.5373684983090605 -5.131834815580503 -0.0014884427006560715 18.58059471051927 1.1765739591903739 9.93680849524013 -9.677527573873602 -1.5258770600385707 0 0 0 9.8530123505289 -2.296818621781559 6.45685086646979 -0.0023803992077168906 18.220534109865472 -3.7882466092603853 -7.268383250089919 -9.598390172663516 -4.150312672836548 0 0 0 0.06291205811170231 1.55069753139202 -1.528470571397593 0.09345318251585345 -0.005552750787702467 1.6636518470812978 0 0 0 0 0 -0.5210779981937018 -8.952559087613706 -5.690682383346103 -65.79417009401935 -64.27693924986949 -9.3945594942534 32.32025290118992 -3.928759158934711 -24.508928333026244 30.56224450131993 1.445820241369993 -1.543229733020751 -37.02450401315249 0.8410831119934821 -0.9255353658668223 -98.1012773973702 0.0844329946157097 -0.4046161922315688 -28.054586070468808 9.06126151775707 -0.9271075820642571 -41.37239641399523 -0.04407334398590176 0.04418829341198921 -99.99899455687836 -0.0023212683161584545 0.017601707927945194 -25.173494946132013 8.325293098406888 1.7133994630798561 -46.87988664798723 -2.532143257961437 2.5093459812081362 -100.00849287386833 -0.08747301352763939 0.8523293340484606 -21.20923060150585 9.118818490799505 1.1635595856779377 -51.0978340445242 -1.9702610281047823 1.9272645806481457 -100.00436852770687 -0.11547383857428634 0.7850453117457371 -25.475270539006363 39.36379245058578 -0.35572504731286947 -12.564058298416013 18.57558741833985 1.5327369168560954 -4.888407800693344 10.93748103273023 10.69292596463317 2.1899459422332415 -0.7188990558213092 -3.0104127964691347 1.8015382842960665 -0.7188990558213092 -3.0104127964691347 1.8015382842960665 0 0 0 0 0 0 0 0 0 0 0 13.627813285247356 0.5624001078492094 2.3450695225677523 62.34564120065592 71.7313080188402 7.2659805257233145 -37.1824842165629 18.01545214834169 -7.806284857705153 -46.56262412929677 -7.803459658459048 -2.3291122399457302 46.62082847800373 -0.8400713673406864 -0.8698214495665005 99.29663654236887 -0.03090276758739329 -0.31029202150627616 22.665193379995063 -5.06976997980694 -0.5657970936373811 49.22891935128821 0.09042073683716843 0.09072399324355175 100.00001189584161 0.0027649373178899464 0.029964718270614702 20.7357124507612 -7.896729975888262 1.5299251831113638 38.85394722749975 2.5646044380901882 2.5450223147302506 100.00916994039282 -0.000982136611835098 0.3815276883609737 9.274883291513316 -3.008786757590561 1.8833398949620912 51.126259074365706 2.0094030134073133 1.9682779507839616 100.00554969394483 0.04332471862281106 0.5616035814197572 17.643179142456084 -13.611872392623354 -1.8191529847358436 8.826714335744862 -9.776812489068465 1.496256511894045 4.387510692814997 -21.618956757907764 4.687274578492944e-15 -8.9494911365904e-16
0.09825652383891471 9.258259488126392 -2.5593714171132698 -1.1614831436306479 -5.224486308154947 -0.2292453354912436 -4.556219455003685 -3.5443588811607443 -7.018188329721408 0.0007430957593406031 18.293443648834465 1.7403326517530027 13.51639871848416 -9.735026732436774 -1.0404548389371076 0 0 0 10.694018412917076 -2.3162624213042773 5.900080849924801 -0.0024104115409189705 17.768199919102482 -4.083353213245614 -6.263461638893872 -9.2791533405612 -4.424399564500163 0 0 0 0.0968159027271449 1.5018530992731276 0.031828534720177715 0.1097325671167913 -0.0039789658076891995 0.3683689460309396 0 0 0 0 0 -0.1684964919015714 -3.682235272233439 -2.616485432045142 -71.1173973286045 -48.67914028826501 -14.181290673412663 30.774866760103983 -2.9239858300140615 -23.457316334216376 28.82458765888373 1.810534395637598 -1.5919560771081358 -40.97199231546515 0.8696611618102003 -0.922181520444599 -99.05121864419054 0.06204565076594412 -0.37867839624083577 -26.226418600799178 8.469421706945615 -0.8976669076681137 -46.939845493303444 -0.04407370083660701 0.04418826339650053 -99.99949848214175 -0.0020569075882029744 0.016856995493693107 -24.061989205950113 8.937989697833103 1.8211157334157149 -51.70309955308109 -2.53215216001144 2.509345126615015 -100.0087098058793 -0.09361916015638908 0.8727781961341105 -21.73483956524514 7.899691436168929 1.4896843859151168 -56.12766974207756 -1.970276086242514 1.9272632992628298 -100.0048479954287 -0.11636563632211555 0.7873508777231627 -25.553991128440956 37.246466343914 -0.53288863632694 -12.914935073760631 15.881001525460912 2.2553881575962706 -8.096531611016905 14.165837184360953 13.414534138888047 3.5001831418472884 -0.7873480712521969 -3.308597958075371 1.516954543075639 -0.7873480712521969 -3.308597958075371 1.516954543075639 0 0 0 0 0 0 0 0 0 0 0 13.967394986434215 4.021157947393247 -1.2571219393978594 54.43971495027678 80.0198365350714 16.47380928597421 -40.02624037388427 17.84748141213297 -9.755016855288881 -40.75240930788338 -6.6341527389052555 -2.1760175075612693 45.76361809823421 -0.8449373684971586 -0.8694959642321224 99.64883606434799 -0.02578520083172187 -0.29286407210622273 21.353502033165185 -6.093694893133699 -0.6727414397102363 47.93835893047879 0.09042073683716843 0.09072399324355175 100.00001189584161 0.0023065898409885452 0.02825823130472925 19.524744017425544 -6.692484431030323 1.3873201899458787 33.79956491510654 2.5646044380901882 2.5450223147302506 100.00916994039282 0.013068169141320822 0.5130725781854724 12.487909676328176 -4.6436147448631555 1.6533651096239608 46.64288437186497 2.0094030134073133 1.9682779507839616 100.00554969394483 0.03456320895357324 0.5224299992437853 16.39072573805293 -19.361876082994307 -1.861806896430003 11.313026869490754 -9.37759658094072 1.5210322199381827 4.501040518408401 -10.509591780824662 -0.300320230623378 0.02603577370126106
0.10691776213280688 9.237942116414853 -2.6494328173953146 -0.9086908183459188 -5.21823036308647 0.036036867581850186 -6.355851625881842 -3.5654250858953533 -8.437465082669679 0.0032206584143949354 17.85398350412191 2.4484523319374145 15.254595596944347 -9.40184867024519 -0.6977154036712886 0 0 0 10.802457904478558 -2.249674558327528 5.152147534589781 -0.0012710942210010668 17.359855066258454 -4.10137626827767 -5.543203652169452 -9.328866029610772 -4.290132772167715 0 0 0 0.08106384174237903 1.442867424710883 0.9258956507341264 0.077254831202138 -0.0023197223824966604 -0.5850445902664135 0 0 0 0 0 -0.625507977213354 0.18064779726595198 0.1328462311682235 -72.9864940611973 -39.30052958845404 -15.903155088631584 29.660243684931515 0.28491948672059014 -23.70233414455777 23.570683895618767 1.524987611069954 -1.552931395648097 -43.952754400589335 0.8292971004114069 -0.9220158669050724 -95.79296682455079 0.049402937565843213 -0.360493412905063 -24.951977522560973 9.052455749408246 -1.0254678457384425 -49.14652363559859 -0.04407387759443298 0.04418824672122904 -99.999750865184 -0.0015777808789054718 0.01537280166490474 -21.86823201254486 5.770154797801447 2.2144155562459527 -51.9555970431451 -2.532156642244637 2.5093446993184547 -100.00881797482837 -0.07468430905365431 0.8074070558482521 -20.0595005641276 6.5070867320670445 1.7096228180645714 -58.650869988287525 -1.9702835565712666 1.927262445005953 -100.0050873086486 -0.1306736098730159 0.8231244320240898 -26.780954535227618 36.917795864558144 -0.6280112231654023 -14.434017416468091 18.30306890672258 2.2343008407388796 -7.739309747942073 17.74423744396109 16.24052272512495 5.284203400486522 -0.8372336376448376 -3.607198793821915 1.2360016191427492 -0.8372336376448376 -3.607198793821915 1.2360016191427492 0 0 0 0 0 0 0 0 0 0 0 13.62331808081656 9.572537666112297 -4.352195453323149 46.04575876284478 83.2084389061083 18.812220412193753 -39.320009463104 17.322652281824098 -11.478227420347348 -34.90210979006126 -5.00888293846028 -1.96488454974721 46.55946374414664 -0.8473695951234205 -0.869321987822895 99.82493634793475 -0.02773240678885224 -0.2996708468227931 21.86475795742295 -5.422373602977297 -0.5896872151256686 49.310177524844676 0.09042073683716843 0.09072399324355175 100.00001189584161 0.003340414580505437 0.031927520824364945 22.137523549989822 -6.545115800192286 1.309045785425431 31.12234158257868 2.5646044380901882 2.5450223147302506 100.00916994039282 0.04910679347865973 0.7137647453231308 17.441225161204077 -4.386857304165108 1.6717333510257133 47.27188022865238 2.0094030134073133 1.9682779507839616 100.00554969394483 0.05685492200122033 0.6154693502740738 19.37611137194642 -21.536333279135217 -2.063630283353728 13.970139285771157 -9.344148543202236 1.5470169558492568 4.657324403535769 -5.002934179499694 -0.4027826411330803 0.0156955322385628
0.11126237496927338 9.192163019046841 -2.7496670911740164 -0.6411210991635717 -5.170503073845407 0.1598692549556541 -8.006655721129212 -3.559878284637058 -9.30949198334686 0.004073801581300766 17.43123194725216 3.0867581233617716 15.717662168469799 -8.493161634175687 -0.7371591097345453 0 0 0 9.956023474346692 -2.0290011250142164 4.316950771984173 -0.00019903270390969158 17.214917790196356 -3.7717798497591093 -5.412812262789157 -8.685909833988651 -4.191578356113117 0 0 0 0.03998906896710608 1.355350336697556 1.3974230887002774 0.02851483020547245 -0.0005282799474955965 -1.2637088282142972 0 0 0 0 0 -1.5649585975441886 2.773897644376386 2.0183242165288147 -73.2287469363031 -36.911535832019226 -14.853129742922807 33.39545433412176 4.037996681383865 -25.023783550885753 15.93749834823104 -0.6714694939436803 -1.2375222293876085 -47.329654968265174 0.7773446958569832 -0.9198160484023298 -92.90526694116188 0.050791570214212385 -0.372636563850602 -25.86439597756446 7.920958983921952 -0.9124184348090166 -49.1132890236346 -0.04407396764087262 0.04418824005112045 -99.99987633979634 -0.002006572251046065 0.016709809579839245 -23.843203827960366 10.148677339229218 1.733575257543845 -55.1503598933692 -2.5321587766413867 2.5093444856701748 -100.00887193556468 -0.24516872564493492 1.2482008609687973 -31.7142042417126 4.775803202492542 1.9125498557903116 -59.85171608979787 -1.9702871850166372 1.9272620178775153 -100.00520755892316 -0.23772618215029306 1.0400299334494039 -34.48992381454913 37.005101277563256 -0.6275267842652198 -14.526395727759413 18.3511248056645 1.0906207129722907 -3.192451572147626 15.824391742467405 14.729301694301169 4.233342191155834 -0.8996286909316685 -3.8659742361919456 1.0480282128231422 -0.8996286909316685 -3.8659742361919456 1.0480282128231422 0 0 0 0 0 0 0 0 0 0 0 11.640553741842567 18.369113944209424 -9.391829229797429 38.11199160312191 85.41679059319512 17.8176078746011 -36.175536665075064 16.763997154359824 -12.077264745280925 -31.29481502176584 -3.888953936196573 -1.8453319705323017 49.99694387889517 -0.7902591481364373 -0.8714315857434463 95.69679923109673 -0.05060452639426467 -0.3669137599988094 26.995531591828794 -5.29810980458245 -0.5775734595965907 51.89033571077222 0.09042073683716843 0.09072399324355175 100.00001189584161 0.004744516872543877 0.036110875692132005 25.162000074009175 -5.393409208377324 1.4030405821117706 30.236275771798933 2.5646044380901882 2.5450223147302506 100.00916994039282 0.07576959495822667 0.8207329260542532 20.11881344495987 -3.911495398621055 1.7880128121694456 49.88931721390087 2.0094030134073133 1.9682779507839616 100.00554969394483 0.07317378482041544 0.6727712171188339 21.23517744882378 -20.49611671535332 -2.4603387556550826 15.945548968402539 -11.543836999226933 1.7806046547446708 6.054164751221819 -10.760083481114718 -0.20099671119397924 0.017974295577967713
0.12089193330462296 9.14602243733598 -2.8339381667738355 -0.3998938554233548 -5.09753241023573 0.19918982141642905 -9.316692147457019 -3.5573421691500333 -10.134531694550148 0.0038735713181100966 17.03014016378804 3.5896170997554058 16.255959243655944 -7.5252868594589 -1.2413927559963132 0 0 0 7.277940987471284 -1.6222307399243436 2.905084362486466 -0.0006772743937846985 17.27706629096523 -2.754780078711161 -4.003377295840231 -6.925376530483416 -4.060551496694096 0 0 0 -0.04654060327804508 1.2564833765347898 1.8205367462402784 -0.060438119484841075 0.0026255563591900373 -1.6313525025020952 0 0 0 0 0 -2.914215115818296 4.664275802156788 3.28614560031568 -72.5701130844171 -37.497558181256196 -13.130157486439128 38.60449507006352 8.707268610161858 -26.45535698258504 6.837430088399563 -2.248894077256769 -1.0577602335566634 -48.481236388161285 0.8081356930276907 -0.9207033403890655 -94.42689070461701 0.04542707852459005 -0.3619434161765919 -25.10030788924929 6.1433992981657735 -0.7204254484857329 -48.67782987377746 -0.044074010996565785 0.04418823671606615 -99.99993949750201 -0.003075910255925012 0.019513127129369888 -28.064206235014996 12.814818762439451 1.5326272744375722 -57.925388965357165 -2.5321598438397586 2.5093444856701748 -100.00889861887498 -0.45132455589556764 1.5807076739109895 -41.3586550761386 3.917384166900883 2.0014556511930977 -60.52969269232321 -1.9702891059582972 1.9272618043132963 -100.00526738723028 -0.3814491016121393 1.2515080997078092 -42.640440985973655 36.988234734872904 -0.5781871406181257 -13.335785895480367 21.198920359634435 -0.4183355946531883 1.8899984578144655 8.934224561993366 8.671959084252281 1.7818601660597366 -1.017428568954821 -4.0645953033430215 0.938135446030291 -1.017428568954821 -4.0645953033430215 0.938135446030291 0 0 0 0 0 0 0 0 0 0 0 9.886000452955674 23.69673825565046 -11.00958403828014 34.83906225419048 84.49806066520448 16.794715442001642 -35.22445792932698 15.99449992329801 -12.223776865897266 -29.433300811977954 -3.2250956557922126 -1.8158700675781145 54.143934503615 -0.8128543329137109 -0.8631967958745742 87.67618874919442 -0.18807264702486576 -0.4312111485874412 31.13442053730665 -5.2094414602197805 -0.5667312209883106 56.18363721308319 0.08860580877362985 0.09085983680535083 98.7526968170392 0.006166016834885935 0.03973791037480228 27.832015501542607 -5.048769524305022 1.4662167998578117 30.46348026957752 2.5646044380901882 2.5450223147302506 100.00916994039282 0.064836867593911 0.7794011818704548 19.080471333943656 -2.7472868340011174 2.0403175588348614 54.0018478221704 2.0094030134073133 1.9682779507839616 100.00554969394483 0.0745137780894476 0.6771822245782676 21.379018939039867 -18.847433530307228 -2.64033593142884 15.867606991194402 -13.231314235744437 2.0919980622713146 7.584052678911198 -17.287842839522387 -0.09998584931640034 0.01471827806653303
0.1338728973984583 9.126318316702868 -2.911697255783332 -0.17561483776632897 -4.916267537329358 -0.030135464768235514 -10.12041377177369 -3.500692090462664 -10.224563560737186 0.0027594046911727666 16.718026082077078 3.8796638545359605 19.546024789905317 -6.458472663916731 -2.544426898001998 0 0 0 5.595959766712608 -1.476017082693745 2.342378229224459 -0.005445573171341281 18.16894824452181 -2.1330596504682795 -2.65630503821623 -5.26020134832468 -4.190251480225997 0 0 0 -0.1594675955069608 1.2582013693202927 1.5368012984557038 -0.1590438172179874 0.00383373173975961 -1.41740545091872 0 0 0 0 0 -4.266645755239013 5.774791034915042 3.781504218804543 -69.78453883632372 -43.03385465748345 -10.613369572202831 41.126195340413865 7.600664307840822 -27.100675928014596 6.142695074344365 2.622032430566477 -0.5652979319029605 -40.07531703167566 -0.3350614128930164 -0.924170217405354 -91.35604500947821 -0.18707163129456766 -0.3871889753509861 -30.961982455088307 10.58470286816312 -0.24653996069834686 -39.15640836175353 -0.04407402433677906 0.044188233381011854 -99.99995690658949 -0.003054918803905527 0.019463559896747085 -27.988494357128097 15.100172234638762 1.4275767710624239 -52.19764972543855 -2.5321602707191073 2.5093444856701748 -100.00890678727401 -0.38835173061814493 1.4917047779721688 -38.67369601353447 3.972184104191937 1.7977587136765385 -53.27366793035946 -1.970289746272183 1.9272618043132963 -100.00528337126781 -0.31969060367645274 1.1684345754175032 -39.34303189938816 36.13392647939461 -0.5301689300682573 -10.594602836569438 19.768160371274142 -0.3456176988078157 2.0332921330499496 8.695979777071203 8.465044334591187 1.5985597984454938 -1.1849566236184803 -4.186915286877743 0.8840983097321248 -1.1849566236184803 -4.186915286877743 0.8840983097321248 0 0 0 0 0 0 0 0 0 0 0 8.689235837771976 26.168404607936477 -12.118374255519022 35.5046687673837 83.80083061065352 15.530571075636004 -35.67848190262014 15.130195660145432 -13.603107732820352 -28.28070660949215 -2.729511574995046 -1.7529931879863425 51.73739399869752 -0.789051854334805 -0.8642508992112934 88.6061093667255 -0.13655366613675 -0.3854250655855465 27.57152316479217 -4.81979222466979 -0.5395966027712594 54.43414292610119 0.08888315181894071 0.09084164740175518 98.94317568082823 0.0048136571251509155 0.036299452983897064 25.29964968551847 -5.268103824516199 1.6641893055437509 36.4607161954247 2.5646044380901882 2.5450223147302506 100.00916994039282 0.057081576245592146 0.7480748841230679 18.29669873474903 -4.184052002106304 1.8816547034994167 53.43700149213275 2.0094030134073133 1.9682779507839616 100.00554969394483 0.06799934297092487 0.655349916297107 20.668133545270077 -17.54050416373747 -2.794600869589563 15.840463941945927 -12.529943890175332 1.6591067882301251 5.399002866828173 -19.53028696304997 -0.07236256512075871 0.012103143482002695
0.12085362345638187 9.110954691494202 -2.9709988069987747 0.009192023037418472 -4.750728863528933 -0.3702400300513509 -9.47044340410053 -3.159663867230977 -9.671875731997455 0.00032727425855049954 16.297681905358964 3.6043764029295504 21.814893585963407 -7.0922802198752395 -3.245104441244427 0 0 0 4.878171637351704 -1.4642190633811152 2.351465027725827 -0.0049877274263716 19.12670143419342 -1.8786879419577867 -1.6669029902032286 -4.964695492683944 -4.512873601497675 0 0 0 -0.26634465682302433 1.2847768153612027 0.9170500079735194 -0.24680920043329638 0.0029526310820492067 -0.9476922623514801 0 0 0 0 0 -5.357206474264982 5.4019115177482355 3.089481146996472 -64.38992089458175 -60.06974606798538 1.6600194281794987 48.04955671790248 6.4964363755462085 -27.757840136019468 5.458063113129148 7.512427903398223 -0.7910191973613869 -31.658280444033107 -1.4767943588307526 -0.8664017469589428 -88.28576374455275 -0.4157774256135522 -0.43604626058149926 -36.8235363901674 15.04310446902468 -0.5144985442281529 -29.627114324818603 -0.04407403767699234 0.044188233381011854 -99.99997431567722 -0.0030339928023100636 0.019413964316184126 -27.912783436665293 17.363448345687665 1.0951976656335562 -46.47912096261579 -2.5321604841587813 2.5093442720218944 -100.00891436155568 -0.32962107443778105 1.399850783387661 -35.9889455003834 4.000801798693859 1.5887756123643413 -46.018610344856484 -1.9702901731481064 1.9272618043132963 -100.00529994897559 -0.26281527308498404 1.081947055036956 -36.0458089073793 35.2829011410642 -0.44135787553884803 -7.854467165505596 18.337596891082796 -0.26934488624573427 2.174724297350181 8.458531380624077 8.257378879842014 1.416227851211438 -1.3357874672089205 -4.208564017485981 0.8688312671998387 -1.3357874672089205 -4.208564017485981 0.8688312671998387 0 0 0 0 0 0 0 0 0 0 0 8.6434778698333 23.628441411773533 -10.950537854111582 42.128246112934946 83.08126263571486 13.940638678232004 -35.848707123459924 14.232073571233242 -14.96500067098857 -27.09967010890888 -2.237024751569815 -1.6693753999635308 49.331581002665274 -0.7652696595867643 -0.8656911126626045 89.5360298666097 -0.08797991061004286 -0.33652596895616377 24.008689055475525 -4.4311548463305295 -0.5005801003032575 52.68488231634408 0.0891604348291255 0.09082253752229986 99.13365440546788 0.003614542670025907 0.03280459996306555 22.767282418054297 -5.465566854527593 1.8839854832523264 42.45782613561773 2.5646044380901882 2.5450223147302506 100.00916994039282 0.04975561744140086 0.7166454419517331 17.512937359213506 -5.619052119643089 1.7088959332662552 52.876361892271596 2.0094030134073133 1.9682779507839616 100.00554969394483 0.06175631991206706 0.6334385108278128 19.957254448763823 -16.233327173030712 -2.9482070764995414 15.809800468633785 -11.812706250691047 1.2532869351530274 3.2092249243309827 -21.772731169734953 -0.04486275812092361 0.00840916760074973
0.0901323468855974 9.084269450173608 -3.0103866037050984 0.2642706360562975 -4.583137036808472 -0.8719655914987394 -6.294587924732771 -2.417750655271145 -7.831757171146957 -0.0020515386515659894 16.10116112371297 2.362865115201164 19.750624383479497 -8.171499482070049 -3.0688232733355307 0 0 0 5.319276111917449 -1.5459279978126452 2.9486243981612708 -0.000862639768875285 20.050410571115417 -2.0690955365411097 -1.4852620190368537 -5.092980029310817 -4.721015410342224 0 0 0 -0.31117641062895424 1.3183165753977986 -0.5231503490092814 -0.2672763107045832 -0.0012899277488594902 0.04170278977303594 0 0 0 0 0 -6.021935451490859 2.925192201167876 1.280633267305425 -52.98986525914853 -73.83098991663611 0.9176286125613308 40.99473504225929 4.851478522869786 -30.84333560989548 4.2022539551199065 10.595283449360215 -1.4620526534699878 -30.835550067697866 -3.2813913917346125 -0.8720216649886122 -84.1811469967569 -0.09266507982010061 -0.5516121440135713 -41.31780652828372 13.031915367773866 -0.6761545296035677 -28.67909906458869 -0.044074041012045664 0.044188233381011854 -99.99998247593001 -0.004348766354157717 0.022230296957164112 -32.28546718162231 20.034546964567948 0.38629470712582925 -56.01396766973571 -2.5702463029704696 2.516434209438523 -97.4680337761546 -0.44594059473297826 1.5734350364964245 -41.1358348616428 6.07066917245043 1.3247176316059883 -48.89738767171036 -1.970290386586068 1.9272618043132963 -100.00530811403326 -0.28603464642685733 1.1185756825847544 -37.42705620327521 34.11996473626226 -0.6004908092417587 -9.878555128744372 16.166436565796186 -0.29175188405600394 3.017369020158945 1.2335013639476409 5.98467432797035 0.6405316048432427 -1.4271078772362367 -4.1410134970727555 0.8939141941108973 -1.4271078772362367 -4.1410134970727555 0.8939141941108973 0 0 0 0 0 0 0 0 0 0 0 8.502384375018906 19.619844032650438 -8.546828733113731 51.30600798400879 77.99610829102501 11.792518556248382 -37.765179929445694 6.986635766089255 -16.269118022838217 -27.10491714130514 -3.942417414210925 -1.9626779564613759 50.69809578029847 -0.7103444730319378 -0.8637952524414709 88.71781543273812 -0.06067541407298354 -0.3241420965387374 23.269724255426862 -5.434515555977168 -0.6179335904816354 52.86895788487977 0.08951893171927439 0.09079645737269304 99.37998802471897 0.003621262803611692 0.03282568417352204 22.78244785950613 -4.660432613777465 2.1685638297896257 45.69782519071803 2.5646044380901882 2.5450223147302506 100.00916994039282 0.06245327125680086 0.7699664942226988 18.84413715825588 -5.336160989360049 1.7504920631564351 53.70108771214999 2.0094030134073133 1.9682779507839616 100.00554969394483 0.07517994340961079 0.6793604071341416 21.45009013561458 -16.238213284277002 -1.9573161092183191 10.535183238533875 -10.823168985780628 1.526001658614448 4.6237377986296 -23.525555687011533 -0.03201850776281702 0.0065100839690614785
0.05125801572874458 9.040273636453053 -3.0484015596516216 0.6161795889325694 -4.4447802874514615 -1.4242864721177777 -3.981069673688018 -2.0078432259982 -6.1112196761235795 0.0024800786266888416 16.527285841835777 1.4597803042019746 16.661534175684743 -9.435323045299912 -2.478221084136373 0 0 0 6.881729610437937 -1.6893848162754395 3.6201890126057887 0.005074826441664273 21.005547564296535 -2.683953358088374 -1.0594357490826796 -6.388241328954563 -4.958098531948119 0 0 0 -0.3181406407062271 1.3396795766739333 -1.6069036098513099 -0.24718941965983945 -0.004798036142296535 1.1168260644875914 0 0 0 0 0 -6.104559536872891 -0.9819081808724315 -0.3443618550502327 -44.66647176104388 -83.11342877786166 2.939845280448007 40.42794461555468 3.230909682880231 -33.95877891619664 3.009814503001311 13.669371235229805 -2.176292621085633 -30.049808152470003 -5.081736455311917 -0.7484924684088479 -80.07844696207204 0.23851592032688296 -0.6415027419591584 -45.81274070005451 11.018261269087166 -0.8044212741284886 -27.725964621842003 -0.0440740476821523 0.044188233381011854 -99.99999004315883 -0.0058744406954190885 0.02493818704825179 -36.65814898468883 22.786021782415453 0.1302205634619766 -65.57095002762773 -2.60798046579385 2.525203907545386 -94.92714296318462 -0.5773801583388563 1.7358869486586403 -46.283500933371194 8.151019163036159 1.1650600824965722 -51.783586568354345 -1.9702906000240297 1.9272618043132963 -100.00531568541867 -0.3101307089952436 1.1546341171834633 -38.80833444735435 32.96332768152372 -0.8005626925544698 -11.899075967800181 13.995180053189083 -0.28221844788041806 3.8602583162412625 -5.935651593486836 3.6334586343667143 0.15990140351819002 -1.4657833978800279 -4.0207721974630335 1.0073098235813227 -1.4657833978800279 -4.0207721974630335 1.0073098235813227 0 0 0 0 0 0 0 0 0 0 0 8.223658476601411 16.315955415385186 -6.325626050640932 58.742648862159555 71.32946352866153 7.947301281830614 -38.90733988243455 -0.3088859557459471 -17.563389361503983 -26.93765387008388 -5.654619601260322 -2.215119591652635 52.07297806015309 -0.6554519433760557 -0.8611153268841452 87.89960375309688 -0.03353294138912707 -0.3114070929794165 22.530766406685284 -6.438272535845293 -0.7320452273829784 53.05506316373425 0.0898773098962162 0.09076883642654428 99.62632234954262 0.003627988773541682 0.032846765048929125 22.797614372192143 -3.840340514559626 2.4071794656356196 48.94209027756587 2.5646044380901882 2.5450223147302506 100.00916994039282 0.07638653468667414 0.8229782615670014 20.17536616491338 -5.052693731846274 1.7880134528116025 54.526022372696914 2.0094030134073133 1.9682779507839616 100.00554969394483 0.08979558774037977 0.7249170820298355 22.942949430025102 -16.334178786647424 -0.9710681226257727 5.262808397906476 -9.827067373042114 1.7741720039696534 6.042936011458343 -25.278378798822523 -0.019238353739330662 0.004219011512593745
0.006074689234611294 8.941457309303894 -3.0890466500151468 1.3972685955545225 -4.160853452533133 -1.833024483205114 -1.9338125112062161 -1.7405092716622383 -4.497418002529735 0.006204703381045217 16.900367654371525 0.6682653178880896 15.754081548112708 -11.159060216000787 -1.85019005768426 0 0 0 9.784499248597713 -2.0140131924771962 3.9863977768995937 0.022708593405692368 22.063891146802977 -3.77376122627988 -1.2738178195742058 -8.701668854768757 -5.280483976929765 0 0 0 -0.133641021062695 1.3720826361540317 -2.297129470991171 -0.055381197323198954 0.00495586462238754 1.8439375069966204 0 0 0 0 0 -4.661724345315944 -7.051138103565138 -2.2428312133323933 -39.227988073033245 -86.31590942398203 0.6785723187247661 37.25016373504299 0.06261050688434984 -34.638617780031815 3.528113789755275 13.366885409052726 -2.3380308985508265 -32.12507592193652 -4.7790044694477025 -0.6056899384346599 -72.68425158068077 3.350592802058773 -0.2463439377919923 -38.79677239032618 12.78287185469573 -1.2263979755521786 -29.80268137943738 -0.04407405101720562 0.044188233381011854 -99.9999934063715 -0.006295593356720597 0.025608501144901083 -37.7716230777228 17.31514920508741 -0.7125976530588031 -55.658767397125956 -2.5873124382930173 2.520182480610507 -96.3220968864004 -0.37129860255919384 1.4659964541236123 -37.91406211122688 8.80393767810832 1.100783117907889 -48.37110390227096 -1.9702908134619914 1.9272618043132963 -100.00531905047873 -0.2150316374675165 0.9997326896653328 -33.01698899420163 34.59459085258141 -0.6638147891246977 -11.580143557746279 15.932510541696221 0.2658708167050758 0.7380114931992722 1.1704449727431567 8.04235972249945 1.2866973618756743 -1.5094666980669387 -3.8415146636637094 1.207096747871221 -1.5094666980669387 -3.8415146636637094 1.207096747871221 0 0 0 0 0 0 0 0 0 0 0 8.582302711615684 13.370466872155292 -4.388942007889752 63.27150276672019 58.328817363220175 4.256628093383489 -36.288469812618736 -4.553512965987155 -13.827866914764124 -26.373693391173468 -4.146803685265109 -1.9034457156115714 60.15539769202967 -0.23367913574687757 -0.8456062491388152 85.38870031474235 0.010757984856747874 -0.36298303979611524 27.229476846835333 -4.423498013083292 -0.21127519857376414 62.11788372876083 0.12368107557805398 0.0900479770973182 95.13317637008872 -0.017392788516791442 0.03557355180870451 27.158861012111892 -3.4570049095998785 2.7664995490617663 60.46698147076157 2.381098247990506 2.5550450836706617 96.16692617710125 0.1233956639597731 1.137406641568689 28.668793685354895 -4.094287901189504 2.1726475845563806 64.29412823784548 1.8813748425357988 1.9762229656724852 95.76770985754081 0.10118004484973218 0.8904869177191812 28.803517688624225 -24.336547197465627 -1.496849873531668 10.388017303423526 -6.8043317326776975 1.7425997415667687 5.764987109293407 -21.676473063536147 -0.012062725311873523 0.0022505746361106607
-0.039108637259522 8.842640982154734 -3.1296917403786715 2.17631970264478 -3.8767829151276474 -2.241514993672378 0.11991843986182442 -1.5310615343389977 -2.875286063010552 0.004539258147305213 17.273463037114198 -0.12481023120581623 14.82149603753447 -12.872654184446652 -1.1902174014857745 0 0 0 12.685780074424457 -2.3567559938997364 4.335764572890136 0.01858891487771359 23.122356321626565 -4.871625034525313 -1.4764489655071815 -11.016243162736263 -5.596321897148685 0 0 0 0.047273659645673025 1.4056211410021227 -2.988224586870375 0.13653537357017398 0.012274855550981775 2.5710775001318855 0 0 0 0 0 -3.218888971047957 -13.281401345094928 -3.5475155627263244 -33.61165866691194 -89.35469131010149 -1.7779923419488386 34.1879421977357 -3.139008338377276 -35.29361400736704 4.0958844378078725 13.070423102642533 -2.5106065066700096 -34.19971360692993 -4.460417136646201 -0.5030338331482145 -65.28956195062204 6.487563856373474 -0.23465407274721956 -31.76985840026373 14.561911372768213 -1.5839657425888383 -31.89175374407787 -0.04407405435225894 0.04418823004595756 -99.99999676958413 -0.006729692278757809 0.02627050595887066 -38.88509619278031 11.780664872307161 -0.5986539747530303 -45.711035632118346 -2.5665286227334274 2.515664858030907 -97.71704690850521 -0.20672669267387947 1.1689986102475964 -29.546591724460278 9.451855134023873 0.9977690321161052 -44.95966852605804 -1.9702908134619914 1.9272618043132963 -100.00532157427374 -0.13605426141881113 0.8360280119018696 -27.22616449655153 36.226549126350655 -0.5362025962379032 -11.25745569012192 17.83732829324499 0.9183426724207715 -2.364272276030385 8.460322019432866 12.276197702205268 2.9776345270887976 -1.5525143812566078 -3.6621061383505205 1.4067056786668513 -1.5525143812566078 -3.6621061383505205 1.4067056786668513 0 0 0 0 0 0 0 0 0 0 0 8.940946762077315 10.593123283378269 -2.22950924315299 67.68562913439472 45.47608849263511 1.5610029634888396 -31.96839559423004 -8.702252634994506 -10.06264544375708 -26.099597816367147 -2.6103007430006087 -1.806798031509362 68.24225687942315 0.18700663961953218 -0.8116370726915407 82.8779944098485 0.05067532893150399 -0.41801371341553006 31.92817790320405 -2.351890148539293 -0.014615956314479745 71.19320310942568 0.15743743570931573 0.09197750797227544 90.64003011424188 -0.03814534174239155 0.03989095600795058 31.520104192722286 -3.009403301149007 3.042044184757352 71.9972502845486 2.1973320140230634 2.5527606777121132 92.3246583557597 0.21634912247505597 1.4414435195674675 37.16350555553043 -3.084270045354861 2.389132814257155 74.06931259359718 1.7531090622064662 1.9746908120557214 91.52985450327944 0.12941438179243853 1.0540289292883636 34.6644052387735 -32.35434229983314 -1.3030030200237224 15.536815265080705 -3.781516500955017 1.7257214439112594 5.485763617426175 -18.074565729606647 -0.004777606439437997 0.0007368263022228853
-0.07228045278498711 8.759010011960125 -3.2035833106268377 3.3323230603931764 -3.47441507285577 -2.4885457369415582 1.4516134319179956 -1.4122515240139648 -1.9871115279479972 0.005280863628595316 17.915648397491086 -0.6344434596361447 12.377462419132922 -13.788961321421908 -2.136892644591391 0 0 0 15.333245278580046 -2.741530915211874 4.579373875700312 0.023694115162305757 24.68779825129214 -5.819295977423929 -3.6919079254915177 -11.604612533790656 -6.063335670347055 0 0 0 0.2769081042839594 1.4362018311359774 -3.088432831268576 0.3612044417262617 0.024012000972587825 2.9621233092744284 0 0 0 0 0 -2.543929229293857 -19.56738218974504 -5.978238977677353 -37.03038397893635 -87.48445320304 -6.54464542407615 28.47701821712681 -11.360832820215824 -31.97021321480941 11.8388369109525 6.462702946157496 -1.614589512565429 -39.071432526972785 -2.5791636566807155 -0.6612489744192719 -67.19557966702702 4.0606791447439194 -0.35556504171305486 -36.112354761616665 12.9158996136314 -1.3496534389916244 -38.87926831587812 -0.04407405435225894 0.04418823004595756 -99.99999988501865 -0.0048559120958004895 0.02318523451787211 -33.80631178095855 9.036168144203943 0.6813403410821772 -45.616121292778324 -2.5493762848717565 2.512333001229393 -98.86298732255933 -0.09197692789923932 0.8673804970265941 -21.595957837094865 8.95680120093625 1.2141767424471637 -49.88686976912556 -1.9702910268999527 1.9272618043132963 -100.00532469174202 -0.11561354366822177 0.7854071323065686 -25.487620313552238 40.45090326485143 -0.28246036224416443 -11.403341554714602 20.575985467231234 1.3186120593099147 -4.116552309082223 17.937569442767238 18.011233009055662 6.8453606584960855 -1.763395816366308 -3.5658816714420865 1.4284774565780651 -1.763395816366308 -3.5658816714420865 1.4284774565780651 0 0 0 0 0 0 0 0 0 0 0 9.917030073007965 8.305302418266699 -2.112463557156929 67.8508198807529 37.06207489001435 -0.2118054356426654 -27.355461099635026 -10.995074431922486 -7.917718408381758 -25.59469447412245 -2.408783676057415 -1.8441627618813012 67.1851368521595 0.20614775847083885 -0.8015903629415644 81.7627307791057 -0.002973897133186784 -0.46467166756199335 35.38118826412256 -1.8365662315143216 -0.060976258521301466 71.62367564206838 0.19087209093214833 0.09519165654327473 89.07251864362232 -0.04186527599407907 0.04198216836661363 32.60250657870999 -4.979580057804639 2.8154363528246034 76.14220776206811 2.2864042928554014 2.554910694169111 93.86537947398708 0.3374376484052198 1.5279490607919908 39.37204152737655 -1.9794480785840607 2.5043626445599094 76.17137699901912 1.7881311536894735 1.9762528655340985 92.85684430594029 0.21058917240092262 1.1002943490546913 36.09668125218664 -35.72270118007883 -0.9640139860416105 16.660175287483263 -1.641022887427044 1.7049894660309173 5.0488976047083405 -15.521772361821295 -0.002397011826039386 0.00031518820166005415
-0.07736033591688989 8.720779398640598 -3.2743395973079346 4.176649206666872 -3.0694624102093426 -2.5823657584608966 1.8625842476649506 -1.4799062482846257 -1.678260914496512 0.0034612109657721547 18.483873695720614 -0.7903172073836439 10.974892577000569 -14.032630649608727 -2.7553514129336283 0 0 0 16.732912977042577 -3.1741912405568784 4.828399037271478 0.018684654943771195 26.141171644662126 -6.2948818627813 -6.779366273726794 -10.477223151564278 -5.466288946277553 0 0 0 -0.19839297482656865 1.5705023942769336 -2.3552380030471336 -0.1309991815317167 0.0015724231265434603 2.588869528772164 0 0 0 0 0 -2.766737007797407 -21.086061600875677 -8.815129102353568 -48.2404310381064 -89.73588335307184 -1.618111556316951 28.769608872956702 -17.89839878885498 -27.537769491299116 18.35619063255083 1.763524318210432 -1.3293904141432875 -33.55239133687593 -0.8590535345970394 -1.0403784372512548 -83.59612105276206 2.0434787254179505 -0.46184665166936845 -28.92493347294233 13.317376683783666 -1.4816071064851624 -40.69015494460859 -0.04407405435225894 0.04418823004595756 -100.000001566625 -0.0015735886124331206 0.0153589111673871 -21.847827358358686 5.530911226155266 2.3105778455646675 -58.09630005092553 -2.540776196269685 2.5107955855941513 -99.4359567472074 -0.028631800234900313 0.6038100375943053 -14.919799754213317 11.217353537636878 0.9979785586008981 -56.406882247843576 -1.9702910268999527 1.9272618043132963 -100.00532637427207 -0.05293669754969505 0.5909370993588425 -18.97783882801261 38.8516154103152 -0.32384647268724326 -9.404012271628762 23.752114461925668 1.7967802346079977 -5.741437560688931 24.882435627380946 21.764924491706786 10.61959067142783 -2.015407749958468 -3.470808514152374 1.26082931110225 -2.015407749958468 -3.470808514152374 1.26082931110225 0 0 0 0 0 0 0 0 0 0 0 10.853636017850883 6.206941285344551 -1.802674180194709 67.31860924588274 32.16003298688943 -1.8415038027472495 -22.325415288005054 -10.985557174460157 -6.824419734385523 -26.217795336256444 -3.1472188901844174 -1.9929069587850063 68.27891771077871 -0.04162379721836452 -0.8232996337874915 83.84378821027937 -0.02013524563985882 -0.46727699064334327 35.48609151091876 -1.58688618989904 -0.08391393988302893 72.96537455327821 0.13741775288867536 0.09161133198958042 92.28064651878817 -0.015243326462716781 0.04653072553135078 34.27528257919714 -4.942086094207769 2.884070933973095 77.99796433982796 2.4256372831773905 2.553692643064316 96.9372866492425 0.3412418191000396 1.4840421372984827 37.98302187932283 -2.8348747298342887 2.386106974908121 78.034768119042 1.898891661689627 1.975715522388918 96.43120512111855 0.25798778412933815 1.132753836117753 37.18317923653525 -34.111997424731335 -0.9521715571064547 14.560394630708027 -3.562969042301953 2.0168381560192223 8.125439314016653 -16.066335426138696 -0.001197756984849367 0.00016328969444455682
-0.06195016420226233 8.717710249209437 -3.293304657005439 4.8808593586566005 -3.1519045315884977 -2.633742661600183 2.4104169624680707 -1.3640611739307666 -1.449217627468023 0.002711361195792322 18.98295914452424 -1.0023659031875265 10.2958115824352 -13.357500481392666 -3.6792936899682567 0 0 0 19.76001274201277 -5.155640041153495 5.92311017305996 0.044319964313085165 30.261426694693654 -7.112124266079321 -13.034467089181573 -9.181541034539254 -1.345712059978085 0 0 0 -0.9253937585854537 2.092810969907818 -1.2298682004184684 -0.8724746392119043 -0.011845961850026652 1.9008627822184394 0 0 0 0 0 -1.8541123018472951 -20.848632733266285 -10.776487154022071 -56.58269646661988 -89.81886416382994 1.548527512388521 29.29588551095156 -22.41513521557243 -24.22568250621072 22.30578552155561 0.703295506220047 -1.1345477522379062 -29.423376951526567 1.470256890439165 -0.7170048020589886 -69.8029837108926 5.993930390088425 -0.5007802645048406 -23.533090402120916 16.055006217046685 -1.7904249382494961 -39.160469232820155 -0.04407405768731226 0.04418823004595756 -100.00000324823134 -0.0004687311116190903 0.010730232251393572 -15.15078558293456 8.90073772827099 2.0202856988788302 -55.14670777279693 -2.5364704722306697 2.510059139362492 -99.72244158908516 -0.01057322738327362 0.4858912341768028 -11.983308684453021 12.361124949974473 0.9238208718357216 -54.37733557785999 -1.9702910268999527 1.9272618043132963 -100.0053272155371 -0.021979246494016436 0.44886653441613417 -14.346632527152716 35.672366183935175 -0.3676120811462272 -6.459224781882027 20.221202030281084 1.9929193459954544 -6.619241977499648 21.0434847142353 18.968891120887122 7.657178829529997 -2.176045126160007 -3.3904730003702195 0.9846019011933705 -2.176045126160007 -3.3904730003702195 0.9846019011933705 0 0 0 0 0 0 0 0 0 0 0 11.654095430718828 3.870292358551624 -1.2467096053039282 67.39420279289608 30.063563605792087 -2.3378864905977483 -20.55586600186146 -9.61592994419464 -6.274842107324693 -27.267130290154196 -4.303098891541805 -2.1843781616604594 69.69951787378557 -0.4148418512279197 -0.8667829471324229 89.78100877940393 -0.07187614689934764 -0.48948879311873505 37.06927239603895 -1.4278117869730464 -0.09228725478355043 74.29043467141081 0.11393418853866878 0.09037588661488831 96.1403287812736 0.0015658635101046343 0.05453233861812729 39.58643858246444 -3.4807101949626222 3.0982711789336497 79.50676804341343 2.495179228040364 2.5502878320678253 98.4732331984142 0.38159209435661456 1.5202431619292158 38.97133610228479 -4.451467642263169 2.1949739724287505 79.98081354781158 1.9542055377313465 1.9728581668263365 98.2183812550634 0.37112228523805846 1.2734207171146636 42.50035464127411 -33.820889064422595 -0.9045489609310589 13.915198884924779 -6.151331972225151 2.3996263161770965 10.676033322494904 -17.197201153869173 -0.0005980727643573583 0.00008755518048879788
-0.037144530878420824 8.724922959796709 -3.2801546431566955 5.390480912564661 -6.388173459423775 -2.780301141911988 3.0764866114406155 1.6758868110392662 -0.9407703638402872 0.0028005508236792808 19.565896643862512 -1.269046335632078 9.333479080941387 -11.28827417845789 -4.048298875665532 0 0 0 21.212213027227516 -16.181902636903057 6.358657934499767 -0.3845342955293981 47.81859727686962 -5.626619849834044 -15.08443060298207 -6.69019015515085 -3.4606487525233223 0 0 0 -2.024761898563483 5.6867385900738 0.6323927377752204 -1.9679542538187966 0.014778798635120034 0.766479405668476 0 0 0 0 0 -1.3448444821696857 -22.244077410516976 -12.914570971178273 -61.54057910492671 -86.78145488242976 2.8798554310561957 29.830302634031757 -24.964452782088326 -21.008629627478392 25.96240861739306 0.3309092433906974 -1.1441563130150805 -33.50757521432884 2.4321005507142632 -0.5041732914547316 -49.535845473374366 6.387543468940163 -0.6552179996413855 -24.359202018655782 7.17347924589332 -0.8901758397508779 -37.87752271963669 -0.04407405768731226 0.04418823004595756 -100.00000324823134 -0.0023794639575090383 0.017759757779152837 -25.410399089777314 14.458470618153592 1.4965288518412907 -50.41413299168006 -2.5343161490610178 2.509699141863267 -99.86568434705275 -0.15715351144530867 1.0536695365140643 -26.45581096901207 9.21935021607682 1.1712138677466262 -52.43913795376799 -1.9702910268999527 1.9272618043132963 -100.0053272155371 -0.15669908307405978 0.8831092696713548 -28.863352572492243 24.663480644749846 -1.3195372615116345 -10.88557840484159 21.434260518334447 -0.7806480737465438 3.121844481669847 24.75965131349879 21.191595419132376 9.820193897334404 -2.1280034761207056 -3.3549484874798576 0.6384621812230987 -2.1280034761207056 -3.3549484874798576 0.6384621812230987 0 0 0 0 0 0 0 0 0 0 0 12.051758257936134 0.4739231289273455 -0.16660473031751347 67.64063941030992 30.9637893884066 -3.4059214500122894 -20.636624529224907 -7.260856939994666 -6.7733992973194646 -30.11640915744726 -4.336586201919857 -2.1647052160423508 67.6395248806132 0.22301609712066353 -0.8767606605678747 87.09184403668576 -0.417490935839407 -0.517840456614829 37.31030871019534 -2.0069060676930803 -0.1261215992696437 72.32288739317552 0.10932260001548191 0.0903192840198134 96.89714842534487 0.004582393348347478 0.05536453818725573 40.19658794822679 -4.254844527238596 3.043791975828767 77.53793725620166 2.5088030245013977 2.549402018636494 98.77440608165465 0.3661710996956549 1.4922516986878893 38.1443929678763 -4.548495513400053 2.176620066052345 78.03378290369868 1.9650395273468895 1.972095722080478 98.5688161677176 0.3815645661156011 1.2831984319042402 42.883216594387974 -34.16700929361536 -0.8958242384549212 14.336687055070032 -6.748561156333608 2.4693755594897726 11.007751630912992 -16.638854432247935 -0.00048115543584381404 0.00006804601755174915
0.0024748693016544967 8.76597883570322 -3.3198445913773718 5.771232606193064 -9.459703685007403 -2.929020829989911 3.827649558066842 4.436001048445572 -0.7204512598552704 0.001242464290698712 19.507701452711874 -1.561518244305554 11.628570760523047 -9.7334233124149 -3.902498850145337 0 0 0 22.69265505248872 -26.317655834547963 7.454217417879118 -0.7939943292694737 62.676403774150934 -4.225398781202264 -14.540674928277117 -6.57983072182694 -5.957655593711932 0 0 0 -2.8793259730688447 8.932847799385959 2.3784398669500497 -2.804320724967447 0.06731964060930912 -0.422095663312078 0 0 0 0 0 -1.366021991821444 -22.87040333770719 -14.091029357425846 -64.20705374508063 -85.47510522940104 5.395770432296791 30.477510810869905 -24.255349844638044 -18.562114686462515 27.43491203592009 3.0243825310563817 -1.5082052321073738 -33.66133538125967 1.1337360521324158 -0.4594312479630638 -51.60003807732026 4.998499590696516 -0.5882599503462731 -24.721694113120723 6.450067806666206 -0.7523452923553023 -40.23723856074595 -0.04407405768731226 0.04418823004595756 -100.00000324823134 -0.0025116708976466577 0.018111479188108803 -25.938896462226655 15.344885689569802 1.3244622850521546 -49.41109621835056 -2.5337246288721404 2.5096010772797697 -99.90500410379973 -0.20481364421472992 1.1648488365775864 -29.434095504303748 7.802756577875256 1.3716515703478633 -53.00137913245264 -1.9702910268999527 1.9272618043132963 -100.0053272155371 -0.18117013394974754 0.9346349103519292 -30.679972518457337 26.65900100937819 -1.289721732871401 -11.800958569483077 21.041145651566556 -0.5737128204886629 2.5159732936736696 25.787760636239447 21.76816784834225 10.433785648716482 -1.8375622515242374 -3.302076231027822 0.09706024069935158 -1.8375622515242374 -3.302076231027822 0.09706024069935158 0 0 0 0 0 0 0 0 0 0 0 11.948867851290096 -4.666206046353799 3.3826984075930167 69.15703752669296 32.41933766165661 -2.5528200739248468 -26.941927594554215 -4.88152146526849 -7.154583728121936 -32.98658748175063 -4.370759253679579 -2.1462478708548582 65.57954417061855 0.8606389717873303 -0.8568041392818513 84.4027379288437 -0.7632234642312063 -0.5447374574143046 37.55151476298281 -2.5844984015919286 -0.17981621752146165 70.35577684947552 0.10471066445086356 0.09032359291403826 97.65396814928738 0.007607613688769901 0.056164567828412684 40.8067340140463 -5.026599818126679 2.9627937779831868 75.57014366615478 2.522422041855006 2.5484444178271515 99.07557782085327 0.35115600752432297 1.4640406731694182 37.317470775399 -4.644842327649149 2.1549825781779086 76.08681207031337 1.975868927768452 1.9712670710441798 98.91925047702964 0.39207203821724884 1.2929061568020674 43.26608129342546 -34.51305471111458 -0.884553973203397 14.758113617636461 -7.345408493734386 2.54257426778056 11.338742393253547 -16.080507187286788 -0.000364053532975884 0.00004967712041331165
0.061549541734419094 8.925502626154069 -3.472047965798185 6.065536177052749 -12.438162879635883 -3.005979261881371 4.135126886826461 6.9418390068828115 -0.7248582084419046 -0.00016663955097834344 18.773087301654595 -1.6779349753653836 13.666924804480338 -7.830865550899044 -3.7811634445410713 0 0 0 21.27064050384354 -34.63208465984399 9.223778403311321 -0.8303877988929187 71.06177190350226 -3.101294374656874 -14.855820443726024 -4.799474788132717 -5.473438711770472 0 0 0 -4.144527386945331 11.873118276516724 3.344245418506376 -4.021106991089579 0.15195910725757525 -1.3895369288129866 0 0 0 0 0 -2.1155334722207892 -23.395005144356965 -14.20851988626405 -63.84548889137838 -87.27211778079302 8.870111642226979 30.495691091752178 -23.490413408841903 -16.133625489758675 28.91936533654214 5.71932164993011 -1.8646262669641138 -33.83206688678667 -0.16539352835639587 -0.46149008287521986 -53.66470860336725 3.6090747349571504 -0.530109536896624 -25.085698763253657 5.7216129177814 -0.6444235787891877 -42.598447248389355 -0.04407405768731226 0.04418823004595756 -100.00000324823134 -0.002647116800025983 0.018461966627960114 -26.467395524713666 16.228093489986804 1.1369313161965393 -48.410908550349355 -2.533132895339131 2.5095036536485473 -99.9443240962574 -0.2581893637104548 1.2734019294544567 -32.41259234132475 6.384141814506693 1.5581217975510104 -53.56845607597275 -1.9702910268999527 1.9272618043132963 -100.0053272155371 -0.20726289959017996 0.9853589611665534 -32.49664136114761 28.653756267021837 -1.2280631093934296 -12.714731075146554 20.645877200146426 -0.37095053884566453 1.9087143539609421 26.826645815954418 22.334348778711423 11.060944483563762 -1.4225590215248363 -3.1528722542648335 -0.5841078036825077 -1.4225590215248363 -3.1528722542648335 -0.5841078036825077 0 0 0 0 0 0 0 0 0 0 0 11.137594333803982 -11.249892483578776 7.65749218544526 69.31357362542795 39.751347990509124 0.06447980749032174 -32.060223250991726 -2.4842248400442664 -7.416689571160033 -35.87229940462023 -4.405574255036359 -2.129030002129815 63.51957869512176 1.4966177818090634 -0.8069599542548879 81.71404474156391 -1.1090677344155944 -0.5701783950226202 37.79287774015317 -3.159909588823386 -0.25330241924183855 68.38930105792137 0.10009918289979589 0.09038881996769943 98.41078740471997 0.010641182680037513 0.05693233082384935 41.41688079372212 -5.79505080043043 2.855388724390545 73.6037869530585 2.5360357651969134 2.5474154571088583 99.37674939940615 0.3365499488932427 1.4356159584395496 36.49056233674976 -4.740396700872032 2.130086850035268 74.1399099139105 1.9866928630080007 1.9703722138161577 99.26968352984909 0.40264417217063586 1.3025433575404965 43.64894868841306 -34.85900506594545 -0.8707393087546225 15.179464059273474 -7.941859017447746 2.619212669924332 11.668970987268713 -15.522158447756784 -0.0002467782073375782 0.00003245023802234411
0.09831013702258859 9.127951448074565 -3.6347179016176323 5.969735462682027 -14.291488860681305 -3.049778764613118 4.345214618227343 7.983277198883933 -0.7654054826203094 -0.000929855087532921 17.685308919241983 -1.763177461320472 13.816786390332492 -5.745154808150922 -2.421960668586618 0 0 0 14.931209966977889 -37.82690958724004 13.91587374072277 -0.4223741542087617 71.2510909476656 -2.095770942448496 -16.320425021708356 -2.9876569505828687 -3.5085524495285636 0 0 0 -5.285699515236504 13.460474913528579 3.4734713430595363 -5.097932156550875 0.2258753411311189 -2.0260449006514003 0 0 0 0 0 -3.419899175091495 -23.695093973010852 -13.337553690277458 -60.82103602209368 -86.3494132382998 14.194109193262705 33.07799107473099 -20.55840901840123 -13.434903383413728 30.13291861576133 6.528920584088428 -2.0870661610935843 -38.23640935369569 -0.27166028239907636 -0.6372829164004629 -67.87797626866397 2.17026653907834 -0.4690967098404818 -32.10372619885704 3.532335369443745 -0.31785592932799256 -46.92122782246047 -0.04407405768731226 0.04418823004595756 -100.00000324823134 -0.0030434551828389623 0.019436414228801487 -27.947049999875503 16.632103733057672 0.9394646067106918 -45.74529628841262 -2.5326469031678007 2.5094237491844993 -99.97662490499435 -0.27121754908336 1.2978889860551766 -33.09550728547799 6.299635994574062 1.6118598768051127 -55.19659237369072 -1.9702910268999527 1.9272618043132963 -100.0053272155371 -0.20021790524310168 0.972047862014939 -32.01700831682708 26.881954775410655 -1.4539604215200745 -13.45345783924796 18.868420880601754 -0.10036294437002667 1.3754298602686246 26.82619266629749 22.315435608137374 10.96094297634482 -0.8130111535119151 -2.9181325589974496 -1.2463529924474972 -0.8130111535119151 -2.9181325589974496 -1.2463529924474972 0 0 0 0 0 0 0 0 0 0 0 9.783642206113008 -16.386801297757984 10.947817733194332 68.67642599641451 47.41325072064951 4.136812219061418 -37.885939114814434 -0.07555276920342405 -7.558524938327798 -38.76787939356778 -4.440985458326728 -2.11307399340012 61.459623268851225 2.1295485593589962 -0.727344341986681 79.02611001541737 -1.4550175995916763 -0.5941617614241944 38.03439229837201 -3.732464603302641 -0.3464863759760253 66.42364621363463 0.09548896804252562 0.09051495851101031 99.16760681649268 0.013682755289967067 0.057667750466158844 42.02702712642542 -6.559281671566489 2.721724980527607 71.63924847196637 2.5496439159148694 2.5463151366523618 99.67792064214909 0.3223559174884836 1.4069834270152177 35.663675387510274 -4.835047558038775 2.1019614427832565 72.19308392272255 1.9975113552460235 1.9694113640724993 99.62011768315193 0.41328053870804266 1.3121098200866441 44.03182152829341 -35.20484771284044 -0.8543815532612252 15.600720661125195 -8.537894580611049 2.6992797732636786 11.998403745033308 -14.963810825879492 -0.000129340558402694 0.000016367005336624057
0.10966967469843639 9.382921325248153 -3.7828300904151413 5.426518114328817 -15.781780991132548 -3.047042278674832 4.057067958769331 8.601845243436582 -0.8265731508205494 0.0009852055188673122 16.21916567335493 -1.654073271745586 14.56298578810558 -3.7292986929330847 -0.7632946809362486 0 0 0 7.566868959045192 -38.52272763993148 18.703798240189155 -0.14542553863188523 68.60301838031964 -1.1915900484575248 -15.023481246359442 -1.2129993379272803 -2.1793390637698242 0 0 0 -6.803431318959626 14.386812049487594 3.114497160929525 -6.522884824827871 0.29444007891490986 -2.290323638991281 0 0 0 0 0 -4.833096498268 -26.16195977248223 -12.922203073284738 -56.176318341007594 -79.04534010714141 18.39158705874431 39.88811090932366 -19.088212240333363 -11.669979849824976 31.704807816429067 5.0928449369700095 -1.8907625730642106 -39.322876634430386 -1.8955961505540704 -0.6191277692321203 -65.46905925219363 -0.7154959055609913 -0.22872397931817806 -40.26982550563991 2.177119286031137 -0.2395185964663071 -44.27245627840691 -0.5408369223644041 0.04905280377544474 -94.31428274465497 0.005065933753615298 0.02203212473990426 -33.69491423019152 10.643279732454454 1.2618774336145442 -42.66207990267501 -2.6327266611149573 2.5157389943450625 -99.83119589621475 -0.5445689646336195 1.6980547267914508 -45.050226514576394 5.47456051740303 1.5927077949197006 -51.88451280580591 -1.9702910268999527 1.9272618043132963 -100.0053272155371 -0.24199769902692128 1.0473517235756353 -34.75988606003741 23.668032270532063 -1.8238297585866519 -13.967703172143446 14.084653628406414 0.22714934144974064 1.391704605913445 19.495975559711255 17.47671662927207 6.459077370425945 0.24308484892663296 -2.6332337663799077 -1.8669061770108133 0.24308484892663296 -2.6332337663799077 -1.8669061770108133 0 0 0 0 0 0 0 0 0 0 0 8.327348041286658 -18.35430329962307 10.672994952175946 65.16981887946545 50.22839609163418 11.14971413463003 -50.18703078618131 4.617128102566262 -9.536329316705853 -32.300345193047264 -3.601390125503956 -1.966975177840898 55.500782308414685 0.33629691265229367 -0.6625340962293494 71.7036421723531 -2.2893201836224963 -0.6326369285318973 37.246160157575936 -4.61173271146997 -0.4161967282279429 58.3936645379398 0.04454456878711673 0.09179353285514144 86.36425380356644 -0.48312765478659114 0.044348496080397405 36.86487540620356 -6.877476884325499 2.4272242697685296 61.15586868330422 3.5280824948356915 2.5204362969006415 90.84581250811632 -0.41738878070330293 1.6664144324128747 49.81520762346972 -4.681590999903012 1.9523515144150478 63.52610994643761 1.869970396420405 1.951679204416986 87.77988549756304 -0.1331526407212073 1.2555769847482496 42.56520619403636 -35.64668056273049 -0.9315954999928105 17.905302691264993 -5.179975151323654 2.167516353488417 9.107397705672666 -12.21986693230832 -0.00006486627220699795 0.000006634649278862843
0.10981370026422133 9.533005717243778 -3.834540586696307 4.26010157928659 -16.425540262208926 -2.738726150043927 3.558352260525821 8.448778103250431 -1.278276762246469 0.0037926379534283516 14.457185588965993 -1.4453262170987637 15.717329293014815 -1.425727244187094 0.3075502450643561 0 0 0 0.7938916118697591 -35.7578700093313 22.359561226587175 0.038470051354889574 62.72893244555139 -0.16279605806606715 -11.319952990317455 0.3052974269663442 -2.237216714889698 0 0 0 -8.170593317658756 14.08391960360602 2.5435027534172296 -7.825693366026706 0.3154734642611123 -2.1994171375506255 0 0 0 0 0 -6.278246182352179 -30.241951847024307 -12.10671859861358 -48.435922383308665 -66.3763997100492 16.549385662062658 46.701926385080924 -18.879587615087022 -11.40503889953301 32.08982725771761 -1.896950207995694 -1.3934611641403698 -28.289681692613247 -5.977776473582726 -0.9549759515893907 -41.64506365365319 -4.538788382984351 -0.48411254650334495 -21.611166469205134 1.0543366581426497 -0.28682640110700763 -26.90378446187259 -9.348022265205387 -2.6370817378316844 -53.81520456959744 -4.7951376079360735 -0.37146249361279454 -17.837062024645025 11.382240530403429 0.5728709041680311 -26.499935519433333 -14.252881453710822 -3.3024642751535187 -51.66362275888293 -9.333248789196661 -0.4025031300838445 -22.755976769022908 6.187911426283255 0.9699004196610593 -32.1575527707957 -14.068962239876944 -3.3366642813209135 -54.805936119382885 -7.590223836523371 -0.12228537181934443 -18.487514866556168 14.61266047497042 -1.8145193602084453 -8.75373931768137 9.444498232493926 0.012015095747037172 4.666823630386348 12.293664884173316 11.66706807122231 3.0928093645095345 1.7210883464420141 -2.3106919170947076 -2.3847165122679095 1.7210883464420141 -2.3106919170947076 -2.3847165122679095 0 0 0 0 0 0 0 0 0 0 0 6.8388354083260054 -17.660154522042916 8.721523608958734 58.900626806628956 51.033847571238724 13.268393214405318 -53.454389876030746 9.52594868226743 -9.689378611240945 -31.986605223255257 -2.6499172809541016 -1.7654225200957712 48.27479267171557 -0.8220992697807824 -0.41510693753331945 52.288686853688155 -2.856173168554312 -0.46857919896358413 25.6974347344139 -5.600518923123249 -0.5442660463526047 54.57678873754313 -0.057478159563778344 0.08854941576504329 63.05354941940301 -1.5192807003484647 0.06102937261035227 25.279371107483843 -5.749874608276007 2.430719344209457 58.110532706813196 1.2283868823817243 2.353504638812702 57.76148235652591 -2.7970308757809343 1.384905011350113 34.106113195435725 -5.175897319400489 1.8623905454816603 59.943076301330585 0.888332704263294 1.6988309346069634 60.563881515398634 -1.7512198945106208 1.0097716230945575 30.97040859128031 -35.50913672256324 -0.9773630518943894 18.562901932562212 -3.5723357328827974 1.8251606126169755 6.368512811600956 -8.393978634908764 -0.00003254393217615551 0.000002234071275801879
0.10958099077090361 9.63302678729996 -4.017347841034302 0.5041353857569488 -15.428209634456156 -1.3936881058708428 3.132656391242528 6.493732687676452 -2.4862910786331525 0.0039030094933960972 13.443215367602555 -1.2238725982039138 14.206838107180566 1.7916730180111426 1.3943331673357462 0 0 0 -8.079497295298053 -26.650938914437745 26.057581845039167 0.2669197673352341 55.64905141305383 2.3159285954786517 -13.26058039617838 4.198852683167959 0.6375373923056334 0 0 0 -8.668941834205787 12.198748254220952 2.0782332247470916 -8.406564722477942 0.3409382415472156 -2.257347843021768 0 0 0 0 0 -7.081935511217752 -34.80490061410104 -11.724150615876699 -42.46010274916963 -51.57786969567053 11.780566436433801 55.08011111128004 -19.74897999613382 -12.486255265294387 31.16773628667493 -10.736227931249555 -0.4142779016083742 -18.731057950436988 -2.471489419185483 -0.6330605328214304 -37.85759075046002 -0.7281843705239468 -0.12095568307071272 -13.681839220155732 2.0316220063349006 -0.20598322096570698 -13.532668860800008 -3.3613358720851254 -1.035372047734258 -47.24152195012278 1.6232922984137799 -0.1296224401242014 -12.660049466800636 24.598456833467008 -0.15741241953609192 -17.054909698206803 -4.865767202464452 0.3305183155884086 -28.206309867558687 -5.941857439873968 0.2755233958057912 -17.819469272501614 16.632496970466534 0.6060692485844263 -18.6724854089106 -6.688329528252432 -0.4498937624292052 -43.35738924725889 -2.810155586930523 0.25562281213360744 -11.129149229814459 9.215040677810308 -2.6477943274671056 -10.730968111034313 -0.9534951355274134 1.0625332183769032 4.470092200081057 -9.378406403382273 6.123328245334888 0.4248610040872574 3.202391484971369 -2.101243790204619 -2.6908557506728012 3.202391484971369 -2.101243790204619 -2.6908557506728012 0 0 0 0 0 0 0 0 0 0 0 2.6031919864392687 8.646039074037777 -47.450903050455096 41.75331535588772 -1.7571094115755854 -8.380680563734236 0.28455431138239823 11.563993345267813 -8.357343450518785 -38.09131227970402 -3.5506123018075337 -1.7163614632575868 46.03541114461805 -1.6025962850164024 -0.4227701343889017 50.57399074959554 -3.015241711040828 -0.4727705685779054 24.741111112365175 -6.898021523377717 -0.4760033332129337 50.91865340927025 -0.8046374216543929 0.1569497258395959 59.9917520281823 -1.8291502192059361 0.039304656831845725 24.220796538304377 -8.101305100863833 2.3740417095778112 55.7339597706862 0.30803147246780854 2.316698201979283 52.30732274802004 -3.31079634355791 1.2728014716364429 31.756909229321135 -6.901573402578543 1.9240636831353843 55.58273892898313 -0.0097430373898022 1.7288523738491814 56.770129120640945 -2.2287829720324512 0.9494049495756921 29.430897083318413 -36.27597075600085 -0.855010374153603 17.925650083161067 -3.596256243257821 1.7318146115931878 5.527647879207073 -9.464111791916546 -0.00002757535087141686 0.0000021518930708308476
0.11815218610633493 9.61786471253069 -4.953965954422874 -3.8276786970095062 -14.550808517368148 0.20290123708245222 3.120766577414365 4.8391597523778 -3.613934233261299 0.003328956423190128 12.081976026313246 -1.1098158355855186 11.789458591741461 4.066988905342191 1.959684316670964 0 0 0 -15.623097546534337 -18.529473754490148 27.85595007906778 0.25399221785898424 51.724870534371796 4.692494609926902 -9.41462375740032 3.5017292268152094 1.0476773241792163 0 0 0 -8.191747699087214 10.649597228484618 1.422178349997325 -8.06987597710329 0.340921806113564 -2.3883885121803914 0 0 0 0 0 -7.6781132028289365 -35.50369359662419 -10.231369970174926 -38.41320201168775 -44.93262081652515 7.569821334208004 58.05000831116 -21.66177046951461 -13.938435080351296 30.058169596926838 -14.453735899930612 0.556060672620635 -12.131319709193576 0.893433757823991 -0.5042394614744384 -32.7925773179766 0.8763903459991902 -0.08724418108699411 -8.279004534123011 2.4972767624309187 -0.24115814977619462 -4.696988770443923 -0.9149211159062387 -0.036711645645823764 -23.631357847542116 3.7424605544661813 -0.3236993011051836 -17.706254655575297 38.501391924965844 -1.9555362343003688 -16.74526060968368 -0.367279871569942 0.6080275417150267 -15.833369542407901 -3.0624852437423074 0.3785089451532266 -9.648772895495773 21.807127028051816 -0.48859758105093015 -11.374588313993556 -4.035593073193862 0.42820324611930716 -39.535131105030096 -0.38744287778688 0.230596079839833 -9.159168164408134 8.838702827774899 -2.706126970419145 -10.916704932039696 -9.695691056349943 1.9164719333994824 3.942025230271286 -29.24382625687738 3.0985832625325607 -0.32397041470918714 4.512067403419333 -2.012195453727291 -2.8059332072484957 4.512067403419333 -2.012195453727291 -2.8059332072484957 0 0 0 0 0 0 0 0 0 0 0 0.8088353623679394 15.438634408717679 -44.98246033119325 33.64531545459579 -1.710819414682697 -3.5428877912506485 0.24592715846673477 13.44115212881528 -6.819969089502919 -44.124264243007 -4.4525223588046545 -1.7025204350599081 43.79556911046689 -2.382516576431146 -0.4537823954181748 48.859550051985956 -3.1742183741231766 -0.4796160952996269 23.784802568779448 -8.197230526684733 -0.4906715263278653 47.25992465342132 -1.554385365775615 0.18533972083153927 56.92931618730347 -2.1385654593822623 0.0118592987284814 23.16235584280451 -10.44818901707301 2.220070063663741 53.3618859486936 -0.6046060439981537 2.1926628207620227 46.85475720738419 -3.8195107225183507 1.1397437747591863 29.408910207135747 -8.626942235833534 1.8544210724731933 51.22253210754677 -0.9078381311611315 1.6994120763709304 52.97636690446154 -2.704542948177893 0.8762339273175713 27.89197095069527 -37.04409665993091 -0.7412033469417643 17.28683579506329 -3.6188026275027942 1.6381278225606204 4.6868626582913535 -10.53424610233958 -0.00002260916989312987 0.0000019769346762469076
0.1187168577990861 9.557387860397315 -5.542395977936914 -7.4066109224776975 -14.51960500088387 1.0566665206579093 3.9092971904603124 4.397988282098705 -3.7042425210413574 -0.000049767886392985154 11.134412968019056 -1.3132399690431933 10.033880580431036 5.259291664122348 2.0086724014912165 0 0 0 -22.568340901729425 -13.46211744874527 29.83961622880971 0.16453195349936783 50.28559622809524 6.729152939049705 0.9104119676652718 4.63205456795226 -2.1409949754149733 0 0 0 -7.411393857150833 10.238297586605604 1.1422386534024302 -7.382507847920232 0.33740112875880696 -2.631174333172871 0 0 0 0 0 -8.426513868447447 -34.430180360454045 -8.912664518374916 -36.14228652001494 -42.27789069807971 5.020272715222149 58.55818502088666 -24.147708493207112 -15.044188452488493 29.120278540639287 -15.216439698273563 1.1062934345552817 -8.348686694630995 2.711889725898956 -0.29003716430936444 -21.326811380434236 1.1648611001688698 -0.08806771343363519 -4.556892623527025 2.5902874195308025 -0.2740790343075525 0.5698104229649695 0.6221657987402319 0.07668475784138507 -11.816244592460938 3.774479574735057 -0.2677189098393645 -18.439622887734128 47.47621520240602 -3.0363665016925436 -17.552539913981988 1.7933297637657224 0.376277639367072 -9.387734091570241 -1.083022272396511 0.2877896566534424 -6.523855671912563 22.27774109153447 -1.2421158599795705 -5.211726251569758 -2.0909348880253753 0.7301417441632294 -32.78294515045566 0.43378761532827803 0.12611911798397293 -4.984896002709567 9.395350049312723 -2.4471082879203467 -10.107913083999415 -15.963758539531643 2.473000424870777 3.3210216523061895 -40.75849692574053 1.5329657033424284 -0.3181706008265055 5.5387595841160895 -1.9861010550095957 -2.7787339974074627 5.5387595841160895 -1.9861010550095957 -2.7787339974074627 0 0 0 0 0 0 0 0 0 0 0 -1.3040848872905508 23.21369296309677 -40.06500506855951 23.53172781586348 -1.6698651703794827 1.280105183176892 0.20867882426335874 15.140245690630595 -5.096607531138803 -50.08568176369241 -5.354286612845686 -1.7239234357333322 41.55578385329823 -3.1611644617130827 -0.5081104088007262 47.1456803599923 -3.3330588089329156 -0.4891139194574492 22.828515328453385 -9.492868016577201 -0.5882033848611591 43.60243292890328 -2.304579872058827 0.1736333994854093 53.86676807652777 -2.4474208197879705 -0.02129653699258377 22.104077008344674 -12.786387396842684 1.9693359740182592 50.99841675068678 -1.501225727825965 1.9825589719629262 41.405436812593805 -4.322322910241469 0.9859669379644381 27.062294734820775 -10.341898443990276 1.6539334259492708 46.86671151959273 -1.8019901699809533 1.6106471454492657 49.183648689581396 -3.17815637027762 0.7903166348384765 26.35373797223714 -37.8134244497828 -0.6359764553525382 16.646567966217127 -3.6399703509040453 1.544120435465346 3.8461522568959823 -11.604379560198943 -0.000017647121905707204 0.0000017092571586999422
0.12261663172365478 9.502835538577187 -5.861978486227919 -10.16639666474432 -15.13847467164817 1.941147898241507 4.415016839670713 4.821176887780527 -3.6753344436213924 -0.0006233499585748823 10.482839041762622 -1.4168469566619872 8.583542699521706 3.8025668239682253 1.9433172002553663 0 0 0 -24.256682804822667 -12.850231608554447 31.03279897000373 0.13449164306183678 46.420536735473085 7.891776757288678 4.447881465758723 7.324986962332918 -4.798514435412334 0 0 0 -6.765334091749624 10.255167421066288 0.3154624003438732 -6.831492190682763 0.31400455122051396 -2.6379526973161473 0 0 0 0 0 -8.512845089488055 -29.01996670186231 -7.013351822491121 -34.99002501947844 -45.598087454564705 3.869267912118482 54.352215033450456 -27.795407453166913 -16.150192986681144 28.47896648387831 -13.50387163173233 1.138642722736883 -7.125056597931603 3.4334042860629057 -0.2654229275723606 -13.11590303971867 0.7422261663045567 -0.06659798127190167 -2.610214790139979 0.9130723263621272 -0.13399884205600826 3.4058645884894454 1.281037794439951 0.015052281353085381 -5.908518726865172 2.1116695098065286 -0.2422755626599537 -11.764059048988296 51.06086795455244 -3.5650474139001513 -13.15356037582178 2.108825798609953 0.1572098209542547 -5.300395328365822 -1.413674109748963 0.21488556548687376 -4.001394897151293 19.028706695716732 -1.522473364515149 -0.18329544142161486 0.9606954349481757 0.7252488530186607 -21.96106137717819 -0.7898099607466456 0.08769475398375039 -2.4942789070450315 9.433834612820672 -3.5779165784098628 -14.797449027529654 -16.5433891896091 2.4168239130901514 1.503969687978528 -35.04475849737541 0.7744182608699487 -0.12082764937243823 6.294637120058756 -2.0584451632976664 -2.4890169494421466 6.294637120058756 -2.0584451632976664 -2.4890169494421466 0 0 0 0 0 0 0 0 0 0 0 -4.189564344747492 26.881003014444108 -35.18034094961023 18.128317258987156 -1.6374308079346773 6.151469410288427 0.1769903775987968 16.64710905642807 -3.2079458669548684 -55.979821399092096 -6.254543607026952 -1.7805331166600218 39.316568122309505 -3.9378481915635613 -0.5856956133540023 45.43268815657757 -3.4917190406524345 -0.5012612242602692 21.87225407561019 -10.779681995542601 -0.7681535026492172 39.947974500024685 -3.053076089425936 0.12186622136850767 50.80464198525727 -2.755611347990388 -0.06015057890281776 21.045994219286843 -15.111873844493287 1.6226980481787485 48.64752696455805 -2.3737077108091738 1.6883479914000046 35.96083115686258 -4.818393637217564 0.8117416170928962 24.71722481822759 -12.036468551371906 1.3239505245213732 42.51935661819565 -2.688261372869354 1.462970438953783 45.39298402314216 -3.649282965726717 0.6917211595628496 24.816297668570787 -38.58386835407427 -0.5393615377944929 16.004956574474836 -3.6597555097342154 1.4498127382101813 3.005513281228775 -12.67451311086005 -0.000012690939573561536 0.0000013489536448310248
0.11844347819947394 9.348863520066748 -6.106144812893401 -11.83533044074812 -15.86908430475096 2.356772370982327 4.794325798221657 5.279014790619211 -4.111420090997466 -0.0011557114709472222 9.952188975870397 -1.498021647364162 9.75092751401288 3.6502448521685045 1.034949779309419 0 0 0 -22.907877335468918 -13.59983829580022 31.147516391708606 0.07567297071673844 44.12881476788441 7.774415543772423 6.7326920405543556 6.6331632284900595 -6.546240114850283 0 0 0 -5.874525715255687 10.090073367732733 0.14985497271179724 -6.0283479351987115 0.26866335392108237 -2.4735202882718497 0 0 0 0 0 -9.041490544490575 -23.72723499973602 -6.494338485114787 -39.11418715773837 -50.511952742548715 2.9320676524188354 50.709662495980815 -32.556399208829276 -17.915163865606893 28.13927773112532 -10.787502898399138 0.6688515938367688 -9.87509483547507 5.5514460251428055 -0.9171717851027081 -19.957981508875115 2.0873359572660974 -0.268028406168644 -5.072866115093531 0.9923168984058073 -0.13056382137730047 1.2604503881378064 3.6584129946138444 -0.198020958490759 -6.26970564916784 2.1473237156253013 -0.19811279306730833 -7.42112264867198 47.57248567135867 -3.3026481418445397 -13.915758486172562 2.5509759324108163 0.06912868819667378 -4.0971751833702665 -1.9737675128237135 0.22739229532428085 -3.424809351589453 15.730302158554496 -0.9712193690081947 -2.7721645876324073 2.734865318561819 0.5772148564564232 -16.542734166945074 -0.805567055641719 0.0791998372583468 -1.8413556143257919 11.411985501591793 -3.8803487569260735 -17.16551114779959 -11.13664568718634 2.044207688095255 2.965182020077422 -28.501454964095387 0.48687268234579933 -0.0477061716054522 6.730916199163338 -2.112062010703693 -1.8708936622609391 6.730916199163338 -2.112062010703693 -1.8708936622609391 0 0 0 0 0 0 0 0 0 0 0 -6.142733363525661 25.57224178276193 -34.89826404621272 19.541397229058653 -1.6060589980081952 11.115485152273788 0.1523967982990412 17.950137233873313 -1.1756214380034444 -61.814675207692865 -7.151937604185339 -1.8722500366632189 37.078424457126594 -4.71187848425686 -0.6864547561963497 43.72087793092369 -3.650154487832212 -0.5160546096245426 20.916031156181386 -12.052487029806134 -1.0297029239588997 36.29825381636426 -3.7977376811577632 0.030194910351601188 47.74345530785283 -3.0630322368341947 -0.10468845540267238 19.988133456615675 -17.420797886626456 1.1813267065093975 46.31302907718972 -3.214200089873801 1.3127652633085365 30.522165311649342 -5.306899909672642 0.6173737492446002 22.373841994082245 -13.700931992285085 0.8666760531137853 38.18421515680134 -3.562764436818393 1.2570672847301154 41.605332819337946 -4.117584653445184 0.5805254793729503 23.279753826703917 -39.35533453658089 -0.45138807261216757 15.36211401720951 -3.6781531070594395 1.3552249036035697 2.1649405144548277 -13.744647149011195 -0.000007742350675773553 8.961499319389165e-7
0.11427032467529316 9.194891501556311 -6.350311139558886 -13.510317581467165 -16.59868164926937 2.7758260658756737 5.170415577495449 5.739706431038904 -4.544787167825994 -0.0009251562394809338 9.421538780713385 -1.5790630481616248 10.920401875502735 3.5164391517900366 0.12380381411192753 0 0 0 -21.556216403517535 -14.3518684596583 31.244359934398467 0.02530608576999903 41.83701573138352 7.6645063649817935 9.034749356788812 6.011318764508957 -8.318086981372462 0 0 0 -4.978488062606987 9.934404970532857 -0.006584217353094673 -5.2253402621879435 0.22102198790881722 -2.309740112383895 0 0 0 0 0 -9.570136909655236 -18.492492173994684 -5.601637201447658 -43.167395542726645 -55.283801429135885 1.609673779321966 47.10214114734035 -37.356758832596356 -19.701061153070604 27.952749695163916 -8.05190186027062 0.3303907543479626 -12.644126327436721 7.732417608414151 -1.311544900756978 -26.82062016126387 3.439881344756414 -0.41142526307871435 -7.539609543057529 1.071377319567883 -0.12416463868274433 -0.8849564897803663 6.037127596707735 -0.3959240307878475 -6.639427166469379 2.1862197257406835 -0.15677678266723477 -3.0781693628162823 44.081736511356254 -3.0870452082305424 -14.692354529731954 2.991179077084919 -0.028214842255953488 -2.894670738390454 -2.5337070916995814 0.24553393926339942 -2.848373140827603 12.410749422856577 -0.5703043862362134 -5.3881599615824625 4.487082309520578 0.2624232154025091 -11.131731913905892 -0.8214199545019215 0.07088503530025525 -1.1884303081273115 13.401601890237492 -4.100783834174209 -19.543377020323415 -5.742440705827416 1.5358190775021088 4.384429035279221 -21.958718903957937 0.19286843123702951 -0.007830208338662367 7.16660675522895 -2.170377904960791 -1.2531741798237888 7.16660675522895 -2.170377904960791 -1.2531741798237888 0 0 0 0 0 0 0 0 0 0 0 -8.095902230097472 24.27699105046681 -34.58996792773276 20.941245674151013 -1.5760623466928185 16.079515239630233 0.13072140456146752 19.03977570688644 0.9780732815293831 -67.60156450756295 -8.045120690347671 -1.9989136989338814 34.841849537479675 -5.482573664540487 -0.8102800770010952 42.01053782977772 -3.8083218494605244 -0.5334898257268976 19.95984945074549 -13.306198599254783 -1.3716684372105377 32.65483582698692 -4.536441673214213 -0.10110344074014231 44.68371710081311 -3.3695788783205214 -0.15489371122425138 18.930524307418647 -19.709521469698668 0.6466870763958893 43.99851770739514 -4.015194941269907 0.8592854303737952 25.09032312976825 -5.787035332569858 0.4032032684603517 20.03227703085007 -15.325924882448684 0.2851279573640818 33.86455981986284 -4.421684518796884 0.9938895390497083 37.82156815262352 -4.58272794654829 0.45681712293819593 21.744197221725837 -40.12772857206387 -0.3720829599913888 14.718150572443335 -3.6951600467526005 1.260377523605662 1.3244298495646614 -14.814780524765117 -0.0000028030813629799373 3.510041063135048e-7
0.11968843919805973 9.001654413132888 -6.758570499180611 -12.269754005091958 -18.056078637622104 2.035428870689822 5.127058499401707 7.238352518472056 -4.375123947763327 -0.0005129074813096162 9.133402177339315 -1.5989054268888772 21.298886577130883 -1.072513430114554 0.5838681637858211 0 0 0 -12.568428525797303 -22.444837067638076 31.93598371361637 0.06550913404704578 43.20188024668848 4.475033933786682 12.141794996420815 9.387363065455245 -14.826854154416699 0 0 0 -3.725559271140202 10.9291514899906 0.2611605237479466 -3.8938007341523524 0.14282203147405317 -1.724108773704985 0 0 0 0 0 -10.210661865971408 -14.647741160357517 -5.120480810619383 -48.373936915544725 -56.86541065819586 -1.5960319688923372 41.57987402305082 -39.24113033170969 -19.683133590943648 29.065713663438142 -2.2817141401550214 -0.7979548006591879 -18.306590422748496 4.318318496160043 -0.09184501947418737 -59.664494194876845 1.7576703540722425 -0.2535487086675436 -19.45570327548211 4.251684091164796 -0.7400802739623575 -9.364239724455976 3.091539296278338 1.1364329344789734 -53.313077759936 1.101768199375528 0.061205049978228315 -16.53724006064946 35.98711007068093 -2.186288588967828 -16.424846552371893 0.8031638152659849 2.4856237589366272 -51.402576452268654 -1.2769063936676874 0.3968925000859499 -10.189347668213426 14.015709119791284 -0.6281906864970566 -12.536181713439237 1.5993169306685489 2.4133139201993017 -55.53464368330678 -0.427140872641992 0.3716181504933561 -12.64682947936685 24.548777673622645 -2.0211318878799553 -16.18875867346917 6.596766837399131 0.3457969411754065 4.385184171513405 -6.525455783584612 4.610292422711355 0.1045966250314323 7.065474856826745 -2.1377543588579164 -0.804762164127182 7.065474856826745 -2.1377543588579164 -0.804762164127182 0 0 0 0 0 0 0 0 0 0 0 -8.696450138292748 19.99398884117435 -39.27151559530164 26.08096997915248 -1.6116012729413163 11.189663341556113 0.15592468306474025 24.24693454252208 2.9386879618635584 -59.48376720833866 -9.246109725246342 -2.257363827523582 35.86211481772571 -3.9529382558921937 -0.6573504925754469 58.64739809023162 -1.5698250404174945 -0.3274433724330228 27.472414751166692 -13.339299517729263 -1.4550608634335793 31.03626006986248 -2.2479456315133333 0.5161627764616721 70.10590806196291 -1.686528946804129 0.0643152758666165 26.870552445961167 -18.633844176102908 0.41827964430779685 38.91066751343221 -1.0122732923303983 2.8169929545845975 62.514244752164295 -2.6690557828752906 1.485933027207798 33.74887194470134 -15.13081597903237 0.22163001268347302 34.36937058030833 -1.3422148563360796 2.3753290250783965 68.89531257351422 -2.1376696002911175 1.0844473510786599 31.97888735213205 -37.8552248106842 -0.5040089870296736 12.751650045938733 -6.165093410155702 1.3581411446565634 2.8871841346161995 -14.333252686914044 -0.0000014022782648428184 1.6961256916421152e-7
0.1234397820630722 8.806650317362656 -6.961178655356321 -10.155090932515748 -19.24222771043088 1.301081354265097 4.609681060140446 8.48451810563823 -4.338197605123009 -0.00025950960348992383 9.136068172324356 -1.4692491029436345 25.937914222746247 -3.3890801931236143 0.48216862110535896 0 0 0 -3.7980417082267475 -30.38972665753289 29.771790884829514 0.19826581940869983 47.61265928684114 1.725283094923535 3.422003854338383 10.046352816930693 -15.872689715698279 0 0 0 -2.7009158963199074 11.929159927950762 -0.32482361590496056 -2.7864994532333207 0.08060855180437776 -0.9056401346150562 0 0 0 0 0 -10.498268725077152 -11.941554715887188 -4.605414415472092 -52.43208584018035 -58.52932541488141 -3.929308086327251 35.792846215632764 -38.968206622503395 -18.623069075658798 30.358257614188535 -0.44353778958206663 -0.9751207168152104 -21.147850704955527 2.534791141993719 -0.20096401413021106 -79.83853965838114 0.8931396057357363 -0.2759577048169607 -20.649240331574347 5.770593693207561 -0.861681869724622 -14.117083858128709 1.4108079699755398 0.9141650506895698 -76.66549453055255 0.5494890825530498 0.05214963209652776 -19.389302115981668 28.5327157461614 -0.8020338884191036 -22.907230915628155 -0.8619339041495439 2.8562046646585877 -75.70545970585924 -0.6373810799002757 0.3822383373041448 -9.532263530559623 14.479188956888795 -0.44043737357293855 -18.862886638819536 -0.23344009345572236 2.5207567720851465 -77.77572975075273 -0.23208118629102753 0.4518609178187767 -14.97690963541008 33.573082449326535 -0.9263671567389575 -14.264169885136182 13.144860518260774 -0.04821600524904939 3.176742061828571 5.159582311104861 10.501539440364006 1.8705871592384269 6.523483943470534 -2.1764566639563485 -0.31058488208272567 6.523483943470534 -2.1764566639563485 -0.31058488208272567 0 0 0 0 0 0 0 0 0 0 0 -7.886350069721095 12.022118323752977 -43.617144398244236 38.21054247809529 -1.6323956669599298 7.460240803584269 0.1841194970749922 29.325198701508512 3.7508887995068614 -48.84036179492591 -9.151251342497744 -2.2114313127905088 32.75331192327315 -2.368519678031565 -0.49309169027342026 78.28402091903187 -0.8308214013659766 -0.3722118291694503 31.09520738045508 -14.032494103192375 -1.5591452104716916 28.269517509825096 -1.0508423263876592 0.45682112512936907 85.055315372402 -0.8371101785164823 0.09239879245116726 31.57539981472398 -20.870843922422573 0.14501615662563336 37.767085254072 0.7987460856215938 2.9759033576002913 81.26494032322164 -1.1399854110047554 1.5287816795852907 36.145615022794814 -16.634656006922107 0.025615956657310805 34.78288896104452 0.36153347764132704 2.4005254882729545 84.45452000562835 -0.9008095784773209 1.1936369243322449 36.072709438568836 -34.34608400599105 -0.5904442856930951 9.210589509979057 -10.86580445954975 1.405770916629421 3.8991641144338454 -16.46837854229479 -6.995587784112835e-7 9.78717614914021e-8
0.12558551663216388 8.720921640385992 -7.010315477259505 -7.595506304835059 -20.08458373046709 -0.6636971213912393 3.703590566676177 9.295024712166255 -3.1799302967959893 -0.0010474844930534746 9.75577919951915 -1.3021845451745664 26.544216547796825 -4.891588088594113 0.45323423734320045 0 0 0 3.3293772421803016 -36.38342963004939 25.92263002359908 0.2700803565356552 52.99405644668765 -0.24581265274302752 -6.448383217284345 8.342417508865706 -12.321614064439656 0 0 0 -1.9867233098329402 12.941922534157442 0.1423150166745187 -1.8406133727097587 0.041550202142533396 -0.1147062501194347 0 0 0 0 0 -10.555945079653428 -10.964899881683895 -4.469942395976166 -54.783989850052215 -61.03532483367202 -2.3159426352765835 35.50863122619357 -37.76323403786536 -18.10484663289139 30.274601694525334 2.3816098221753648 -1.4010585935447881 -24.575073112454596 1.6848690552999568 -0.48748405973814596 -89.92212065977765 0.46188237791992176 -0.296012910933254 -21.449745799540192 6.706683089403513 -0.9204147276459537 -19.07900265800068 0.6388975976909099 0.5534955495374942 -88.33591080875448 0.2730715623965027 0.042460255057894865 -22.482460024531388 19.984169741749895 0.1846447854818973 -25.91527995880353 -1.7155890503264846 2.771567276681643 -87.85933734618047 -0.3256777434678916 0.4499027806913624 -11.268266555285425 14.369665487858608 -0.13918826644948654 -25.854492842622193 -1.1308507729102486 2.3084418898989765 -88.89392181818764 -0.15100318321716438 0.5601306979507804 -18.33595171616322 38.23414018042285 -0.43598534740416905 -12.277848913673287 17.299690503240598 0.033935816885695996 1.3605561161414679 15.535333959529058 16.76939856114713 5.681186033577106 5.53388348758417 -2.264204677501975 0.30705694607256484 5.53388348758417 -2.264204677501975 0.30705694607256484 0 0 0 0 0 0 0 0 0 0 0 -6.111037667344497 -1.0249819892304612 -46.606192493621926 56.448068333659165 -1.6292783675972011 6.5282900877996894 0.20205871713192067 34.31900402099568 4.468509248050879 -40.934320931065955 -6.760451173110662 -1.916163335080897 32.29394881627105 -1.5913028615405098 -0.608948014974699 89.1435732300533 -0.4202518890097734 -0.33593720184798365 24.810988918422407 -13.04919279857916 -1.4700833158909536 28.739742630919512 -0.4682526756450411 0.31103516234790896 92.52863610623706 -0.418685058858177 0.041063637749106846 26.10795977112567 -17.4151068504098 0.30040139359586454 35.16777166696208 1.6994369714284627 2.832751420900639 90.63957992219731 -0.5674427344977013 1.1038726427346823 27.495481665017085 -15.878124957044493 0.14307369537974993 36.33780429428678 1.2002266833667334 2.2403540145019067 92.23215728549438 -0.4262391678006004 0.9128287250923773 28.981046334621194 -26.591421465913054 -0.9176465441076251 7.806061540714268 -15.380008380928018 1.3054127800816147 3.7969146560915554 -25.959114212853482 -3.457171084331642e-7 7.79718323492646e-8
0.15943748011688383 8.683400893531031 -6.965788650307654 -5.1178451346591 -19.80869783513 -3.3395868296805515 3.887513233049497 9.126006156169776 -1.2429406457253709 0.0033830618762665174 11.349596479769792 -1.576904138968837 22.379397540470965 -2.669886238256236 -0.32577909095537066 0 0 0 6.258344961661907 -38.74803258739161 20.223518102098044 0.24439444021313206 59.58138447143147 -0.9932832909092956 -7.500578268516649 7.766810372490506 -9.064089026309349 0 0 0 -1.2846725359234166 13.913080702498252 2.12073821376204 -0.9242154416203998 0.025867207926030963 0.5326328789877254 0 0 0 0 0 -10.282832225227393 -11.458065177969356 -4.864521476376769 -56.3567752384768 -67.30299834166591 2.9827370204586354 38.05648835477079 -34.11440622859017 -17.919923102847754 29.441286684878754 3.691290683945069 -1.7242216444543506 -31.901365147289113 1.2046172784453444 -0.7002940530259615 -90.16720272791876 0.24029840776667827 -0.2889243895609026 -20.263389849633164 7.325906173979239 -0.9844093178543476 -29.665592728703917 0.28443589073852765 0.31623624256312843 -94.1687854160022 0.13617204865757354 0.02624992367523292 -20.953212504381977 11.7565489071733 1.7636194556714258 -34.04100015710118 -2.1308611244542623 2.66209715512731 -93.93492154420842 -0.177413811222855 0.5341577725132763 -13.343337673643234 11.585640359832016 0.8922461711256647 -38.599626471276174 -1.559850827966813 2.1382029022600437 -94.45066665899697 -0.10771246151179047 0.5973302867033351 -19.38966576731787 34.382937516798734 -0.7392125008276842 -12.48086556480347 19.827491511067812 1.5802710160144413 -5.042144308242377 19.01071021708345 18.25527061188284 6.767504550192412 4.186402300054649 -2.3372983914985204 0.9436012163178444 4.186402300054649 -2.3372983914985204 0.9436012163178444 0 0 0 0 0 0 0 0 0 0 0 -4.257190896758851 -8.407804894899199 -45.97108931461591 68.45831962894206 -1.6327809829312738 4.327908092215282 0.2151212138055914 44.409901854842005 3.7503369335315018 -34.797859267055735 -6.651133005858047 -1.9388729034410987 34.21642787238596 -1.3830511829974135 -0.6663017324870023 92.12421140169698 -0.3111786008999779 -0.3251171216928158 23.734634035054956 -11.783859343624995 -1.2916405423615953 30.07712128961314 -0.31210563943346853 0.25784411333702173 94.57974883019803 -0.3034346492920833 0.031818007662022064 24.075952356971104 -14.884525146842993 0.44886418646655535 33.81364483874079 1.9414649289343595 2.767906714772267 93.21216539056816 -0.4122654821944368 0.9640058740438034 24.227700777185905 -13.607696861235215 0.36075672724931707 36.23217804652582 1.4259273644063333 2.1766345906839573 94.36645889461465 -0.31261293191168815 0.7837028403336244 25.16832432891883 -23.378107773464333 -1.4445935559304262 10.795906297271404 -15.062690986694353 1.1356232911995037 3.0070217957889525 -29.00251821310921 -2.494114139002586e-7 6.325597833797558e-8
0.22731574710977517 8.68712473186853 -6.843759090007034 -3.393049782164953 -18.643714636674186 -5.289223513939514 3.9014943731130214 8.10378446313655 0.06591786831326185 0.005044273962291322 13.491207378404983 -1.7501218819139213 18.2389638166378 -1.3112615871426874 -0.8052720235452455 0 0 0 8.736058613159896 -38.74450769674481 14.52186741784368 0.18102934190145026 65.3833876217977 -1.3097323552535938 -4.132051991969924 6.317515833158078 -6.825143097055004 0 0 0 -0.6332459066765083 14.333832975320451 3.614599439148431 -0.25575080110170745 0.02403573488152394 1.2376326855150495 0 0 0 0 0 -9.702288569073497 -13.478610580387826 -5.655199081836435 -55.3251096599407 -73.96622390133867 7.303180021489842 41.47640666116346 -29.147650721341087 -20.679061319762244 26.428290883728895 -1.9115199155220477 -1.4884991612759406 -5.801182300192315 6.845646615845477 1.5760015955951787 -45.12789717279745 0.7305586639986678 -0.24266990289400622 -15.50128200044189 1.676170721602927 -1.4104846370277575 -6.339513406122836 4.3906431218857 1.631313643112337 -47.085388995292504 -0.5159447140105672 0.034093101362361225 -17.681709882979597 9.08486015079221 0.014068679052450813 -13.041133403118877 -2.7038163909413777 1.8860174969156187 -63.81958173492226 -2.401545383813614 0.42897873441016543 -9.402904098686456 7.631703017418811 -0.9336335142200645 -11.045135966706304 -0.22510736720029687 1.7354233503156644 -57.64455167051786 -1.5892914875746316 0.5352166046613742 -16.119163063807438 30.51763394771547 -0.14786312750896094 -0.49361008594186284 5.103574988536976 0.8435118749409102 1.9208202813924256 2.9865442285569457 9.578075139684774 2.073992021232966 2.5352260107153657 -2.4972920007094066 1.7278284719515358 2.5352260107153657 -2.4972920007094066 1.7278284719515358 0 0 0 0 0 0 0 0 0 0 0 -2.793994416206388 -1.6528736588104462 -45.01533045292057 68.165933374826 -1.583914846904067 1.9931386850648503 0.2265120799618694 54.35619017129771 1.9774134077216694 -28.888147904404835 -6.542636664435878 -1.9652348029177524 36.13888739796984 -1.1780609327863765 -0.7344056779090367 95.10466147572896 -0.20232791871618666 -0.31225010021834304 22.658300834538966 -10.51478188578364 -1.142810390992834 31.418036034052232 -0.1579629782666496 0.19909874746949782 96.63070100885444 -0.1879288894908375 0.026664729311984166 22.04393414885828 -12.35808029655171 0.6569233108520647 32.46734958689553 2.1803209484186814 2.692277910887328 95.78430368061593 -0.2493726577213327 0.8332109003183206 20.95967337224622 -11.337601155172406 0.5824531327355318 36.13525270873129 1.6490868666233234 2.1045610138599296 96.50039773136366 -0.1906544774420798 0.662417708429411 21.355458637822323 -20.195580851053062 -2.137508941594804 13.752509012167886 -14.743079537181757 0.9702259675220312 2.2162432013806486 -32.04591989370925 -1.5402287683751847e-7 4.34477732122968e-8
0.2671352304884456 8.755906505414979 -6.670685561557149 -2.306230885506521 -16.388798607711554 -6.353781285045781 3.4296724283699955 6.0561172757745485 0.4533165604575594 0.0010365960319295296 15.832749191958676 -1.679857217888668 16.58973967522893 -0.12979552983430895 -1.5693794205122584 0 0 0 13.355308472904778 -35.50057922816839 8.987811362377954 0.1305886351646027 70.77530708443835 -1.465250646199458 -2.4433877475108896 2.1333112231472686 -6.91669972856668 0 0 0 0.06272204530396755 13.552244192834255 4.426830999699696 0.33159548917917875 0.029923370274084232 1.6152124457042543 0 0 0 0 0 -8.780116148701708 -15.163802777552325 -5.528066566761455 -49.102852734162084 -77.4555448212538 8.617294195987574 43.61762390503828 -26.595464334008852 -24.391211164864835 22.957965477393937 -0.9824243197840654 -1.411449266841871 -20.15795736012592 6.737285134011591 0.18581063282834062 -53.65999125356926 1.8900066392546995 -0.6072214273410287 -27.024185844142192 5.951896777583412 -1.9699296974839506 -24.154646577758065 2.0184830584398417 1.2220778552629858 -66.549003852119 -0.3524397027789605 0.0152876927690242 -33.94147274892433 13.970249562495953 -0.36541036730956566 -28.82978604100747 -2.568334543624236 2.1840235879866317 -81.91258928403921 -1.3138773262608123 0.8041516151711317 -23.072840416385706 11.168306211476917 -0.7273562424157655 -32.58298370147253 -1.0797309261164043 1.994401113324576 -78.82361014610699 -0.9829173008357388 0.8820706908953974 -32.157531985665685 36.873913926100066 -0.45915280208643 -6.429215778708999 8.900232054504079 1.4764452855768964 -3.9520030836355535 14.505059515078889 16.40944257274485 5.734077116702259 0.8012611223134141 -2.823552117738861 2.767616365180887 0.8012611223134141 -2.823552117738861 2.767616365180887 0 0 0 0 0 0 0 0 0 0 0 -1.8231916420578218 13.212820230216368 -46.71771653481775 59.197061447733134 -1.1290020289095881 1.8199194195824497 0.17333087362500216 63.196702380221716 2.3378266766570386 -27.58121958880556 -6.1662156736237055 -1.9728449254860316 39.25551184015019 0.725453388374714 -0.8768724646462407 82.09888454110435 -0.05740169957840499 -0.4143997543021224 32.61554640840966 -9.400960189518225 -1.020719360206445 33.80162010233475 -0.03640822205249767 0.14495212339715646 96.5358072644056 -0.08812418160619198 0.04753139193758258 30.378020070279963 -10.04716829873588 0.7027251422568278 28.56039436249638 4.428568425160639 2.6313804026185066 90.37614222919107 1.1297379898570377 2.1525922443159864 52.07181545360732 -10.43278279874813 0.597034651520336 34.403717311438506 1.724632326196598 2.039684938506593 95.00903659081813 0.2620564821686561 1.305280197316206 43.016145903854564 -17.603130585110062 -2.814823457479927 16.069902337364493 -12.185823022345426 1.0717936796415963 2.3044200427958152 -34.12940464515597 -7.661640716621211e-8 2.312424825601795e-8
0.28486951295338914 8.89941830517261 -6.444890824053987 -1.674394735253586 -13.370426587506692 -6.934587087521749 1.941499242379401 3.1705857787843152 0.2022408473994479 -0.00820995704051938 17.74321152082728 -1.1837743632335975 16.863103080754232 -0.26096218001091936 -2.3112051301111367 0 0 0 14.99565369174618 -28.36066719747995 5.8840115465364775 0.06968086210286831 71.164414273562 -1.816377662717505 -2.489178148570578 -4.042612414316016 -7.04553940865835 0 0 0 0.4026634880484134 11.56651184284968 4.793366496478239 0.5746921461433416 0.03283749026416238 2.0035751141053084 0 0 0 0 0 -7.243668751594481 -15.329635948390276 -4.837807679358193 -42.861052352741424 -77.4820440833656 10.772087796619276 47.015336617445094 -26.31926311611661 -25.90603473569741 21.89149568023105 -3.420407682960934 -0.7210367454191022 -24.8851434595058 6.400085107112538 -0.5005163850134998 -64.31569985532158 1.5149224704240831 -0.5578608860469385 -29.55820368940431 8.075543877108947 -1.7821021503631644 -35.33573904735138 0.8916025554497773 0.7536016220420167 -79.2965180699035 -0.18247042541597783 0.009518849157872808 -44.40508707362606 16.720780942310576 -0.014734130597189093 -47.59435090635803 -2.537367547429359 2.3452540922613294 -90.96025592088935 -0.7607998746802938 0.9835280935053442 -26.698383873440434 13.195422828248105 -0.1714127908656482 -51.173884810327046 -1.5281288527332337 2.002078432233212 -89.41470673006343 -0.6017164531751794 0.9444121465139378 -32.791718909268106 38.30569006427655 -0.4322295693753339 -9.252273348642989 14.146835555557004 2.7765692081601885 -10.551036046895184 16.573390420046714 16.668061297954484 5.667674351584586 -0.5381897726713202 -3.152217486205754 3.6145377817817814 -0.5381897726713202 -3.152217486205754 3.6145377817817814 0 0 0 0 0 0 0 0 0 0 0 -1.0271756660399798 29.70568608064932 -47.82334774419456 45.67523571592435 1.2581293676035148 2.1350953535424266 -0.5928807875194663 68.6033947046497 3.240003938748718 -27.90507663887325 -1.3199269793933972 -1.4879574726194975 32.58385372887059 -0.2359912531899924 -0.33135769580591906 51.01429227645941 0.33554312303717554 -0.23871676262750174 16.463801870073922 -8.90675567959477 -1.0268479787355351 26.620900445895572 3.041771358557281 -0.5071291175648366 67.60551180483128 6.188823987798541 -0.2823617501901315 18.020814781663915 -13.478954522828683 0.286897878865317 22.700332180344706 8.420423915418871 0.22046258859613196 49.16546716896097 3.49567109159806 0.8053775949758937 28.27956040281142 -11.612151669035844 0.2759353730410275 26.919555272359325 7.456924682240797 0.10616356531717383 62.25219161680527 12.526248333319392 0.38674281508438124 31.815332514303822 -13.813390584392067 -3.115459427295944 15.140207884244411 -11.01266234383535 0.4072872100850584 -1.6252970609704642 -20.39328448091319 -3.970083489482231e-8 6.947987698166693e-9
0.2942607253095344 9.13461242079007 -6.1762465352338625 -1.0679918259591832 -10.81314024860693 -7.47905639426776 0.7216250900313967 0.6894987854073469 0.1904843259721122 -0.008995107098760743 19.007101999952308 -0.7675672291856049 16.836132627557312 -0.9368748708001573 -2.851295550965503 0 0 0 16.122826826024077 -21.644280955556255 3.764001567362116 -0.031225655024623336 67.3872490709375 -2.616001617517162 -2.196093090688412 -9.704140376927112 -6.768861970914629 0 0 0 0.6405063940078725 9.633257253570687 4.848457730399899 0.7528955955255582 0.03647978935766631 2.217146908356592 0 0 0 0 0 -4.09389552624058 -9.18584770952489 -2.1054606445935176 -30.38104568675637 -55.00101900901995 14.947978611224995 68.07812327212531 -21.100130218457203 -20.298609539318328 28.274046886916004 -6.018512645238448 -0.21793702762646397 -15.14868110593574 2.3938181429645757 -1.2082179920301912 -38.12497390591135 0.25347653738467824 -0.40740372645200845 -14.908897783978073 3.9925846985310995 -1.4271558367632053 -20.153005042905217 -5.100903680145704 -0.8506540985230835 -50.17182848325513 -1.2477632736032078 -0.12466166951876148 -23.142516086610065 11.664107085521808 -0.9101666421691318 -26.85700379174466 -12.660090615069688 -0.5088574901613113 -59.654243100567165 -0.7699360926148304 0.6299462576474582 -16.26677561088659 8.382090807724884 -0.880400191896639 -29.353271873527444 -8.30965568091358 -1.2328773684706564 -47.247834159057874 -1.3665697065014257 0.4387002932885064 -17.109651146548092 44.64971094937542 -0.07903581918039967 -8.887224523288833 10.002800194978638 1.2480193910145125 -2.7023813920296096 9.670961975129483 10.102642606124633 2.4982036939603662 -1.5403442157123173 -3.5134461675284774 4.201197416698255 -1.5403442157123173 -3.5134461675284774 4.201197416698255 0 0 0 0 0 0 0 0 0 0 0 -1.0984394998490252 50.29906460729251 -50.59928940167438 25.978203779141342 0.862689100168838 3.1528893556235156 -0.7428706414036902 69.344489798362 4.884921910183786 -28.575522411072157 5.084328254436152 -0.8828048632213876 21.162465820834623 -2.8079123256221368 0.07652901738290961 29.8515501864723 -0.8987784952775635 -0.1017034844706529 8.27613249766995 -7.676333936280156 -1.028689010903305 13.77712661074734 0.033130953683804 0.3389975798867323 42.8109473735846 2.934581113979229 0.10139758623088012 9.183656212018747 -30.477309121175363 -1.1798300437683837 20.00093664848424 3.574317679133106 1.1242898034183169 26.048204329763433 1.7042981445244552 0.6474613917507851 15.21462561387382 -18.411099551398987 -0.2601158414535258 17.281736276945423 3.067957499657534 1.180679408581443 38.68844179748347 6.615187380018733 1.0202741533564033 16.6866685840413 -9.012103387824071 -3.605424553939286 14.645370706603178 1.41245604078103 1.3041080891144117 -1.9699886904682469 -1.3986906421031204 -8.847222998257903 -1.2639377771983753
0.2985433324806877 9.38918987216249 -5.957670095821296 -0.5031787839510349 -8.86188456209931 -7.945648561651692 -0.12381081305170687 -1.1960283306749293 -0.09057877456684706 -0.006362517682057507 19.707928022876864 -0.4826614622631767 17.02520897539857 -1.5516562436350145 -3.0374743291958417 0 0 0 15.264702988720204 -16.018608398466377 2.2461985866247534 -0.08202427340308133 61.01555215085146 -3.265494736204102 -3.615303882110631 -12.17662437772988 -5.187740889455092 0 0 0 0.7196064924093553 8.034615893277817 5.082159382890769 0.8037312020919217 0.03235959372337593 2.0605292145101837 0 0 0 0 0 -1.5808692329666756 -2.236754153661891 -0.39042373137136493 -21.938109739392925 -33.24775962661365 11.779610568403923 82.19289340224316 -8.479660060809985 -12.181666701854411 35.27879251222445 -9.17324012878426 0.3577701149613633 -3.0955091320070474 -2.1005190177936695 -1.1283639446684814 -19.039726560892344 -0.35681972367108294 -0.2117025818962811 -7.453206326003993 -3.028489004772227 -1.027789522245798 -5.404243610482956 -6.6255394135007695 -0.5003244920675162 -25.09310961038996 -1.1997487883013966 -0.023019847543472683 -11.571644747313412 10.550591930647576 -1.102802665973786 -10.039049445073578 -10.336480155592556 0.6110054058878726 -29.85660861777587 -0.2725220803065537 0.3437589732643839 -8.131840222507124 9.832041875244812 -0.7957315725231472 -10.778211870966093 -7.168942939025763 -0.19972259297896117 -23.641137261212307 -1.6417291546232007 0.24724462398335392 -8.556808638213571 47.58112553162008 0.07249103814684416 -10.960219384758465 0.30821636219106735 1.048798791836379 3.335067436418491 4.849138990601054 5.18939697991015 1.0376412438565779 -2.386409332878287 -3.9585661882766225 4.713477500302817 -2.386409332878287 -3.9585661882766225 4.713477500302817 0 0 0 0 0 0 0 0 0 0 0 -1.280950868332727 67.4196592188109 -46.681166717589505 5.243114074731384 -0.11428984133780057 4.676371107161102 -0.6054177290118098 67.85279690492312 7.099619120119599 -30.79699388082855 9.345184790346552 -0.02777716981818852 14.527401785877093 -4.902995198334934 -0.062150278003906406 19.39437282227208 -1.0764643070387798 -0.09564362359400227 4.784708134984351 -7.230705155925741 -0.9455436572092358 5.371986410299159 -2.5103542524447344 0.16618697977876654 37.21280121143786 1.802067237379538 0.11380528709292688 4.852042849384182 -43.6210177202864 -2.486617419518205 18.508075622778573 2.974861007199633 1.0420145376970584 22.786590356850702 -0.8032096258334106 0.4895241726553945 12.354842877640397 -23.50072308496176 -1.0467300725637336 11.348140179762053 0.5699907891924889 1.0912423728700424 33.27626773441976 3.9325677192385875 0.7477539979762176 9.518688104421415 -5.790167594883133 -3.7760966127982907 13.781040717676452 10.395879830984386 1.9996550122803967 -1.5868266237249935 14.328010404882498 -17.745850584157225 -6.547042055700513
0.30431659289216595 9.54369645080047 -5.824527162885543 0.07466883992274789 -7.691989720851235 -8.475991583557569 -0.8726768768698284 -2.241146709127296 -0.44857977764864887 -0.0030006022776576653 19.631320880787058 -0.22916499171850083 17.175176580402812 -2.5297666437556656 -2.7705942552490623 0 0 0 13.64433457274261 -11.909062516053453 0.30140290450560325 -0.09013384722488595 52.72751361263498 -3.746011424624692 -6.964348377769498 -11.212549264414605 -3.276760864979391 0 0 0 1.073337925192573 6.773778458046073 5.534601280488348 1.183102744476646 0.03551855343405651 1.7743067578220617 0 0 0 0 0 0.30868748159176207 2.8509721471629774 0.4186848507524199 -17.12577044472864 -25.26786353416523 6.0044186602112095 85.16949014881165 -9.160456865218581 -11.415668441334796 35.867118732733495 -8.958589992514675 0.6580429486234283 2.8674003376503987 -2.6148858117183353 -0.8075801222815124 -13.80743785450155 0.5651261820789054 -0.1641862062843414 -5.408149118336321 -2.640142450187274 -0.6343525314547451 1.1325451170572762 -5.781232932244268 -0.1682574563903618 -18.20693408935499 0.020334903799771667 0.020114812469859904 -8.39398842434671 11.229020614109418 -1.13808648614564 -4.388765111025151 -5.932128368175414 1.1939291917993373 -21.650313454622264 0.18926873328339539 0.25180411197827735 -5.896938979242985 8.800444186362226 -1.0092563974491684 -3.651658633442058 -5.001935996398052 0.17179659052148727 -17.153261112427153 -0.33278101503188917 0.20664007064268364 -6.204116223566309 34.41500192938245 -0.887892520794745 -9.082992694173686 -2.5258011605171253 1.2406731775171673 4.16395864682079 -2.238799857480701 3.818406471235671 0.5202723375621826 -3.111541371763351 -4.3781088009715186 5.147568659004121 -3.111541371763351 -4.3781088009715186 5.147568659004121 0 0 0 0 0 0 0 0 0 0 0 -5.113397395536413 71.72555515465157 -40.961814983409724 -6.200295340456983 -0.556840814553411 5.544100089934672 -0.6557101441664204 66.10402178138808 8.138169229174764 -34.34947790314369 11.686345062873578 0.6155802405252765 9.735884306527302 -5.65150173181677 -0.4672911851022787 24.145517297803508 -0.7176422276840728 -0.0810430096307954 3.6877838545039427 -7.398240498318003 -0.9099386558476649 0.29926801504011946 -3.2840134301941593 -0.023657483107992913 39.30713823161483 1.0954386724479397 0.08344189593472492 2.4257890563745454 -52.04210929055159 -3.3723080773765997 17.862713863313264 2.3891946646174294 1.2049318356898668 28.241427179896057 -2.1636019622157536 0.43129313986039247 13.456345112818887 -27.457839740199017 -1.7374776192866557 8.123119541493082 0.13713094408603319 1.1302007685475024 37.037816604161605 2.8296385950704583 0.5444497226980486 8.340948592297691 -4.426208170712239 -3.4444985430988657 12.060367071068592 18.085868046374653 2.5856572008133862 -1.6249459503494632 24.815491584460265 -22.68960920754132 -11.780287656782967
0.3127872986073275 9.615264717307063 -5.757701806866931 0.5601584364179304 -7.05885743755702 -8.823525642280533 -1.2827987758153825 -2.703963017748043 -0.8261038161150572 -0.0007827287703278355 19.085821342969197 -0.08696366621582091 16.262565046570828 -2.8060882379121987 -2.386940359684053 0 0 0 11.151740863981098 -8.973562593605612 -1.98628914424182 -0.032638752730067694 45.16106822912801 -3.634529716853484 -12.26322837743127 -8.607968275842447 -2.2518908143538092 0 0 0 1.182436904909322 5.780499521356996 5.81509289094247 1.3606499791805187 0.03546897452210123 1.5593091797927434 0 0 0 0 0 0.8705029830852214 6.42811394073851 1.1207393446758716 -19.3013801289044 -23.40528228228482 3.7567279051284097 82.19206647801376 -9.831436494250472 -10.64293061371825 36.444610420843865 -8.713887816996467 0.9343899514551041 8.83180785998758 -3.0978223456584653 -0.4412470417598814 -8.578577602174345 1.488179046660927 -0.14960464485215352 -3.3625951673156775 -2.2095514785040793 -0.2876865621856257 7.671502033309909 -4.903209028374225 0.06015280671965367 -11.31666150782881 1.2409336529306962 -0.004453366719664989 -5.216134147066424 11.900695660357423 -1.2399784698832919 1.2608471514050976 -1.4893198650077306 1.1411615333007332 -13.422851670896147 0.6471196227093949 0.14191446728633614 -3.6628646255635067 7.7502750663724065 -1.0931351060286918 3.4779116549083042 -2.8068012765470796 0.29586894143169895 -10.655898666428685 0.9733928934772954 0.11235226823885842 -3.8529723302238503 21.221456262701754 -1.3949317977265034 -7.035882585215013 -5.356995624727438 1.473267768065271 4.982419839079636 -9.304720124224694 2.3943197387944557 0.17682998931624058 -3.807543965026107 -4.767851849562856 5.480476504141069 -3.807543965026107 -4.767851849562856 5.480476504141069 0 0 0 0 0 0 0 0 0 0 0 -8.635183177764919 70.48969590118286 -37.149446508052556 -12.720601968728174 -0.7740393673901527 4.503273404792541 -0.716030914837054 64.63632191831438 6.414853322990202 -37.09437078960004 13.297751729629338 1.0572519382183743 7.568782667216359 -6.369144430624746 -0.6865725854175957 27.15171831472712 -0.24733646533691606 -0.05491481938094374 3.2921061410160397 -6.982612326591087 -0.8501609365614239 -2.2202103640412534 -3.994543918826335 -0.12878946175236952 40.13750380540851 0.9087534124058054 0.06513876108422767 1.2130122140042618 -56.128855186489005 -3.8457366793419085 17.30127734666568 1.689648239994961 1.2256572640623442 29.32254301001767 -2.339277728082408 0.38028091116217944 12.404506417086058 -28.432019881557533 -2.102081265165577 6.0695424524883705 -0.7761860127580072 1.1017146502944013 38.261463256600045 2.4110742214655954 0.42045082216705915 7.049139508612052 -3.702821295967179 -3.641021226686852 12.476041221835251 23.066024296818018 2.8659241863417715 -0.5152313915226571 29.596580099808182 -24.43988509947933 -14.185509776906724
0.3105739098895845 9.623586311375224 -5.720868597017458 0.9819074399768931 -6.726111859810091 -9.007217666118423 -1.50088424212794 -2.786736184820755 -1.0767561002746018 0.00030504736357085866 18.2023425080215 -0.0010592392454183118 15.681811108260371 -2.5248830039632604 -1.9683152921513278 0 0 0 9.766700485099063 -6.857933750322607 -3.3257232699062143 -0.015983544756371173 38.81141399741838 -3.6391242959256695 -16.368239890674566 -4.9517730837450324 -1.8574143597236277 0 0 0 1.0384883382535082 4.900913309125432 5.78017209742519 1.3158009362961205 0.03458454823564137 1.5391473761976693 0 0 0 0 0 1.9091548649005943 8.792431754676972 1.866008832228588 -22.794890475233508 -24.963030520117893 4.507370946036678 80.46870260242065 -9.864897070857182 -11.883155871352526 30.95978122703681 -6.536940396796319 0.4432192642683442 6.78380802469544 -2.1789551227831345 -0.39525172137800724 -8.33073868032374 1.6600191899875159 -0.14952369616252137 -2.855887399196627 -0.3152374183259618 -0.43194997723609124 7.4054350557467075 -3.9320727861627227 0.11143524689300649 -9.577107114720418 1.1147856276517962 -0.014125591738834724 -4.275199680232732 13.523108927953611 -1.3516206531404982 1.60745968334988 -1.0825214394850773 0.966464770896326 -10.997883117992325 0.22106700683415836 0.12227047076724049 -3.002879637292776 9.095068654528927 -1.1383636971142763 4.381764088652321 -2.31149808142311 0.28407678895496735 -9.007346819718594 0.6858603310693824 0.08987318673811788 -3.1582060927766626 21.484019063570912 -2.196746854594685 -12.87628506651841 -3.5129457613786768 1.3060167683236232 4.533187846560332 -8.697003841638136 1.9616810180575506 0.15533636979268467 -4.4226452001698435 -5.104378614176261 5.66593864521266 -4.4226452001698435 -5.104378614176261 5.66593864521266 0 0 0 0 0 0 0 0 0 0 0 -10.367473836759771 68.02058157686928 -35.72769304686145 -14.832865358992228 -0.7912687953513771 1.8860939510755836 -0.7267643876153479 64.15285636409338 2.9478567791621875 -37.947859549655156 13.479083545118861 1.2167133410720614 6.921039979265752 -6.584571881754101 -0.6291668219789929 19.21706818838774 -0.6080364336699946 -0.058083238289055816 1.8786316628247774 -6.53039664028759 -0.78593508085957 -3.1854913363433544 -4.313147680469278 -0.15946970172454908 30.101821268644596 0.2827127651749984 0.025704522341778214 0.6062955723091256 -57.14862907373 -4.105657714230727 15.406742697480004 0.3573566117365018 1.1341924060372757 27.97430728730344 -2.508307831138432 0.279664273271398 10.105396856701073 -28.516097392433466 -2.29843034805607 4.20039439474489 -1.772467669708837 0.8961269382226241 30.12695978976658 1.581073054722316 0.26042314977594866 3.735066815342343 -3.4453479369534135 -3.8284709576720397 13.018423303748381 26.195621366990895 2.869363010479711 1.2628194914709299 29.715541465847178 -24.168024353555456 -13.632769457460718
0.29617296777744606 9.607918239608955 -5.708612086054657 1.383916269085423 -6.647454795654522 -9.410242298036 -1.6730844686078614 -2.596987050193352 -1.0092167826809948 0.0006919802617371042 17.143722993165508 0.05494139470731348 14.61327435883109 -2.5871419315613884 -2.419286130742704 0 0 0 10.354732541691682 -5.410226294643899 -3.693400892069292 -0.03565781257843025 33.91702274682466 -4.195935418267042 -14.511139990420922 -5.0794829363854195 -2.4635106171196743 0 0 0 0.693971009668264 4.188436075951335 5.577382386717315 1.1000632245881186 0.035758770700027406 2.027025773177142 0 0 0 0 0 2.524960833831306 9.07194970627707 2.823891477918464 -33.52242273813944 -34.30866362752788 9.772185616732546 73.79137187226189 -9.776651639499802 -13.120820878594682 25.449314749129844 -4.343907711392724 0.03048990586301365 4.718701413644502 -1.2599023354111534 -0.35323710329180846 -8.082195428291989 1.8318532567665773 -0.15096242976486338 -2.3491817826292767 1.5797664164518035 -0.5673379635985644 7.134738223990264 -2.9598261930266117 0.13320803206619364 -7.836932719499969 0.9884957280817074 -0.021724929622469052 -3.334246137963269 15.144899754795707 -1.4730271378081492 1.9507888349170197 -0.6834991888644583 0.7747202575321175 -8.574333533894663 -0.20518336294064338 0.10753581540665101 -2.3427668061669906 10.439008486645504 -1.2047819652792937 5.28432404775307 -1.8167401071173264 0.2580410969216503 -7.358961544446517 0.39807651590408516 0.07088254067847354 -2.4633358598652566 21.827076628657625 -2.9676745065031045 -18.723913647521048 -1.6677513857772959 1.1533085782018275 4.07883256248367 -8.089265234855013 1.5292944465191558 0.12925856512149841 -4.927053165626911 -5.326650059632284 5.773299693188195 -4.927053165626911 -5.326650059632284 5.773299693188195 0 0 0 0 0 0 0 0 0 0 0 -10.713788060555 66.98412334979575 -37.79549643748968 -14.79327893606519 -0.6166358690121706 -1.1391397171797792 -0.7357221000116353 64.19879825935357 -0.6619934079494315 -37.618654650085354 12.240852124706397 1.1384837827366099 6.334962597668661 -6.430636645683227 -0.5788817208873978 13.247969393451381 -0.7065301587379046 -0.055502359329616245 0.9933379462610096 -6.44441386520523 -0.7673588882115986 -4.050331965455583 -4.243266772057903 -0.19690756434269824 22.721419480003696 0.19483389439010915 0.01667926549284268 0.9098188372570604 -56.91953220969815 -4.284286039110063 13.040064302783023 0.6957468505168624 0.5680874002051687 14.386771161885695 -0.9967457869724037 0.13967118359805636 6.011243832865451 -27.30969104227927 -2.3891488364403246 1.3620691900069413 -2.4158845079560547 0.6600684471531768 22.938041854451072 1.0965222353267852 0.15404656458522997 1.8728684449114794 -1.588721008819171 -5.444221424211341 17.43914500530777 25.705251101043338 2.4881646344959636 3.992555076650276 24.234961509820135 -20.893805793031902 -9.543082184165176
0.2827654272443121 9.563744189467453 -5.7542218983780105 1.6748599926531387 -6.575847688135528 -9.73211718248218 -1.8271269225561113 -2.36909860863881 -0.8652041435641967 0.000760950309178942 16.33594912671927 0.11164228722576898 14.239711880077813 -3.109105450114329 -2.503061137998982 0 0 0 10.469987720919049 -4.13648008963952 -4.354461035768787 -0.026217871062062473 30.09760805095039 -4.426243902615985 -14.391746174836236 -5.198070217565264 -2.1761953878528373 0 0 0 0.31661268788280184 3.5586265859868633 5.278134634431809 0.8400583390099527 0.031978740580998484 2.5193115466560867 0 0 0 0 0 2.8450677870989303 8.69988275187934 3.9519772915498157 -46.90907009790208 -48.314546368220846 11.729429543924681 57.91555518944098 -9.565688826415169 -14.344438538469392 19.907867942402536 -2.137397749303899 -0.30266101688344554 2.63928633366669 -0.3406795136700718 -0.31521476692811173 -7.833011134170579 2.0036680046334907 -0.15392072589944858 -1.8424827197026445 3.4754363458403197 -0.693699230862511 6.859705556786336 -1.9873663546257567 0.12544478192083475 -6.096638023043542 0.862098015229204 -0.027249294185050784 -2.3932783420465613 16.76602996197575 -1.6040970847181104 2.29056326636442 -0.2929585613414404 0.566281046828849 -6.152276480216203 -0.6315750600758482 0.0977132672404386 -1.6825629768623485 11.781775099282685 -1.2923373988175961 6.185104542924346 -1.3229368680522877 0.21778540166685614 -5.710865840701109 0.11008365333639218 0.055383608030963594 -1.7683794389106449 22.24731454009385 -3.699642036622451 -24.580524390769632 0.17850712645803604 1.0153103840023365 3.6198171864508715 -7.481434893389654 1.097208777361794 0.0985996682798642 -5.327652426989826 -5.459137297947321 5.77317180313879 -5.327652426989826 -5.459137297947321 5.77317180313879 0 0 0 0 0 0 0 0 0 0 0 -9.318596716248337 67.23402807526202 -43.491580716053384 -13.095986566322335 -0.16319276340916217 -4.007640532777231 -0.7114113915141972 64.03491033126795 -3.980792441557795 -36.135073099163314 9.151256109454188 0.8084421992223005 5.461424219757924 -6.359051032083592 -0.5396321960386806 9.634782567555346 -1.019053347250691 -0.07261441520775015 0.6437261319630977 -6.94830958985047 -0.8189055566699401 -4.682882797055055 -4.561886069074361 -0.21819434886301012 16.391330376188463 -0.5440724427870272 -0.02679747778821044 0.4550086130440002 -52.42839216762136 -4.017907999309092 12.59019979941644 -0.07931432024251636 0.34271516289116205 8.171041934179735 0.24761577228571388 0.124484804553817 3.8839537597778397 -25.719321498218974 -2.3049881381929462 0.3445949199640395 -2.290206827009827 0.41314910338023525 16.043202886659707 0.7033189068190073 0.08961222516694536 0.9847343432831291 -2.246195973378959 -7.171165354258727 23.3016634952323 24.185751354299075 2.1895329461027093 6.01127446297172 16.86021183655177 -15.565285414146256 -5.224995099502476
0.26462937345641635 9.384262405578186 -5.989610909660413 1.7445015116708253 -6.252711230130374 -9.972088186470552 -0.8335730671010523 -2.3885135036136247 -0.42178697060471243 0.0011704659900658378 16.568984961933634 -0.26035720004967394 12.442424233998697 -3.2934390280212824 -1.658460089924075 0 0 0 11.63167586773402 -2.641144246235026 -4.60219321675115 -0.027159923478238087 27.109484398247044 -4.917855351925126 -14.00744742010024 -5.734603907272853 -1.9445368082260823 0 0 0 -0.14657969903981827 2.9587340011469068 4.335107257818685 0.44511914677403014 0.015014465182350672 3.322163525200947 0 0 0 0 0 5.24918540125994 7.261022737309316 4.576498668288813 -60.28253850554198 -57.21532075191011 8.898727695099309 44.769628132004314 -9.231891418957625 -15.542449080284925 14.330425531318822 0.07982820138644844 -0.5553007783378824 0.5485100248312866 0.5786969092511388 -0.2811952144779734 -7.58324942427335 2.1754497713596175 -0.15839831839824056 -1.3357945396919897 5.3717435409584 -0.8108924007040993 6.580635801623185 -1.015591536644632 0.08815491851058875 -4.356727141641067 0.7356266652429824 -0.030697166115294047 -1.4523003833919512 18.386467465697464 -1.7447212842121302 2.62651560474947 0.08841275485230186 0.34152989049646637 -3.731767906301297 -1.0580514501191902 0.09280468230879765 -1.0223045195560678 13.123052334201816 -1.4009609139835768 7.083620889431378 -0.830497140747957 0.16334603622362875 -4.06318282479766 -0.17807596425248398 0.04337905249624152 -1.073354019315527 22.740630566423636 -4.384937175243625 -30.447474328996652 2.0257418415861124 0.89217369830075 3.156610603472283 -6.873444355446447 0.6654725555573198 0.0633620356766014 -5.615529397849899 -5.438142914123809 5.699503667272253 -5.615529397849899 -5.438142914123809 5.699503667272253 0 0 0 0 0 0 0 0 0 0 0 -5.894592188977464 65.8435812916802 -50.10157881443174 -7.99202782522357 0.8241203500902159 -6.293045074870249 -0.7125459402299068 62.26735277517295 -6.695404251662305 -33.25573703986483 7.047016337675816 0.5044647063610792 6.144087884613262 -7.355950400495202 -0.5599177246136339 7.418979660639238 -1.771151213949981 -0.12671306574298685 0.7908649168983387 -7.33659541598596 -0.8631406538865077 -4.717941693560991 -5.282587188788122 -0.25374523861454445 12.000266904116968 -1.0943038749052927 -0.061111901886335473 0.22799913757333484 -46.69516473049412 -3.991728846020725 8.451681432579322 -0.4742474937725348 0.18094229718045016 4.603424901111045 0.9278274255361505 0.10726309427850929 2.1918782063416207 -22.584058464023833 -2.059120080139791 -0.5968099317610909 -2.3433920162673068 0.23367563997716406 10.707805011900343 0.3738083919887515 0.048285187619353805 0.5236605345240506 -3.3422446398220576 -8.149790170033496 27.257038407028983 18.88366792523108 2.155577438898969 5.009624532531394 10.82934925673613 -10.441953379556114 -2.5461614072498566
0.24165768611805974 9.136749946079334 -6.2824159161198505 1.6772037968837228 -5.619175765628151 -10.301365879816833 2.1529206493806976 -2.849137974380042 1.005814802815845 0.011269141024081395 17.59390765688441 -1.3955237650014716 8.644871882014673 -4.054457773602113 -2.7751107813806803 0 0 0 13.693839680043347 -1.5324169574479372 -3.7701830577279525 -0.018592367121928053 26.377210052587262 -5.628805754871156 -13.268394072768865 -8.156630589208614 -3.656845953785708 0 0 0 -0.7125137742678379 2.6191823292634395 3.529775595804981 -0.15554962276480117 -0.022067716431418024 3.7415022714938426 0 0 0 0 0 6.508148004684662 5.568192042300242 4.342585474732698 -70.20697732819575 -62.552478977036515 3.0027329901755855 32.16399107228344 -8.7761396275188 -16.703289140735034 8.7124934241334 2.304884656663306 -0.7267128188129098 -1.5505594188504614 1.4982105309865759 -0.2511878148706877 -7.332974553383786 2.3471852961662214 -0.16439482139633838 -0.829122136257404 7.26865539623113 -0.9187860513649148 6.297832107924688 -0.045397776193361966 0.02138355687699777 -2.617700511910249 0.6091157906450452 -0.03206760309020752 -0.5113170252647663 20.006180736503328 -1.8947832659044925 2.958381731290645 0.4599460140791315 0.10087835097277677 -1.3128467154859476 -1.484556062027041 0.09281097889769913 -0.3620278311759661 14.462532421452883 -1.5305674499469404 7.979396539729825 -0.3398274728388543 0.09477206624023816 -2.416032555062786 -0.4663599373835872 0.03487094599087359 -0.37827710941004705 23.302142167364323 -5.016287391384757 -36.32566284496974 3.87385682358929 0.7840338686832504 2.689689073181474 -6.2652236276145015 0.23413457381676667 0.02354721203619583 -5.773450721140023 -5.299114959726378 5.589202176360291 -5.773450721140023 -5.299114959726378 5.589202176360291 0 0 0 0 0 0 0 0 0 0 0 0.3248648603966043 59.60395261856753 -54.69673410365283 2.461716901107299 2.1424012732999187 -7.01734837517986 -0.6395571428992914 59.225348341534875 -7.643931363506293 -30.69398247047775 3.5267154406638714 -0.10186757602232888 8.782953346355706 -8.614303234165078 -0.7270609196691896 10.367114060709111 -2.5079732984009135 -0.18056476726758264 1.0425360417376495 -10.259926566118523 -1.2906309121305888 -1.2295094683892762 -6.5130835888877465 -0.3366975537397868 10.861970516475486 -1.5331781458846314 -0.08876609443771538 0.1659092830752055 -42.092202354987585 -3.1526864907742667 12.097289704957076 -1.5445349327162505 0.09217244208969921 3.9657543125639116 0.3874201926727639 0.0840426597386771 1.9035857555098552 -21.04025501036906 -1.675061179103933 3.254064407024075 -2.0907915789546907 0.07942016443101349 5.982878611456503 -0.4305201691293301 0.0008759828084523366 0.5255137550839246 -3.2669692443561935 -7.729347985288974 25.842994744975563 14.268795216201212 2.2065052202299196 0.8416467161539655 9.854691190138825 -9.568465276435228 -1.9414379732041072
0.21263124948613588 8.953501661583807 -6.5541771276922 1.3972820584606755 -5.044276879276122 -10.434375479453191 3.757612077214509 -3.2867805715286402 1.930059844695671 0.010182847910513711 18.406886742398672 -2.0005681918284544 5.043590001878404 -4.299950185966441 -2.656705278998198 0 0 0 13.852150608109449 -0.7737382214601057 -3.023590681633743 -0.010899633476053924 28.092110040517877 -5.539545641206164 -11.626375661970792 -8.543427103928675 -4.728862887830739 0 0 0 -0.9805747167810951 2.358461569801164 3.03732675188189 -0.47343710664482314 -0.03542586894987595 3.658115768898079 0 0 0 0 0 7.179373587297938 2.992266938335937 2.720500141824631 -77.66972304148132 -64.58790616039876 -1.654304545245605 20.387141714218103 -14.745435248691392 -14.12434172995275 12.191700508563235 0.5608180460312925 -0.43034843929514915 -1.3334776418534442 3.500754000111258 -0.6818857809555763 -17.42684323140522 3.479900315954028 -0.37836449417358353 -6.463445823431081 8.685054635246718 -1.0436615264127564 6.867838655217046 2.3952469130145366 -0.19697888154389565 -5.79367849949033 1.4244378719828594 -0.08039568848198311 -0.25657186096773077 24.869101172484683 -2.3882738118838005 3.572784166235181 2.6536588946265867 -0.07099537228839285 -0.6558440404537178 -0.6738747681274222 0.04390770862435972 -0.18058672224388025 17.037467406758978 -1.7945317848014084 8.592409323372788 1.0896543986411362 0.061463229942762175 -4.543070443548026 0.3661169699685173 -0.01169974894120284 -0.18863071647526708 20.133966633477666 -5.592119207846986 -34.66859563096164 -1.92614019585382 1.27800266858982 2.4300247014345433 -4.704457353880882 0.11690691963431975 0.01336817944360476 -5.780208554098423 -5.123053685136398 5.4001396652764795 -5.780208554098423 -5.123053685136398 5.4001396652764795 0 0 0 0 0 0 0 0 0 0 0 4.255190231791496 43.017874838861694 -56.179888201316956 23.087762710951758 1.4565400163000088 -6.417569541844352 -0.1297636592879706 56.092673214850336 -7.182781456994617 -28.133111362207632 3.5226765298429656 -0.22327679437649225 15.396162292822765 -9.551485971441613 -0.9116460987001475 16.5345654778231 -4.773808240080129 -0.3495546549386818 1.673421389002379 -7.026224913752741 -0.5275555776913198 10.116960300228735 -9.372960551030296 -0.5405742170286405 11.692392239017117 -4.150091460349334 -0.24367837873569756 0.11590863670289664 -32.59741189128887 -1.4593424288268722 17.932343935422725 -5.695256656726131 -0.14947041516954138 3.363701858038717 -2.1163423178606204 -0.03776127718923779 2.4120057743471937 -15.265101008881855 -0.23304603005172553 12.519862849511256 -7.307574171213333 -0.154809987740289 3.7402227643120476 -5.143365547391723 -0.24569519724251224 0.6985867064991589 -4.455068562853559 -5.891298097949045 20.569010630428764 9.333258064257151 1.9243769812854858 -3.1700718209419145 5.802297303183081 -5.736401991452737 -0.8611614199388836
0.20491039356088395 8.889792202862646 -6.732207348906848 1.0028027829724568 -4.609760508443309 -10.449972861084184 3.889439115013716 -3.532482874738313 2.6828731160136767 0.005244973513203112 18.819905250037746 -2.0391833959633714 2.239943974057929 -4.41200339521886 -2.130349979330372 0 0 0 14.155349295887142 -0.339388961920597 -2.241215959948892 -0.009151841666277366 31.169485657833 -5.4264848333448805 -10.326463403866773 -10.846424035617854 -4.36959541931045 0 0 0 -1.1014879093698038 2.1683530101739916 2.8061516282992116 -0.6370356197340522 -0.040742805539345305 3.497258217702214 0 0 0 0 0 7.561053442403995 -0.3339890031735477 -0.3174573709923936 -79.71695245836176 -65.24327831725718 -7.214576453480021 6.438708051379518 -21.730239689533253 -10.97907019438851 14.983142534206635 -1.123962018608009 -0.24864626663049355 -7.629207300111878 4.011616472310695 -0.9106126884830127 -34.900818630131106 2.792190768123187 -0.43267434475308625 -22.881720184070936 7.955022431331528 -0.9080380232496615 1.0325960786289072 5.646632371914008 -0.5440353036186084 -12.450043510934492 6.815262576936124 -1.1223239319621303 -15.583678560011814 33.41837902685702 -3.1927766916518956 4.67534528781761 3.252170537477904 -0.14025614035299558 -0.328970293886798 -1.2889180307723132 0.07410072295231661 -0.09207106165415041 18.83629547622143 -1.8948825713909208 5.407502331363052 3.8535022749370382 -0.07836119729123588 -2.8770076158926283 1.973503478223383 -0.09500156491312907 -0.1338439469256829 15.64116408246198 -7.956067593463242 -40.18595845899852 -4.641782519303584 1.7199729486679034 -3.160791172882223 -6.850267251848036 0.0585786340339172 0.005589376813767969 -5.6317918466741395 -4.907571934685078 5.14052340857449 -5.6317918466741395 -4.907571934685078 5.14052340857449 0 0 0 0 0 0 0 0 0 0 0 6.980035199025623 29.74050578940434 -52.06698271915745 39.195067858520375 -0.6481963689473103 -4.535363651109078 0.1252694612313948 52.82678910448727 -5.062467221875861 -27.71673413501099 -0.6274492417021225 -2.0603748709146124 26.223550745285365 -5.755248234857223 0.21354357067792384 27.942337268810995 -3.068633018204622 -0.07016745801727657 8.385168445397412 -8.772651160349055 -1.2029117881993334 19.787757128592325 -6.911703264038122 0.7597746770379159 30.77136084525603 -2.968941611084176 0.08727691800820889 9.398708659682432 -27.25497560715545 0.1765576812606965 25.20537356320103 -4.02173044280756 2.0166373948587237 30.40252974122934 -1.5139127265876409 0.5064956460977655 11.709468313993632 -14.392381369250339 0.21354010219839636 21.14420628304465 -5.2472244878438135 1.8808092253395507 28.6459999896645 -3.705141018905563 0.5078082144149165 11.22414683096282 -8.542770584249258 -4.0996090229598225 16.50198178747165 4.3448241561912475 1.6535949771693417 0.8842965263001276 -1.5516911118953969 -4.152379658123119 -0.35276158426983045
0.20532419795639437 8.902434822799908 -6.849082102318189 -0.217184869983012 -4.177838125138049 -10.262583614569204 3.6960986569330054 -3.819872240563545 2.950456017976266 0.0024570340749650098 19.016916171927473 -1.9473959766329705 1.7159592326074469 -4.589211020291046 -1.549337497281899 0 0 0 13.784586159020167 -0.3435517960264441 -0.8293798897877965 -0.01834437463773322 34.555016881283215 -5.053301516724023 -9.680267609509299 -13.351672990942959 -2.5537711871591346 0 0 0 -2.0003680592917745 2.1848628170162803 2.727383061656177 -1.6173519739276574 -0.08443789733312428 3.216009024235544 0 0 0 0 0 7.7932105474085285 -4.212897960101036 -4.187450323507258 -82.01200329380129 -71.90968013671426 -9.714033020706639 -1.0238416357148916 -23.67708629747623 -8.950708955965347 13.006740274606827 1.9461442950530805 -0.8939132599623654 -10.13553195694596 3.0929586525914528 -0.529869509511585 -54.69028963919138 1.9687562524160365 -0.393727645934138 -25.655427939970888 7.7039063386426205 -0.8593422127073373 -4.280689549911381 4.114033121236567 0.5847735964405405 -39.05179089430767 4.788663800281343 -0.5278814662427056 -21.516457622979647 25.806730615053475 -0.3566325995544433 -4.829376971194456 2.1422490383529262 1.7297486040280292 -30.579753665875504 -0.9061217763115005 0.375676383012022 -9.965407950181376 14.947269135851393 -0.6800675415550734 -1.0715696776421677 2.5884798665140867 1.5888171430741336 -32.363979095172766 1.3793142595515768 0.3888804731378258 -10.5848446276616 15.352822742169362 -6.223572288349155 -31.51670579680125 -3.3579545895537555 1.5929544173547692 -1.4899036674004065 -5.627344710887667 0.04073120622101638 0.004325540147625929 -5.2145147433362515 -4.5615840833034165 4.810939813837649 -5.2145147433362515 -4.5615840833034165 4.810939813837649 0 0 0 0 0 0 0 0 0 0 0 9.139705264266986 23.59531734327145 -48.011840817509984 48.39344040277296 -1.3769007656292311 -2.622146743506177 0.20696086529781135 49.58487289663126 -2.9220759236729066 -27.42303306227686 -5.053436873393814 -3.080534079901474 37.166793718000434 -1.8113099990280723 0.5636647971031528 39.40000523385392 -1.3424990630592193 0.007920370596352274 15.102223697813892 -10.608109868988263 -1.5750157546756347 29.476676578551597 -4.160074170692055 1.1830498817913409 49.89227813126364 -1.7498651341299112 0.22331079883823088 18.68642546389676 -21.747432556066222 1.1166574218845353 32.60046109109619 -1.54322503753681 3.1834719528852875 57.52653986102359 -0.831393703960447 0.946237869783247 21.013117718005187 -13.462525969873552 0.52415565447692 29.774687210269036 -2.5184375650378583 2.857542269406199 53.63356245316148 -2.1532736555387393 0.985666044939112 21.7666443698686 -12.740379179643988 -2.6053887288757074 12.324420021406809 -0.6500174284157526 1.7365875781527305 4.946651623100143 -8.87933562721474 -2.516628203144769 -0.052281661347834615
0.20715454110712417 8.975593371028777 -6.736659307683284 -2.2298139136710184 -3.7854311715533844 -9.663488542160549 4.033109305182073 -4.069135578228081 2.752561835536251 0.001254500552605763 19.04863287814166 -2.0357266816115733 2.083335359338205 -5.03072980656077 -1.1616118890431097 0 0 0 13.55901034325553 -0.5287638788199835 1.6318878667611025 -0.021520088498496823 37.74779059672231 -4.71634120822524 -12.417059715203003 -15.07231094961047 -1.5360427049931304 0 0 0 -2.7936067885291975 2.134545141433929 2.426312994171403 -2.4865370423315647 -0.13147227893271363 3.1422784350548296 0 0 0 0 0 7.956697867293037 -8.364965894136859 -8.62245550084742 -83.8780993517425 -85.5301593110142 -9.927146718418667 -3.5501149652185053 -25.683760120696146 -6.990700893573481 10.971690022297118 5.042140079275935 -1.4034340763251596 -12.67331870685897 2.0996771089461097 -0.48264379011912345 -74.48253167129619 1.144403754845472 -0.3946752770686353 -28.429399895305362 7.449361265549238 -0.8341069772496245 -9.594086158283881 2.237992887318341 0.9073769060407642 -65.67742778074631 2.711595440980115 -0.14640192911617575 -27.466199826753243 17.830917944120202 1.162144911560985 -14.626407010903142 0.23946607089270336 2.78503708816088 -60.890097665374284 -0.5806884950871362 0.7384185320507363 -19.83708316726706 10.946489499454872 0.0857728472729053 -7.6173044041638684 0.665257330584605 2.416568621152832 -61.901493218655624 0.7071604911028974 0.7569218626850469 -21.04104255284298 15.330471963715805 -4.467750070437402 -22.880964051368096 -2.078462765051427 1.42860738252772 0.1776065299679362 -4.4044219186297235 0.022914816701278744 0.0026810843198954186 -4.138155864467985 -3.750357895876138 4.0898431559968715 -4.138155864467985 -3.750357895876138 4.0898431559968715 0 0 0 0 0 0 0 0 0 0 0 12.471614633281721 8.310510011520774 -5.121805177518236 65.64343893225059 54.78381512670758 9.622810174094026 -29.624959410039914 35.631698917367 -5.803573586301013 -20.674489902423428 -6.755871725738542 -3.0284558843363714 49.03048102429674 1.8894433238415338 0.42583040985482085 49.03343704589096 0.09063860026727837 -0.05395762529965535 20.63119251175332 -10.224801863186629 -1.2861640130432996 44.75529051029714 -1.2657979496237384 1.0037808358000255 63.01139666487012 -0.7162969983239698 0.20423776294305448 25.46491427883844 -14.810229356516594 2.310712637954144 43.67530549317207 0.5110066405466002 3.2179920046973356 77.42727793278256 -0.2754385120821734 1.1937711026359608 27.85500687299176 -8.15773002004001 1.9611748606120787 43.62551862497313 -0.29627501788911476 2.785243304641501 73.14530778564445 -0.9657987033178046 1.0679093996411664 27.55966388882845 -17.070516429119447 -2.2051573935691624 12.338336493008661 -6.050071364830126 2.081615478900875 8.117212264205241 -12.52060631855239 -1.259144162909089 0.013861663826236893
0.18802496950208844 9.150959351766426 -5.646686297198404 -4.228581215311294 -3.5208118857104416 -8.981211631879805 4.380525290935466 -4.239970878750054 2.37436967269181 0.0006959855469125647 19.129105184483898 -2.1279707785476374 4.831480333543529 -5.928691498268262 -0.7816006167053617 0 0 0 13.554966858070326 -0.7221525026175041 3.905470175315231 -0.015687355636307562 39.89763170433207 -4.525087327906871 -9.473552010418457 -17.510534556149835 -0.8911656797003583 0 0 0 -3.237273683637215 2.0549435028110263 2.1710213627347574 -2.9808422172485116 -0.14849073327904588 2.9496253865092283 0 0 0 0 0 8.055029894212444 -11.940285685420706 -12.736702653480535 -85.70104209050818 -96.02935300308519 -3.4229000632471083 0.8438562267546498 -24.48034356962566 -4.453481702329192 13.777682304163887 6.003106585851351 -1.650885787516332 -18.53865556935215 1.4745819872917887 -0.6333344508063643 -87.24270272467322 0.6193189114220778 -0.42475462542426207 -31.19260066438102 4.868396968327588 -0.36555908703230305 -17.688181003897263 1.0317903354200706 0.6479480738262297 -82.84365163225489 1.355865141506342 -0.019503161989514926 -30.996982383354112 18.158941094008195 0.4964071770309495 -20.98271437930135 -1.1702157010955792 2.8857896241062853 -80.45232947015123 -0.44115271327628297 1.0808405807646195 -28.50007294168186 9.16951102385957 0.577920963137339 -18.44332154341042 -0.6937166198615926 2.3928815829581604 -80.95786188500853 0.24771451690574933 0.9144829084008121 -27.400745066484863 21.772916242468042 -2.5838186497477644 -17.99614062824151 -0.8948242610827905 1.263024223268138 1.460852124741164 2.4564664201055644 4.645761983684929 0.47947021529655176 -3.488199327201319 -3.372517187155275 3.7522623893017855 -3.488199327201319 -3.372517187155275 3.7522623893017855 0 0 0 0 0 0 0 0 0 0 0 13.228059319020009 4.295918267192883 -1.0474090427084557 66.79371683456473 53.56875265190219 10.390017099935845 -32.79809998308118 34.154347353053474 -6.227986290594996 -20.52172571170646 -5.533481488511399 -2.5441399233845066 54.88382195616739 1.8158663223573646 0.16756125435311686 50.91037978277084 -0.0176902823017769 -0.13430233273869382 21.678854032987424 -8.27228429116046 -0.6408944968702748 52.04506307979596 -0.7567755096455631 0.7940287705644096 64.21394499041122 -0.7199684308323937 0.15066747662870858 25.753140738310297 -11.561372381120506 3.093115613938995 50.36156922998103 1.713138058495999 3.0016269024626774 75.7840731750173 -1.0017016174104167 1.222792519736222 35.044099955493145 -6.58007612274488 2.4185255045099336 51.65069714877685 0.038588317329879905 2.5631815502822715 74.19010801821251 -0.8836475294346637 1.0430011297321937 28.80375289929492 -22.984881418832472 -1.9578062478914018 13.72504614917931 -4.91916969605248 1.9336525120092198 7.103955727843348 -13.459784811977727 -0.9380181200110633 0.01801612628211137
0.1670938295319094 9.331566282962307 -4.819959043558142 -5.929118200274598 -3.31973463745848 -8.2855719787589 4.177526168605265 -4.303923744570682 2.0030823208081108 0.000013374194853914672 19.43665231195622 -2.010392801738391 5.778835939972491 -6.89543746979518 -0.5357377134378434 0 0 0 12.55770880049719 -0.7781508749539431 6.101293178007647 -0.009881336514302612 40.36991336337257 -4.154823802936461 -6.48557151884438 -17.301761653735607 -0.8006216698516428 0 0 0 -3.404967165678704 1.9226565117175107 1.8997467615997532 -3.180356893744031 -0.13680249579694867 2.5469281146259686 0 0 0 0 0 8.119069690359229 -14.363859291682486 -15.556798595000588 -86.541621993123 -100.57135800054796 6.9319400365158295 6.239588316941836 -22.041890193466543 -0.5662986567704182 18.183093514783067 3.977848846641182 -1.3504672044516897 -22.51608811794368 -0.5859588961852615 -0.8105572609981148 -76.83197343815085 1.0558128140999234 -0.5122515885996307 -33.106897157352975 4.058849835277726 -0.3444207931769429 -21.93577081231305 0.4712079429047527 0.3864115967315535 -91.42338910566235 0.6748109204296654 0.045602062962951384 -37.8031431714061 15.73948052906897 0.38780658798699646 -22.166108263256838 -1.8673603218275723 2.755751507851254 -90.2325142898489 -0.4637339094111286 1.3825070224133242 -36.45454198270048 6.316338577108365 0.9600890621990804 -23.38072693746285 -1.351461042496668 2.213203787350234 -90.48363295848802 -0.04171963501205259 1.079071354217965 -34.1570558908056 29.281150184689068 -1.0708522296267808 -12.472646536948153 1.1804492369028168 0.9892425002652488 2.8583493962577697 5.692160180299188 6.708629076746703 0.8667346413273661 -2.2524313491980585 -2.610686973096014 3.237332676634536 -2.2524313491980585 -2.610686973096014 3.237332676634536 0 0 0 0 0 0 0 0 0 0 0 13.956385452305474 0.5135380554428123 0.5614371409265642 66.02071675432941 57.75876330628444 9.997559613421565 -30.21511152441432 32.67463442759675 -6.648337986352813 -20.35787028630278 -4.2684104614404195 -2.186947541705666 60.744368218458185 1.7338697219268497 -0.08815928743559065 52.787645830740566 -0.12747054853432566 -0.21265275843849293 22.726669150310396 -6.253827567653873 -0.2488808164700894 59.352000186452706 -0.25229010619966286 0.5736499582529282 65.41452675641742 -0.723909193282384 0.09711634519680946 26.04137049463028 -8.241497519625055 3.4911601126729583 57.08533801057237 2.920774263000948 2.8198138197493097 74.1369756754092 -1.7186435004719978 1.342449977217004 42.23246196273345 -4.95354881455171 2.651125898462266 59.687527524845386 0.3692872939208548 2.3350617800291262 75.23341630037714 -0.8020572965617359 1.0163154335371354 30.04779280790032 -28.89053430861991 -1.5690736014612245 15.078647521747783 -3.785916349622304 1.8057257993707725 6.088054761028459 -14.398870594053818 -0.6168671119200971 0.01690584824265773
0.14469759501461368 9.526221237859883 -4.356814683814753 -7.2601685138743575 -3.2242919218459876 -7.415519516781086 3.9082472322415542 -4.298982699075234 1.365711713016841 -0.0005887744600388235 19.868950693117252 -1.8621477626931073 6.55474714510641 -6.671123996001309 -0.039836145955123164 0 0 0 11.628406729506171 -0.6727461891535309 7.803076801101655 0.00011211318102060904 37.791926722724675 -3.977212664324774 -4.232008650376902 -16.700021352252367 -0.7932459640380144 0 0 0 -4.076092656625031 1.7671207356862304 1.4825391617613966 -3.868776344212706 -0.12438724734444094 2.0162503928515143 0 0 0 0 0 8.063996793310018 -21.681060251010223 -22.33441708194394 -83.65549242899134 -90.03470339935754 22.336630493991187 20.58754452235951 -20.560312022869752 1.7252083067247392 22.323598339535717 1.5945444822815105 -1.0574210141889444 -29.641942694990327 0.09832819906496014 -0.9125343492807899 -84.7219705603946 0.5952148904762803 -0.5167235150824645 -36.13855742137367 -0.002727624614399482 0.39131722628343973 -30.89318757457055 0.20715897785391701 0.224945921283301 -95.71210540914473 0.3330839310646699 0.044207763458980635 -40.215446862465924 18.310331339989762 0.055150164196124604 -29.316078059899674 -2.205041363697205 2.6467208421595334 -95.12132038969433 -0.5335400236339087 1.5885802365428445 -42.214376011630314 8.395822693466563 0.7237476388507403 -32.586096857926655 -1.666837177151789 2.0830868622150724 -95.24508193349601 -0.22365107808855839 1.1942691742645422 -39.24766553625305 32.471097457951906 -1.0444486229446996 -14.843453391141836 3.8837540974646148 0.27119135238096875 7.160460247837528 4.5661917261785 5.077539803440141 0.5206210854607296 -0.8188287713536974 -1.605308637782399 2.8297721419388955 -0.8188287713536974 -1.605308637782399 2.8297721419388955 0 0 0 0 0 0 0 0 0 0 0 14.506550630327995 -3.6922074986432576 3.480075554551715 66.14877102546201 63.71093680253313 15.010854376445408 -34.33782404451991 26.492252582577688 -6.480926042556651 -17.87677668360278 -3.4922107103567974 -2.0519117267260008 66.4234816352709 1.213077155712474 -0.3831648090989667 55.90094596251176 -0.3550619169270326 -0.3010123304146949 24.136901507890293 -4.194873555267109 -0.08579887405807543 67.22975023653314 0.05662822887074915 0.34656492458807 68.68829534268421 -0.7396550676713467 0.0449956967216137 26.347972645345706 -5.311747069208788 3.4867819574898298 64.2397010085388 3.727885648929865 2.7543069607400055 77.61558031695853 -1.2737920635025979 1.7599553548254905 52.47293641100486 -4.059075917445595 2.553539238358763 68.21718817560254 0.8596311018393535 2.1558091890094118 79.69314236436259 -0.44765531822212684 1.0865754436457487 33.93778821359776 -35.51961412617272 -0.9904186422486688 16.418959085181655 -2.5896146718572126 1.7020282307775176 5.097969577758434 -14.643243653903701 -0.3084155330824094 0.00911061789153764
0.11531278450595199 9.671418874392401 -4.1484004813239235 -8.425769762665475 -3.302353313759946 -6.08766471143609 3.3623289112805854 -4.156504404637617 0.29310304797117775 -0.00038226449826891614 19.903400515960424 -1.5874222399586204 8.709204437225138 -6.567852926122111 0.7761060519925643 0 0 0 11.546895862041143 -0.44097558705640544 8.772136733705999 -0.013492059199713977 31.80300489382206 -4.2044336529882065 -2.7299211213454693 -14.025657351496456 -0.8907611132598595 0 0 0 -5.496559213990912 1.4403507706551348 0.22794387927918142 -5.293711098131341 -0.14672465661033035 1.7534341644177684 0 0 0 0 0 7.850373214420331 -26.53129577289329 -24.944348263952055 -78.39264188896021 -76.23235464285348 29.523616403103258 34.46208036324805 -20.290960219253204 2.0910570036680785 27.759669463212514 3.380616342966558 -2.038723620921502 -49.14854226759884 1.127154858737517 -0.9148088780237782 -81.07062523487868 0.871095651174042 -0.57631055762625 -38.242961762246836 -0.5548626170957425 0.3589818835932126 -52.87379429937979 0.3472983675606751 0.12759400223270057 -88.45064554252542 0.527145853406237 0.011156785576970354 -42.71594013123799 18.28423975783918 0.7976170470803565 -51.982165240052844 -4.237333277596575 2.679837353661118 -94.396469599644 -0.4818139851139529 1.5707069499150157 -41.34940407370974 6.808762311655886 1.7360641880367524 -54.16505623506873 -1.709140399742186 2.008878422110489 -94.15716143880213 -0.347909235981786 1.2837551252684525 -43.31013821683593 37.710839558813454 -0.9879676264416869 -21.68981809019082 10.284917325792748 0.65743785004168 0.5559466745346844 -6.6036548653729445 2.564124206074906 0.011889426193431262 0.4770682352715364 -0.5794285374822198 2.6388601056053136 0.4770682352715364 -0.5794285374822198 2.6388601056053136 0 0 0 0 0 0 0 0 0 0 0 14.901482419641104 -6.366863081885816 4.485327396384989 64.75858623765514 68.99357177201264 18.62346729484471 -36.99895840255693 21.712704242032174 -7.281997302173786 -14.273750559280527 -3.580170967537203 -2.076424533256521 67.89120425826201 0.9854412813455139 -0.5280547896514796 58.64657368887471 -0.35463925331880614 -0.3761708886794887 28.169501060315305 -3.5204270974107206 -0.17655833493424797 69.31863487847293 0.2719444339542664 0.2353270121228251 72.11178707390384 -0.6184951251826025 0.02844806589718496 27.195574218928762 -4.14692958654188 3.218415931524303 64.76265146232998 4.833294276006453 2.7331338616104155 78.2510832123575 -1.0568912964092032 1.8905541388246672 55.7176888768333 -2.804479863792264 2.519516747209214 70.07051144953341 1.171123882434963 2.053556296343608 81.4135869933667 -0.21884194098316379 1.083741687569988 34.73817230801404 -38.877888677827514 -0.6757785762309543 17.882133265716618 -1.4820434400744937 1.7811336095642079 5.84374896022408 -12.52229507084574 -0.15429209209842748 0.0017007773770575472
0.07868441785859578 9.732883044381413 -4.123731945572521 -10.74329452324431 -3.478793384363253 -3.958610749159356 0.9396554865616574 -4.082864833722184 -1.8621512224211185 -0.0022249165418798127 20.1155419779084 -0.556638069849724 8.505475256549106 -5.262174621690766 3.4285085913484363 0 0 0 11.138027767076597 0.052047726165591036 8.995496516154557 -0.003315324591426712 24.255499011249064 -4.157969513460442 -4.880304264714242 -7.499792911066509 0.03687253501129693 0 0 0 -6.719137922440472 1.007705704306491 -1.263530021745691 -6.56410557115529 -0.14032940502364355 1.3926230720615023 0 0 0 0 0 7.456717405561941 -28.791059045235514 -24.026841767904052 -71.60573745210353 -63.9005243050073 30.307397225702417 45.106483524445146 -20.645993144895574 1.05012343040446 34.550961109948 6.131489974383477 -2.4300342149067213 -52.35912281590707 1.0091179936726589 -0.9073091292591451 -90.30386257728767 0.48738439053434574 -0.5410464282511261 -36.6978529593515 0.17459090554182008 0.098515628881352 -56.90463182536492 0.14950870108616068 0.09576079752029924 -94.22539847155328 0.2599926074901872 0.015013312921394002 -41.06206902621941 21.17497202964861 0.5741811388302764 -56.73698874381243 -3.3868084771596334 2.5737285664657854 -97.20215755706475 -0.3556300841419206 1.412702346761939 -36.48124873163198 6.848876627966411 1.7562810110805642 -60.42447495833669 -1.8407595126278162 1.9714007657453203 -97.08132636885335 -0.32505179406149987 1.2159180851763796 -40.915609008056244 40.14910743523905 -0.6111939938685067 -21.191579531551426 11.060618119686744 0.9258151199674419 -1.273095041586843 -1.9611389662680274 2.6222501584010875 0.06631873163330583 1.7749199455507108 0.34511487035613847 2.4725712573506295 1.7749199455507108 0.34511487035613847 2.4725712573506295 0 0 0 0 0 0 0 0 0 0 0 15.093883130520664 -7.308965660782303 4.166224630453941 62.67943173369115 67.05586385484627 28.999577447093596 -42.49215987182543 22.370060735768465 0.48520610958528104 -32.08032773600257 -3.444610243092305 -2.0430236047097816 66.19114054352656 0.5797305385915528 -0.3036777954886656 38.18776982211333 -0.46178436971741055 -0.2109044448516834 15.308945116158949 -3.2247340988902335 -0.22836955371359996 73.31645799598097 0.16336492646296008 0.16063385331374183 70.68048517291427 -0.5688706184108531 0.01290838229222877 24.287255674006573 -3.73526136793441 3.1413289012235306 68.65727061919844 6.7336128179293775 2.7460972224692495 76.7197250856808 0.6895439836901074 2.571868666776993 77.85557620177751 -2.269646814889165 2.537644430647085 75.44047497357556 1.7988150593585375 1.981356352666153 78.53985846411844 -0.6117969004775485 1.2512403778189924 45.16381349755598 -41.6173216467281 -0.40615681197719294 19.32511232294717 -0.7366954348579333 1.7402560109476621 5.323610856492313 -11.069542030808973 -0.07715682839211857 -0.00012769554028009284
0.034258114524128996 9.74118883478883 -4.168012020343187 -13.544534702289859 -3.689898583715639 -1.8956038547063967 -2.1869744081752347 -4.247113493538496 -4.236488019784682 -0.021265146866242323 21.766954338977065 0.7340147021652585 9.913955455784263 -1.8401214701671749 5.253946790510277 0 0 0 13.179710597629409 0.08601776052267801 9.151151133860923 -0.03932137633702786 17.470157513863935 -4.775695745536207 -6.397969365058444 -1.4929838445709835 -1.0014282486064328 0 0 0 -7.241839815529409 0.5836531203663192 -2.642777305262827 -7.166064888014544 -0.11895804846342896 1.0666924313087556 0 0 0 0 0 7.0873862729495825 -28.120898005178343 -21.621684846031282 -67.39987234047119 -57.24652704461246 27.715406897040122 50.19674443743195 -22.500768474154494 -0.6233564385062764 41.19096739831433 6.788641827227608 -2.5668878666240795 -59.66497666207521 0.9311306064491731 -0.9116829223500006 -93.62471868215654 0.3226526688174332 -0.5562095030502453 -39.3242243910479 -1.0316217464578976 0.2863122094971117 -66.83694618059057 0.055466114063330255 0.06941893809801264 -93.4788499913131 0.12476465940307599 0.027731236123620457 -44.79449936052133 22.926288846046386 0.5288300490957076 -69.05076356409403 -2.959874130647795 2.536307818602126 -98.60543885775148 -0.39290242880316106 1.484709158351021 -38.53260190507249 5.764941506174834 2.081984552710963 -72.23806131466259 -1.9058073810611214 1.9501571109513305 -98.54334899221425 -0.43387520474529856 1.3323696071857978 -45.82162315670855 40.9141851822207 -0.5240004212620701 -22.646731833405134 10.705097513077087 1.7666956744739035 -6.019308416007101 1.7581677626236463 4.038435617340333 0.24802826738505643 3.2020764671806417 1.096997002675315 2.2055415026201355 3.2020764671806417 1.096997002675315 2.2055415026201355 0 0 0 0 0 0 0 0 0 0 0 14.973110389788411 -6.665927247281544 2.400246913628345 59.98333049932207 40.300066782209626 46.875333729420866 -70.01113574016753 12.697763650314581 3.439758805718569 -67.53846608398428 -3.1352902310944635 -2.0082402611120718 67.24374316887582 0.2000153215674857 -0.4316370603087873 39.96313732736831 -0.5638342212455771 -0.20236443836816714 13.213958742782834 -2.571036214615425 -0.18892601616124813 76.02066148780524 0.2020500934189886 0.1307406597035441 74.6638906251594 -0.44292602891614336 0.02351711236998905 28.076833547973983 -2.5760918073617254 3.232976204313733 71.43789490662253 7.551862177506957 2.825592768071695 79.67063184943216 1.6283821136016605 2.6492616107406257 88.93254202611274 -1.9601178785003022 2.5308913064291327 77.84557806743057 1.7830601629089242 1.974731390402042 82.51013073564627 -0.2548029961112209 1.268076060292133 44.45586350519702 -41.82023417792587 -0.36363410865108875 20.011644074064623 -0.06417561592428755 1.7698578503455809 5.604621291480601 -10.176686356431446 -0.038577915198150695 -0.000364442883111495
-0.008683662826101874 9.705340661495326 -4.221032043920186 -17.56167090361621 -3.6989734193856267 0.13899300944535053 -4.346234451995141 -4.650292491970779 -6.960822749904667 -0.06040168131083016 27.756132455309196 1.5472899222972676 16.700474525211686 2.6855363486293835 7.3759154377590574 0 0 0 19.454083079935312 -0.6684569100923156 9.734916891988092 -0.09604813540698928 12.76208184558217 -6.608364113529239 -10.030442692254852 2.2012608784132968 -1.0137607099636003 0 0 0 -6.894346560530967 0.1955848877833026 -3.9492306283483067 -6.924125428450032 -0.08973549555820808 0.7864981915619175 0 0 0 0 0 6.824006153879036 -27.384074318816147 -19.25923111072085 -62.75775072117202 -52.304081168906286 22.737215918781473 51.00269075061526 -25.2795931548101 -1.6970174702040937 46.745090356277466 7.237306628051906 -2.654782260946423 -65.87095342486458 0.7862485575544821 -0.9131149890482939 -91.45198348085944 0.26338292608324804 -0.5461103342810948 -38.6189103218899 -1.6955333717346355 0.3177567833381316 -73.1721235365892 0.008351743629165718 0.05669009244296595 -93.0645726798794 0.05615291832562269 0.032569448651269005 -48.27187047330042 24.734318491706205 0.5178107334058645 -72.62959072794574 -2.7460990291532252 2.5215177941394993 -99.30716153619436 -0.49118339790678045 1.6266434281388276 -42.820904508972795 5.636107653740891 2.0960852448202143 -79.19861347405251 -1.9381224192673066 1.9389149758805302 -99.27434358735911 -0.5353778947279293 1.4306722365151028 -50.234197685249114 37.030879529793786 -1.1244105289116684 -25.557457795481042 12.342312025980021 1.6561814960302093 -5.433529017837544 7.367161174826128 8.33141908485985 1.3497006118143575 4.468644799296514 1.459516655167999 1.9457967519402972 4.468644799296514 1.459516655167999 1.9457967519402972 0 0 0 0 0 0 0 0 0 0 0 14.308765872705811 -5.77208338805612 1.3409593066213963 56.67160541654873 14.461728827977979 48.0334137466019 -92.48896721501004 0.6947895406464565 -5.817729316116631 -80.71859998718242 -2.5236382489120297 -1.934326096221996 68.87405435301581 0.37254328166227496 -0.5562109972245308 53.898960217679736 -0.42620622210219306 -0.3200105672269999 23.20127257872116 -2.1176412751400986 -0.17138721756247216 75.67343780839548 0.17659376278460992 0.11144163686722647 79.97811308963102 -0.32617889397970556 0.033379903424359196 31.56510512340783 -2.248207813406256 3.2102672892314823 71.85586676591733 7.025911515790777 2.7870236061433054 82.23442898716443 1.1363444870032422 2.5497947163631665 84.05934995880477 -1.9575422988452682 2.49867301121751 78.09863154320836 1.730491181511824 1.9709146809089146 85.861534314756 0.07151526884638734 1.306724090192774 44.917453882495046 -41.158662581430924 -0.40213050206193024 19.10771593683407 -0.8666132241368409 1.716661592649787 5.088205350656667 -12.578019551764235 -0.019292776809775845 0.00022204913902566976
-0.05123640056773697 9.587833262419927 -4.279826593523947 -21.12907025739809 -3.5502588755352793 2.1178787008333346 -5.871421304605023 -5.189793904164189 -9.468034678341137 -0.012330367443385901 45.866723284345355 1.4570098210017965 20.632211953520706 2.48751280426958 6.624813020959427 0 0 0 19.280319384963562 -0.06569378101710639 8.695993129241211 -0.028050130510465055 8.857668697770274 -6.032100569025062 -10.996512109035656 4.46151824960344 -1.0872174564674724 0 0 0 -5.965959634103967 0.10231412035850329 -4.913508883713632 -6.096135989176311 -0.046173564550809225 0.37485004527960497 0 0 0 0 0 6.743948267081206 -24.286850638811703 -16.656547075741035 -61.65983806839328 -50.09148012297697 19.179615532213386 51.69117114380199 -27.994427061803936 -2.4755363623945352 48.76634201687139 6.7150945926084225 -2.5259719826860447 -62.528163909192564 0.8421162491536511 -0.91782308445511 -95.72656740847141 0.18637245802703586 -0.526147592063163 -37.235909216122565 -1.1868769118471372 0.21639551489513195 -69.09381511983298 -0.018050378714694636 0.05123264547672938 -96.53228954110429 0.021950884790420823 0.033137401652488456 -49.64972694234302 23.01273993314653 0.5991814222390445 -66.73020438219946 -2.639148236002097 2.515103815052331 -99.65803895984236 -0.5356691573818658 1.68456627050672 -44.63722652600393 5.563390966932661 2.054779472791794 -76.40735850278773 -1.9542253476323457 1.9331395289041302 -99.639836549213 -0.5500857733767649 1.4409060057491625 -50.75755515697662 32.65907578412179 -1.749692237773247 -24.276069219032163 12.87061739308918 0.8995809834312489 -1.6076266543455506 12.06850048147782 12.047520802591782 2.8533285301441893 5.555275238087387 1.2867092849511421 1.718645730547814 5.555275238087387 1.2867092849511421 1.718645730547814 0 0 0 0 0 0 0 0 0 0 0 12.870020454905054 -4.934308989923209 1.0500822289062968 54.14227079028333 7.90781471863178 44.33314378645672 -95.27532335618294 -5.995214831946425 -7.680130984958098 -77.59623114713024 -2.8445324794771536 -1.98471946018308 69.15503459247623 0.10136210948455322 -0.7391628177390123 71.11970128238661 -0.20824035458128035 -0.40802235448209606 32.127448943839056 -1.7869938234051361 -0.15254513155326704 74.49905570228354 0.1310187655748874 0.09806967156718731 87.80227422620115 -0.15467564377472792 0.05611057328947706 37.82081746813838 -3.971113514930803 2.9872354673702453 70.49535169492499 4.804564665520288 2.4928263730123743 91.119865057015 0.9268167094632636 2.282694465997447 68.79121507369307 -1.8891968249248274 2.4759384381913714 76.73758699500817 1.8614760134687973 1.978170515640669 92.6669930480941 0.33568209749788697 1.4172341717716308 48.759191744276 -39.0375060551118 -0.6354595169514704 19.61799775435213 -1.7670631984134197 1.7552928377474708 5.637047278379633 -13.750262969232644 -0.009645252682505365 0.00020970823002492315
-0.08455706617945485 9.333985821372675 -4.462870859067087 -23.724285450107697 -3.493161659594423 3.3371951988664064 -5.359563644158112 -5.748182135888756 -11.35124088468893 0.3692881247685718 67.94238441188291 1.0760265373487743 20.783223027342757 -4.302799142332264 2.546630170118682 0 0 0 15.813112723945142 0.8457298997032645 7.254320906035644 0.010861919513899596 6.712283503750867 -4.710702829922443 -10.894866707164743 6.761258143672349 -2.1765251775522967 0 0 0 -4.683342707016202 0.4423373431181151 -5.1094484586940325 -4.851859466643888 0.006666513106445514 -0.42234262737265177 0 0 0 0 0 5.867318380643466 -21.303203220404107 -14.551374804275115 -62.08801104044933 -49.506758269745546 16.434119239278022 53.43207687889853 -30.789200096924013 -4.215179847729327 46.62234703422365 5.7894494949409046 -2.3500836745705955 -57.19568370105547 0.8701430380393986 -0.9186115389429249 -97.86386235431512 0.13204222179552552 -0.4882333799974429 -34.34926055637989 -0.6775869558707837 0.15295158261413108 -61.16536080101226 -0.031115515506355673 0.04790733261679834 -98.26614633207326 0.007537038731656791 0.029388324265530442 -44.782760749050475 20.8631109438656 0.6210632273556831 -59.877925160638355 -2.5856589086273805 2.5121422128928166 -99.83348132086144 -0.4612373460459464 1.5923634844266035 -41.726584040265735 5.464780701014936 1.9692449933907716 -70.22628876249748 -1.9622628383289493 1.9302134779439404 -99.82258233932986 -0.46813141124929464 1.3554463063627884 -46.96870152827983 29.719853362028473 -1.8926231060330083 -20.641822314607836 14.738654400515115 0.041120853938334034 2.011391826894854 14.887980222453892 14.187875969734447 3.9340639245293945 6.467424435690079 0.6310232515857993 1.4764849544958536 6.467424435690079 0.6310232515857993 1.4764849544958536 0 0 0 0 0 0 0 0 0 0 0 11.867421348961239 -4.547511860229221 0.8018505759339917 53.128961600850275 6.380622470535493 41.186215393919476 -88.44331643607649 -7.371674543952865 -5.070607743632227 -74.49210647173349 -1.370552265521605 -1.7515757945297767 75.00672244725699 0.3257246437037065 -0.7457505546803084 76.8747164796211 0.15014362736307307 -0.4437645484785255 37.390288610323196 -0.9100819273323127 -0.010367340092472567 80.20808879282946 0.1420641298768041 0.09616706094361768 86.00576821511461 -0.057735481272254745 0.0560947984797789 38.2905141901305 -3.2036732728949047 3.1063556701442905 73.45801527060203 3.6835817277195115 2.4755019659053588 95.56472838189093 0.6881810023984973 2.003543549056499 56.25511045467888 -1.3545881251442595 2.570875154556596 81.4280079327899 1.8714682417804651 1.9773856435450288 94.33469093042865 0.3079812651498154 1.2824151117054625 43.162983493052174 -37.74661199017919 -0.6864761020695485 17.109530535701712 1.3481781715227894 1.7050447723609163 4.387366117331911 -12.723773688479719 -0.004823565558559769 0.00006165278550254728
-0.11462808190824796 9.046521614068837 -4.644080329673055 -25.583432687816277 -3.4566509903864753 4.060022339696742 -4.850239972810839 -6.428995604224272 -12.334206785960214 0.9279284616332849 82.75426842516535 1.2783896360546065 21.952503377744282 -7.042163297416374 -0.26355291286117616 0 0 0 11.997914019544503 1.7079551901438477 5.872333712484453 -0.0014038336824616468 7.478876312534061 -3.6979693465008965 -9.621671604507455 8.85354360902132 -3.519041082663926 0 0 0 -3.111002075701355 0.87385466294103 -5.348616343572242 -3.2837569536204465 0.01757811409222237 -0.9098006968534104 0 0 0 0 0 4.353130818763655 -19.505793413790528 -12.776844142147898 -61.070041517423476 -47.80620391553601 10.830256293553019 51.26918475635964 -34.36633827952412 -6.563261958261568 43.69588533159728 3.732642671516496 -2.0602114810811534 -49.37536646374527 0.8841625198342796 -0.9186136736513993 -98.93250896666477 0.06277680139805401 -0.3716032625022616 -25.61326186419209 0.7401325244214453 0.06775228403499724 -51.620636591667335 -0.03760885394773704 0.04609680160398743 -99.13307474879288 0.00253713376544702 0.024162808761343853 -36.57029000350818 17.086189317737052 0.9100690862226952 -56.10163671157621 -2.5589109637492844 2.510722731451779 -99.9212037071055 -0.4704629147798224 1.6053077836735354 -42.12201551377058 3.821964384492377 1.9646801642419975 -64.53871707889202 -1.9662781099539917 1.9287407371723952 -99.91395483074182 -0.4788201239520032 1.3659244233159353 -47.43550802120152 28.407041332524415 -1.66000106433921 -16.613459457080832 18.27564469580241 -1.1510826604097335 5.636114172976977 12.520999439569357 12.067410263629812 2.8055618129120368 7.004886755822634 -0.3155060415556681 1.4320427751574492 7.004886755822634 -0.3155060415556681 1.4320427751574492 0 0 0 0 0 0 0 0 0 0 0 10.870653510200542 -4.526883968320431 1.509946467048364 55.59769863859565 31.875525974595302 40.14118413528123 -67.7681405579518 7.67486249727138 1.5890009885398506 -66.24720755302818 -1.6879290186773517 -1.8720621061456664 80.56410728076266 -0.06509327309440607 -0.773072163975389 75.27167515775537 0.040187019785851895 -0.4420437963242003 35.30826224588471 -0.6827296331389759 0.0011555105097521268 85.20532434149756 0.10214092003602715 0.09320782408352514 83.32181727819636 -0.023375176687676375 0.052393014382899804 36.828379637010784 -2.6641998736899715 3.2319318716994285 80.60870574426467 2.9548597725121173 2.525646164942261 93.65424125616146 0.5485060041998706 1.7990156607136416 48.42970697651616 -1.908756898845044 2.481936902290023 86.8621418863542 1.764469710876903 1.975613008613083 91.67210859010777 0.2888293659667717 1.1996051431951789 39.814446752518926 -34.938404066301345 -0.7597694472145294 12.827052039628013 -1.709374714801968 2.0827449133792055 9.086943319140975 -12.527052478681693 -0.00241183572111448 0.00002668605923314569
-0.14107884789983488 8.823118250524036 -4.756833011112915 -26.4688040945712 -4.015834211435303 4.685461152422077 -3.7022847483312376 -9.020212998584757 -12.533385752619001 6.416371438652681 89.38356201543348 6.591547907957473 25.454809793828982 -8.20262943718427 -2.9188257556326977 0 0 0 11.151507270852234 2.755135010829783 4.86512514872378 -0.001158117596142328 9.402284831434761 -3.671358766246591 -7.284037791130579 10.492012402456668 -4.741236542296449 0 0 0 -0.8527649647274754 2.1428897614753466 -5.650881962684819 -1.0034712940708483 -0.009815543008038635 -1.110086299847792 0 0 0 0 0 2.608108275065175 -17.01006601852081 -11.217348618635745 -62.82858190207858 -48.48238127897773 5.608748989629913 46.62099475578638 -37.24411253501287 -9.2071658677704 40.667637636076996 1.4748311116860053 -1.6849465776228383 -40.79121796316815 0.8855864097926436 -0.9188746417720004 -99.08427929332679 0.06078667571153316 -0.3866005251298718 -26.816053409034975 4.152738922999156 -0.166650087234276 -43.481219215326085 -0.04084506316179901 0.045154745462979935 -99.56653811796455 0.0005044798907305825 0.020236878763468816 -30.099287645783363 11.868005694879418 1.4229091338858468 -53.85729201758545 -2.545536281389313 2.510028373993698 -99.96506481218942 -0.29256658886332887 1.3360660618684999 -34.17084780364164 6.5486931984719385 1.7496492088642903 -59.89598490502418 -1.9682848894426723 1.9280020180573045 -99.95964073669614 -0.33229658659802314 1.1868498804258005 -40.05757142822445 25.447713320621304 -1.4398860642864784 -11.826766866607949 20.743112309915894 -1.0270568666664213 4.244041194445822 20.940407620503805 18.473687188039992 7.5184187842350285 7.041672037903678 -1.3767266865945857 1.6619526693843643 7.041672037903678 -1.3767266865945857 1.6619526693843643 0 0 0 0 0 0 0 0 0 0 0 9.85982243240088 -2.22893759512774 1.8094855549976252 61.87332604894411 54.953465883185466 33.190072881400695 -52.06129583481982 23.527860610939285 2.773455045490116 -49.40058929029906 -2.286275229475084 -1.9020210490990204 74.77530060356754 0.6335868627323369 -0.7293301664890394 77.93811670232856 0.0914699867437284 -0.34492751700478846 26.75943921672475 -0.9197093483962049 -0.0324294631012972 79.12068905626087 0.09049248050466174 0.09161500722302139 87.66042785770529 -0.010091669100374567 0.042698104455227044 30.42594777526658 -4.6548225921430255 3.0260188017120315 74.65661048318802 2.759463847866776 2.5299275234438072 96.83171055578238 0.28593547514963763 1.3993324948819135 35.94417060494946 -1.3934469538604268 2.4891341551075907 80.94498882986501 1.8870700352732217 1.9763978798705613 95.83883758027027 0.17769028841009574 0.9811677027840835 31.7811668444166 -30.32238895086724 -0.5352461145005949 5.035287653074944 -6.947977808164958 2.56228034464554 11.506794073792147 -16.143907405333238 -0.0012054966013693717 0.000051418070349078086
-0.13398564589248757 8.70815476505952 -4.948000286386202 -26.74577418833289 -5.551625067863265 5.380192755684152 -3.93611707679888 -14.307768420591204 -11.119673422002082 178.8860020920204 88.13030266441926 178.97362118173425 26.454115917661447 -6.373583866850386 -3.1360919872037254 0 0 0 11.553827811013088 4.450186867504273 4.333397360266995 0.005170951037013904 11.360237884375712 -4.000249519826765 -7.051447545892969 9.981947302278801 -4.817726563321626 0 0 0 1.1632778967727513 4.242175382439103 -6.112436644564383 1.0219343617207948 -0.03735158914799548 -1.1505684956722533 0 0 0 0 0 1.0118738166731156 -11.249482202566508 -7.600676060400091 -66.28539228019119 -49.07675964127208 2.0526173963910517 46.87545360828257 -39.45308204704353 -12.570555255298194 37.84067785065201 3.3254526470477215 -1.7531710696062672 -39.33410594415319 0.8918840989689767 -0.9186397170948895 -99.54271843103659 0.04066093551752987 -0.34098111775169515 -23.546628446747544 7.030892100365903 -0.6599013632381107 -43.30005417500336 -0.042460475480195804 0.04467454099510919 -99.78327119571061 -0.0015734338451065463 0.020521145385012346 -30.07712456470195 8.049681282099556 1.896642308267245 -53.08212882094294 -2.5388487012004446 2.50968504107303 -99.98699531209714 -0.2686140953569466 1.292793216486455 -32.95384761943363 6.679961185022948 1.7173949933443227 -60.39258863529642 -1.9692878996750252 1.9276321247093344 -99.9824839335713 -0.37987173650916173 1.2498003590371238 -42.56871707613785 28.883232682171403 -0.9323447854885872 -9.76374374992569 23.29194567203021 1.0426960685678963 -3.278754516302489 22.98072785895931 19.889018274645878 8.54242516650271 6.449125017197527 -2.34918987587802 2.112797881982248 6.449125017197527 -2.34918987587802 2.112797881982248 0 0 0 0 0 0 0 0 0 0 0 8.951248167697004 1.7074836883164073 0.23731952331862247 66.89999794402392 77.21087348095244 23.601912997143828 -25.75743642537759 26.924809727330175 2.3137272057999176 -39.48532420928573 -2.625201912304576 -1.8649438254945498 66.20281008019887 1.3626450768835956 -0.6951433883304212 77.81115820420098 0.31024053552158243 -0.30448865174841605 23.93416496763051 -2.109144483805199 -0.07827043706579033 68.35855477428457 0.09025942030598025 0.09117433272888859 93.6791688070127 -0.002875309386727159 0.03891226437365116 27.568135524846777 -4.351585229138226 2.9092832809580953 69.81925922307977 2.661929710448832 2.5361253592005886 98.42044196892262 0.20248091084418474 1.2097034619594726 30.483981770114426 -2.3554350010737912 2.379362521726202 71.69367758408731 1.948310390204471 1.9734493287073576 97.92219808560928 0.14304976390191138 0.8876529551690796 28.478298365485955 -24.24364665191032 -0.3800772549838283 2.321404003711592 -13.12991625471275 1.9577191121168243 6.898410055997485 -23.07638437620349 -0.0006011910391983307 0.00006221822034092945
-0.12054606643346893 8.679505618572643 -5.099704082134375 -26.365777349267805 -7.699429922251789 6.031636419299693 -5.273201864163021 -20.948805068455705 -9.351773752269002 179.57770506109702 87.5013463845663 179.62151982991682 25.78966525546494 -2.9071198069751287 -3.358735899730213 0 0 0 12.18611883405716 6.162634150612905 4.148145343974426 0.009422410148025046 13.555515608721299 -4.3448912314550245 -6.925517887845586 8.646181831084068 -4.899617957031231 0 0 0 3.026345167249416 6.912251082338309 -6.518214831554163 2.8869249114722635 -0.05524607703865162 -1.037127836389495 0 0 0 0 0 -0.4873289382776793 -4.483705284115283 -3.1081354165301485 -69.2049000595698 -53.233057880981136 -0.2876327737680042 45.82840066287217 -41.72746767291253 -15.112105048084421 37.112630980959906 5.352187105873509 -1.9849691253243984 -39.75373320896055 0.8950320895986014 -0.9185033092249454 -99.7719376607886 0.05100239791349595 -0.3760933270085246 -26.118685836078686 9.4061896736332 -1.053538887057236 -44.923992220917 -0.04326749504349035 0.0444321492475699 -99.89163644370282 -0.00236042351176215 0.02010217428457973 -29.20987295622087 5.781468149141909 2.286674934656618 -54.595989960969135 -2.5355048367826685 2.509514336063897 -99.99796102627494 -0.18202093548905782 1.1135078947882115 -28.050797791808975 6.688772284548253 1.721091896605639 -61.345046904460574 -1.969789404607779 1.9274469645012464 -99.99390569979323 -0.26181872929455985 1.0805074430658672 -35.991005112153836 33.2428402747529 -0.6448208221193814 -9.574492922077122 23.283693660052624 2.9718845689377527 -9.697015605152474 21.881366676827124 19.195185883334517 7.695903778902307 5.315239371752981 -3.0553849233409767 2.6761691389472246 5.315239371752981 -3.0553849233409767 2.6761691389472246 0 0 0 0 0 0 0 0 0 0 0 8.093986056948557 6.460506128009522 -3.435161073426394 70.51295737534451 76.59784367640908 19.07758402173567 -19.997253497161022 28.42444393665136 2.969688914006597 -32.14520728251688 -2.36670962403822 -1.8227803663563533 61.66576960571359 0.8010753422201773 -0.7521394618060986 79.55400512749722 0.23842763503307207 -0.2689073491057529 21.005601587779847 -2.9359699858178057 -0.20555569105524504 63.55565800773162 0.08930959707914783 0.0910045783011029 96.12926546502445 -0.00010054434521954423 0.034616251258145866 24.33668713547306 -3.09483815670788 3.058035820109705 70.77269553311052 2.613236102326433 2.54023668425767 99.214805999805 0.13771330212914776 1.0376851923312023 25.808994904059087 -2.781657436252022 2.2954316200961906 68.9510775251834 1.9788803939083428 1.9711412784358182 98.96387521392285 0.10082628889827985 0.7707631370416586 24.506187376576452 -18.666022999435096 -0.5496607008670239 3.050390756533535 -18.188470192496748 1.5846969590860243 5.124441194000352 -31.718732509543617 -0.00029824485417168176 0.0000538227154340002
-0.11367423974064376 8.70444274569662 -5.199882491424675 -26.035447000370645 -10.697883724837341 6.6448061245264585 -8.924937336011572 -29.54283163343166 -8.144970400607603 1.871894586886966 89.61947837522112 2.044027850792026 24.194805695428734 1.6338054324545086 1.8663686923699048 0 0 0 11.476837410416412 8.37903743606277 3.8100716150334137 0.002070235504189469 14.719619536392216 -4.092891481555112 -7.286981807466409 7.321969012375157 -3.460853140667192 0 0 0 4.487701362468507 10.135099079993513 -7.084885670149088 4.298893230673554 -0.026269667192876125 -0.5636899472761132 0 0 0 0 0 -1.7502623565195192 3.692170386090399 2.5055139912646056 -69.2278985683396 -50.71089583137259 -1.9471827644688195 48.25066429096574 -42.04320995381242 -15.320675697501356 38.06824411528366 6.601396058730092 -2.1872643090404975 -41.96634772865557 0.8966059780383034 -0.9184304089335186 -99.88654763293846 0.09003956999784789 -0.46638898321482364 -32.887122220397195 7.346210303428971 -0.7934932430155884 -47.37010405940259 -0.04367083306347189 0.04431037974475861 -99.94582004666205 -0.003919623344128009 0.022347944306477064 -32.5723373568498 3.9979175670432885 2.7050269375132947 -59.45942565634405 -2.5338326915412015 2.5094293040401303 -100.00344358555458 -0.21962766358622596 1.196368740379894 -30.291357670516945 4.260832045796936 1.9845037529484828 -61.816757525941874 -1.9700402157616979 1.9273542776226391 -99.99961616123856 -0.27509433100113573 1.101646869481848 -36.78555924222753 37.3355721977753 -0.6371571370914765 -13.736131140277438 17.75874870781359 3.4979437916027076 -12.95193531223281 17.115300045086098 15.708588074008178 5.007512306102948 3.9590856177116494 -3.471453656482865 3.315176267982959 3.9590856177116494 -3.471453656482865 3.315176267982959 0 0 0 0 0 0 0 0 0 0 0 7.38156046368548 10.850731312948932 -7.128141281361595 73.80967796503238 67.32665208761077 28.481828286508815 -23.07953088047988 25.99467351432481 10.594625027113219 -43.44372402269712 -2.115510557369253 -1.7336889682088192 55.37210293750431 3.888380334749702 -1.2746187509799314 68.27756039838553 1.761333017305267 -0.10544151837531622 23.813442956594823 -3.9140370800279003 -0.1573215189803315 54.953294677113476 2.0214605569287745 -0.22332931519483248 86.64192367916336 1.6436699417009082 0.5252245705411087 34.06413644345818 -5.432925797629323 3.0225641043425853 56.972067827733156 10.202771023640015 -1.3608686520107898 78.7528533618542 8.135360703679888 0.2314672828870623 20.375422832691317 -4.664266560153246 2.2709663100237565 58.3086782369482 4.9883409793273445 1.4256071450907437 89.68687863834252 1.9538542128859906 1.8330334287921075 38.73804248810975 -17.3469309319494 -1.271839778686368 7.1145841368572755 -13.551002608581854 1.2752353281913313 3.39095186537303 -26.508769492786207 -0.00021840091619209834 0.00002923708026361941
-0.10793160828572287 8.819304317591772 -5.507925561217928 -25.690605525678304 -13.180306847586811 6.957731702390236 -10.079069847209837 -35.58461735924601 -7.6083010424457145 0.2982132405901935 83.02936799523071 0.9891638068704023 23.77093398015875 4.874654351312792 -0.08075668887468435 0 0 0 9.77651349783249 9.977640589636705 3.572786203372657 -0.003421947852636501 15.482121500212473 -3.448299946680437 -7.392951670772927 7.81498958228942 -1.3037571899725895 0 0 0 5.9985574455882595 12.619645241376276 -7.372086258040595 5.73099903380841 0.09565789097192529 0.4787332887858118 0 0 0 0 0 -2.535380949288858 11.031108426232027 7.075498409699546 -67.45232165673568 -49.48828579699011 -1.8520119572710925 49.24530119369127 -39.028647244528756 -15.283292108186366 37.662307846719315 4.524799263904626 -1.8646525344126754 -34.15042822985341 1.6908931977618793 -0.9055071212141523 -90.84892561745141 0.19253900536743435 -0.516864073286563 -36.245168686403915 5.837455707241368 -0.7785283844597601 -37.792630990839726 0.5575989283404147 0.051402366407530556 -91.81812335244967 0.11335105307615602 0.015551435464094465 -32.284982094173316 5.329029840692099 2.208985352639446 -46.25087335976416 1.308958771569549 2.782874488486519 -81.80051458499881 1.359432018358773 1.1667050045200056 -33.05059816557547 4.5175813248330146 1.5528135315985518 -46.43884753216667 -1.0230889256207312 1.9532333343850015 -90.26804839104913 0.12105711103545122 0.99719264756045 -33.160335531965316 41.37414660853685 -0.4826547828448425 -19.07635027803627 11.358175022471427 2.2918593439588544 -8.729837731701187 13.39593247996939 12.675404951561438 3.2136386810150728 2.397552337643637 -3.616534569262949 4.211453206010785 2.397552337643637 -3.616534569262949 4.211453206010785 0 0 0 0 0 0 0 0 0 0 0 5.758629167931528 14.709392950352205 -51.395288395544696 71.38815287066492 -1.244900298371985 24.860791829351403 0.10066128519984655 21.972376665166465 17.57705550457862 -55.435749416675044 -1.8756089352465817 -1.617611899551723 49.07921259230569 7.018474584965329 -1.1829142095860752 56.98859173655033 3.2904128733074574 -0.016822307602762633 26.624628726770514 -4.888317469886252 -0.255924704166905 46.35134846526591 3.9790051327627434 -0.21476774389550965 77.14932820203073 3.3468017584989704 0.7308714064094926 43.80222542597038 -7.69449606662748 2.4314157965543353 43.187849759762145 18.68354087885205 -2.332660470761243 57.9388146869575 16.17294237214423 0.19151878093187055 14.882847933497336 -6.509750052091742 1.8996167802031807 47.674132868219324 8.045987541785513 1.3726439398883026 80.39534228110941 4.0122755669163945 2.406613341150048 53.00393846814003 -16.081847717351593 -2.085504641236876 11.162683377237196 -8.906709745801827 1.1070119123700082 1.6382672429782166 -21.29880560238401 -0.00013665431727449666 0.000012003307926094337
-0.11278927631349457 9.025325968071675 -6.304499825875916 -25.20332737726562 -14.542455513185855 6.624686308818341 -10.115776841746497 -37.556653302863104 -7.43251970911702 0.2774194226874638 73.61709054487159 1.691487769471341 23.291776298482496 5.204629877579288 0.34344035589954097 0 0 0 7.254438795341169 10.292487446473965 3.3812857026391407 -0.006275453070118404 16.012797466431124 -2.5026552781985987 -8.277165197514714 5.971817437990832 -0.9875441031759525 0 0 0 7.077710813300079 13.715637510861482 -7.544904050168981 6.750139316340854 0.16541080290308713 1.062862276327023 0 0 0 0 0 -2.9348701541967377 15.016783614296669 9.07701538199925 -64.85895856043318 -47.46332903506014 -2.012295620455598 48.98968633875128 -34.82794232970645 -15.604776419964907 35.79855288560206 0.21263508070991985 -1.370425200296713 -23.051979504490035 5.147652173802879 -0.6753542745958327 -76.399426804165 1.3682479061423074 -0.4651112153760243 -30.714340489019204 5.9925190686894565 -0.7385221140695789 -28.709040951677466 3.4640926764429465 0.20413625661606785 -78.12134538251244 1.0961595225906424 -0.04957140809160526 -33.147093867424026 8.213382024484687 1.6590685658361926 -36.05058316171905 5.907128425481957 2.6418568371758306 -65.54272473609568 3.2836955684090166 1.0579367813479885 -31.844963530357333 7.0877203955943 1.1654658156072295 -34.637442781992824 1.957218695403039 2.019748982055375 -76.60325629633253 1.258315530185617 0.9179710197227722 -32.22450905284718 46.30638280857206 -0.008655905771695258 -21.892872918775254 7.800967762799387 1.4819797965903738 -3.9655516547089107 10.092453726078173 9.762850025376201 1.9247617304915805 0.7111525697588855 -3.4492229082641988 5.320958011161362 0.7111525697588855 -3.4492229082641988 5.320958011161362 0 0 0 0 0 0 0 0 0 0 0 5.548640761931749 16.049307033611395 -52.21986672260728 70.03977028225067 -1.1846946678177734 21.88635408251223 0.10909771454850539 42.811855503917315 25.142662364815763 -47.18916163183539 4.222929584246264 -1.2069070516154343 37.27551574432684 3.833626536230541 -0.00006625853320037243 34.3824431730532 2.7485805881247627 0.11452249840015791 14.021715370716885 -3.948110323807661 -0.4224911295793067 31.14159343311314 5.517581539724585 -0.26449315813004737 48.23813641951885 5.009146770444277 0.2488422362095304 22.599056054134575 -15.667674103384785 1.5872228555257615 26.4784793745569 14.102984389961584 0.3505935034135628 29.768533754271296 9.794848267229623 0.5883532300342985 8.64059588705175 -9.471985287409023 1.2040133992007518 31.773757588092376 11.06068333667004 0.2809161071789356 45.976362928558444 5.263244347266549 1.1114806540211468 28.17343920584135 -13.32597279416558 -3.5014358347243295 16.767418873213547 -1.951296181481531 1.1016322459051686 -1.4162247634745528 -9.62814927315913 -1.025943473871901 0.06798249410082649
-0.12860661165095316 9.224315351105416 -6.6638734849934 -24.359149509021602 -15.705636498000512 4.818071871051528 -10.679085338602126 -36.99390827238982 -6.728675674408677 0.18654928394061945 65.23059145627185 2.129995770029079 25.98300443080293 6.137656250704972 0.47869175897083044 0 0 0 5.661703159502486 8.899972109886653 4.8948632650479995 0.0007334993900332803 15.280865246804217 -1.9178146917841064 -10.561055219797861 6.004268425631448 -1.3673205015774932 0 0 0 7.523762566956205 14.070336249504852 -6.801893138648314 7.19093716865185 0.20058182801515362 1.4018138259310313 0 0 0 0 0 -3.0295111163109576 17.16769020858636 9.553686063764353 -60.90578917165767 -43.38611559875022 -2.70756761331419 45.05361852418489 -29.22174788040417 -14.224729159558288 33.758414328818226 0.45616964573209196 -0.9978204797795 -14.471250351693174 2.92340858108886 -1.601225894723378 -57.231359132714516 1.8768249700798125 -0.29986769770334126 -22.98944071277228 6.187339315720968 -0.7023097501536937 -18.426856166563514 2.3306941147129163 -0.46791947670811035 -58.47172398854292 1.9148103982503817 0.07649561345921588 -24.809047966659477 11.422322480675144 1.2933305903960235 -27.602058385462552 4.808121566751989 1.397440929626064 -49.39074861022513 3.3235778905799567 0.7539401725895924 -24.033645545116702 9.073961380328152 1.050666735184931 -22.00519066730698 1.3954972634358216 1.1142366215775914 -57.33697250266545 1.990977830748928 0.78284637197473 -24.112510280884386 36.66285629329586 -1.4052212411918408 -22.888817219021202 3.751762943683855 1.5172685300595303 -3.4741877017888743 8.059666079940504 7.872877482026106 1.3599565509861944 -0.9424722772305568 -2.968909011928397 6.2624800979957 -0.9424722772305568 -2.968909011928397 6.2624800979957 0 0 0 0 0 0 0 0 0 0 0 5.405371908153106 21.152306926110782 -54.22921365357777 67.05861059901001 -0.9383797107181562 20.05163935239258 0.121231776046277 55.881808250322585 28.604869252618574 -39.98635611884626 8.44258899797188 -0.5294586133871477 23.925978592688008 -0.7302645503385118 0.27279593130761537 21.64023196900784 0.5135648808976618 0.12708832686136173 7.324303365138308 -5.71153818556091 -0.40501824961294175 15.352534049252359 1.0829026301849354 0.45544415804701405 30.89688570448237 2.262447694241936 0.38041199498553024 11.334664399265867 -28.063609004330296 0.26059881551944464 14.80830495192959 6.455194996935446 1.1328123310445235 15.164174060850065 5.3662405066905485 0.4881491201521279 4.530522840354015 -16.0849232889188 0.4923808974287443 16.77908218699353 4.884501607361651 1.236473337464233 28.377693938150134 2.985924422917333 0.8523339769563791 14.213352543797654 -7.290711425426099 -5.963181678161233 22.772520498159132 7.8583841468200095 1.8469934226866283 0.23177449592077246 -0.3295630548053905 -5.000917124964706 -0.34660673359887206
-0.1597219567745907 9.348587113392238 -6.700586799327698 -22.35441769693619 -14.543946152860732 3.3277385491718356 -7.258781130225647 -31.443821142713183 -9.8048036127649 -0.05961669213400878 51.707705651577136 1.5886937610473595 30.853214485232407 5.924188534621063 -1.6639632356881529 0 0 0 6.405502769072096 6.160355069835215 6.950945441312612 -0.0027497694451280373 14.683378816600005 -2.2181345743916068 -12.76051510945859 -2.685770112478723 -2.6585461589788553 0 0 0 7.315738729543664 12.487871265722271 -6.1180631449482545 7.034142835393525 0.21439342822761046 1.6374906124669466 0 0 0 0 0 -2.6919654881318413 18.00769500615422 9.529486596234841 -58.340666848829926 -39.45888574711175 -2.7593254873451665 41.37563274919097 -23.703652182101308 -12.660102521851947 31.878547398338217 0.7525537560076653 -0.6657164844748522 -5.889788916608054 0.5178494358886542 -1.7449587433868115 -38.03723346830772 2.4029928665443445 -0.2044889607559253 -15.263460788280774 6.3854947987007895 -0.7014508961458886 -8.144648487827109 1.0372190079354804 -0.7195812665001645 -38.811307264107796 2.7430900048783387 0.08250587889244286 -16.470044927123283 14.542264798546578 0.4610963737425512 -19.188443684098385 3.4066621463811075 0.5078713427835905 -33.22333875188551 3.3217701947129594 0.4473446096658595 -16.22297808353527 10.98688611891351 0.5045198836218715 -9.385389271908423 0.566552618891189 0.44473961397294764 -38.06660701620701 2.697215044753721 0.5457155527719435 -16.003196492535984 27.03547881567794 -2.948763619902988 -23.637429706441424 -0.2970916677274747 1.5871527124535338 -2.986530841944833 6.053860736314704 5.964414797966499 0.86516274883139 -2.160445879905217 -2.4833531479703206 6.586901702350499 -2.160445879905217 -2.4833531479703206 6.586901702350499 0 0 0 0 0 0 0 0 0 0 0 4.778156331491079 33.78841505286046 -58.214926555698774 55.182363032060685 0.058281429886767405 18.271816984435898 -0.019647330495027884 59.76109078633127 27.31219637244783 -35.63659954791245 7.931717776579743 -0.0979236360394364 17.675759515877502 -3.313816444352538 0.1588737120587841 15.988613018177313 -0.2681241997129792 0.06831103258960419 4.69437742110905 -7.672372619210885 -0.5160067429981415 7.662873645084586 -0.9847651514608177 0.40262023336590613 23.79770650041899 0.8487569649864571 0.29080669105458257 7.053789543435934 -34.55601920803233 -0.9520979089605794 10.811432791225313 2.413881116917963 0.9441403961461885 9.670570927540489 3.2370464911350143 0.3519110076293542 2.932936602154985 -19.44180236894191 -0.22868507894651652 9.433991534610023 1.7032270278895205 1.1357371856326206 21.62243806808943 1.7282483021631851 0.6208247970630725 8.844199373506868 -4.549196261633763 -7.604746779200894 26.42643498645198 12.619652776048222 2.089827818802718 2.5770210329116487 1.8779416592337081 -5.180327800216901 -0.41084780040913615
-0.1908373018982282 9.472858875679059 -6.737300113661999 -20.38309831043662 -13.371715725972992 1.854094725717693 -4.35110026810762 -25.762251606614015 -12.34881562204062 -0.09265023869002133 38.184256269635554 1.2351832489710273 35.72695428915418 5.892481275222849 -3.816624816725034 0 0 0 7.047424432822934 3.3962984801229408 8.963013302407953 -0.0029949027387532376 14.085882531960978 -2.5176149884843553 -14.802315762234095 -11.417507138123243 -3.6344793262349513 0 0 0 7.071996318186972 10.912007163721944 -5.4325550987583995 6.877406829005625 0.2288497785317834 1.8731288715015062 0 0 0 0 0 -2.3544198206185936 18.845655755355494 9.46824411175794 -55.77650021843131 -35.692606713523176 -2.4266613414481166 37.55705242895982 -18.273713541196653 -10.928202817771366 30.171739453891647 1.095161133294708 -0.3815543426979736 2.6928430456547954 -1.801035705182036 -1.09031425945388 -18.85598113525631 2.937204649792331 -0.18071389825236744 -7.536961861178483 6.580621274581029 -0.7359732286462266 2.1375386040091033 -0.26552744064192596 -0.5213854705752091 -19.150186999346687 3.5634843258599966 -0.031668927421325384 -8.131826909884968 17.507140969206347 -0.817242662994807 -10.831824632776444 1.813038939221774 0.043891310162442396 -17.040302233172998 3.2783130928709587 0.1438390258112462 -8.412515528921377 12.734309145143978 -0.44597450145510575 3.209341256130686 -0.4368574723294885 0.08636295227060181 -18.78961388304991 3.3629186796710897 0.2113604164354289 -7.897673812163435 17.4112768520536 -4.595652933889914 -24.117920217972532 -4.345381592690251 1.6912796309135687 -2.5050065956318357 4.070508706654969 4.040014752192986 0.43906748980981086 -3.375243243192849 -1.9910277346101586 6.900815525132028 -3.375243243192849 -1.9910277346101586 6.900815525132028 0 0 0 0 0 0 0 0 0 0 0 4.150941205606805 48.99633534139632 -60.494476468356716 40.72223564604595 1.0639572009432374 16.494428456656905 -0.15840619679601003 63.472998377617635 25.767962494655215 -31.447049898619028 7.376896635557951 0.2754104295746177 11.421882404406363 -5.873605716887232 -0.20871946335840824 10.347842422612395 -1.0462927601147796 -0.02626534496333775 2.0654988806075476 -9.600829483609417 -0.8882548311456113 -0.018915889332040477 -3.030031244476687 0.09476194100455233 16.705132817499702 -0.5542906531407439 0.09596518988327314 2.776460292092188 -40.95337824331333 -2.605899386600228 6.97416791198144 -1.590540073862529 0.370303791777554 4.204289380067135 1.1125045022818483 0.15647443894508717 1.341534666349992 -22.679780521977573 -1.3715999022376262 2.1418612090969886 -1.4438856090128542 0.6619312384066162 14.883669305411216 0.49779938913795035 0.2727237599362757 3.481620482851323 -1.9068671746665704 -9.414950188403779 30.013163030468554 17.387310168412224 2.1371150779403645 4.9345567506955685 4.086279851767228 -5.357140111179102 -0.4820005830654546
-0.24532004229370838 9.456532836549869 -6.549669770372785 -17.085239187019788 -13.38252756034391 -0.6306573021867882 -3.5865913178387836 -20.854724797097607 -13.136401265563798 -0.07736375056870974 28.807116628556937 0.8696106008367105 24.57725511912287 -11.111282618237311 -3.7728188775804505 0 0 0 11.384531842553335 -2.01340129922789 11.999563627525117 -0.007821842055537395 13.6947204332842 -4.319484256555063 -21.442969243895327 -7.141203130654884 -5.157257194798498 0 0 0 6.894846608613028 10.213649494077057 -3.363836330851118 6.843080449714914 0.2535475613979731 2.103648454091104 0 0 0 0 0 -0.581983782761782 21.932496285592162 11.153717945161693 -55.23256115361937 -34.393216139146396 -0.968022809641598 33.1999943092098 -13.168793176676337 -8.818809671266894 27.678951417672916 0.7571310182891946 -0.3059018806253676 3.816398405828255 -1.915332404257944 -0.8277728581510932 -14.665038347938552 3.187440560414057 -0.1869942495103548 -5.864494562416453 6.621157205396057 -0.7463401353625928 4.150562761219987 -0.257807086754016 -0.40086304396539807 -14.894583207991847 3.3007710677943636 -0.0703768194810598 -6.32561422838937 16.750073471584308 -1.239349625130988 -4.530032945471738 0.5193652951443998 -0.06651733295844926 -13.256143603923027 3.196794685483711 0.07147906878339107 -6.543420184097046 12.821826292104618 -0.6959045836201558 5.456788818758897 -1.576183193803868 -0.015523474376151617 -14.617872348992407 3.3273239982182434 0.12629566279406299 -6.143165649649189 16.60989775659265 -4.671977489918892 -24.056658030406453 -4.323738067777485 1.7272524214544822 -3.4875393938088886 1.329115484708338 3.151878879574864 0.26636208669752 -4.2114544848305835 -1.6973094821670032 6.925702516702162 -4.2114544848305835 -1.6973094821670032 6.925702516702162 0 0 0 0 0 0 0 0 0 0 0 3.2603644728361703 59.620098252282475 -58.7255387612734 27.36340202243189 1.1323394733855046 15.515688203365805 -0.4860838619611995 62.98772891650589 23.97752171735412 -31.330799829330616 6.472406848497875 0.4002881467665894 6.461273882163224 -6.404872539949397 -0.36851891419142546 8.470550103525659 -1.553985399520375 -0.07799528824213073 1.1253126693477231 -10.027700683053238 -1.0404716206632947 -4.841628669530502 -3.9350711866348966 -0.06190992057130673 13.30794478559888 -1.6624891385281486 -0.021568095394523683 1.4888431227287007 -43.5944303465608 -3.2955205530920573 4.997219316698193 -1.4012214938719538 0.1600302730032799 2.382445442146637 0.3214171296543241 0.07444158569685769 0.8054145759496185 -22.75979628846984 -1.8453460651070295 -2.3346666095624995 -2.4105241103491677 0.43275993800213763 12.777821633286802 -0.14236769677181726 0.12606866517538534 1.7397506859808327 -1.1828346181467027 -10.436234052883949 32.45012625218744 17.92310145026795 2.0804006115529434 5.748987679086368 3.247931356668785 -3.8857801268433443 -0.280935244370462
-0.26914624768345846 9.408714409125503 -6.427709606704946 -14.244536548915795 -14.076610264500868 -2.099209734079193 -3.7427286090809733 -19.240690419315822 -13.940369336501995 -0.04008693864478138 25.005451252487404 0.8154606965607848 22.792692128245275 -18.41549993584147 -4.403140097088825 0 0 0 15.0924147091975 -5.3586381990908265 13.39603107617526 0.000020053166960592998 13.973285181961161 -5.888306533167741 -25.193199603425377 1.2852429862873436 -6.592211896778922 0 0 0 6.607146721806189 10.23156690846601 -2.1978216337343146 6.673432695093303 0.280517283377672 2.406409757838387 0 0 0 0 0 1.4835228038523867 23.82451301154773 13.109793617978328 -56.57464652880301 -32.67494336150048 -0.4259771295733814 25.895499039542315 -8.187261991774129 -6.501709508687679 25.397656479654177 0.42065157493035166 -0.22363719631785486 4.939480942868507 -2.0101297306860437 -0.5575824359247639 -10.474861893693545 3.437386680197719 -0.20057518454825998 -4.192069202678925 6.6613036145064735 -0.7581243478801588 6.16358395553456 -0.24116455413389978 -0.28124574781435036 -10.639014498680694 3.0369684881350545 -0.10078461581941679 -4.519241096613689 15.95110864186113 -1.5757766478805524 1.7777980642346314 -0.778775920694748 -0.09128437628725745 -9.470453245693461 3.1129594696447014 0.0018165009830137628 -4.6742262360643725 12.899480732870881 -0.9490740668789223 7.703993508206983 -2.7199020445508215 -0.03424352229835422 -10.444931280042427 3.289141646012166 0.042360620313093074 -4.388608505322148 15.808352262581804 -4.74744079174849 -23.994324464636655 -4.302714357861779 1.7635909474719649 -4.470077224697302 -1.4075727262992919 2.2565211395681692 0.13648998314050703 -5.130264023269649 -1.4376511407695585 6.860800783936631 -5.130264023269649 -1.4376511407695585 6.860800783936631 0 0 0 0 0 0 0 0 0 0 0 2.5116550334164005 63.250549976603125 -57.36758670753211 20.728778146306038 0.37181294776625573 15.112129810077771 -0.4726368411082681 61.84464619810542 22.861455065309762 -32.65067779268084 5.3596674199672965 0.3247396943111065 4.999974288879451 -7.081864971679168 -0.47693328495143145 7.456800478589862 -1.7094344028387112 -0.10198747804850354 0.7239222883972755 -10.460460476881849 -1.1543781465701874 -6.243327633966034 -4.769884502321813 -0.17364400500362362 10.971457797455987 -1.9241364459942674 -0.07393134879380832 0.7454879742692844 -44.70960075077237 -3.6487370184094106 4.2586204561032615 -2.3351525618397266 0.01238457213717214 1.6072349184915624 0.2109578049953475 0.04794190379145853 0.5896833512987895 -23.013676259793762 -2.0643878586382276 -3.631814695847341 -3.0035242498828683 0.2586838082485913 10.16706761869219 -0.31943437260437235 0.05164727281100729 0.8696093938981626 -2.6804677785532274 -10.73773121520881 34.79740239772841 18.01524235911465 2.044629720912729 6.17118297410885 3.3170885689234413 -3.6301855230082722 -0.2404020850173797
-0.28480236203612375 9.310915154490091 -6.414572602801638 -12.073853627531584 -14.716344578454581 -2.7609114394574545 -4.713445870754722 -20.708472570584558 -15.631687784857364 -0.021252065149527172 25.501068283315842 1.058465968914523 21.969562565654854 -10.677381574114833 -1.5834108958794009 0 0 0 16.327120841572555 -5.0857765159323725 13.598239605102915 0.0003408377048838495 14.043388460440752 -6.412804956813356 -30.522077940299532 4.41137828831374 -6.3328444794371 0 0 0 6.031927161655823 10.400661644109418 -1.7158176739491158 6.1659863342972505 0.2743058472099481 2.565243846497323 0 0 0 0 0 3.7290539322353364 24.34973311140894 15.568561122202384 -62.04183955894393 -31.483286991747715 0.413409991376814 18.255818337635866 -3.321134407353339 -3.9991247057773465 23.335273008970027 0.08585073030986289 -0.1347947880676534 6.0620557848985195 -2.0849280358891256 -0.28118854429103396 -6.2852845456062125 3.6868304195762036 -0.22144486248013445 -2.5197173631922687 6.7010113697026785 -0.7713114160886964 8.176601955235926 -0.21569171557122913 -0.16319319678019525 -6.383446897570064 2.7723379555335375 -0.12286144356517942 -2.7127461079290667 15.11988220786475 -1.8223733373002193 8.090649805991903 -2.075719356602654 -0.030289068924696304 -5.685174236299891 3.026896803846387 -0.06507440785409394 -2.80493071320436 12.967152134753265 -1.205093448093414 9.951041196005903 -3.861951278590848 0.030309466113565848 -6.272447357948671 3.248406962511129 -0.040365984442051424 -2.6339955651497897 15.006636809115326 -4.822027267414223 -23.93092979249349 -4.282317184426791 1.8002843538018112 -5.452621415772247 -4.140872831710403 1.3559933015017702 0.04959002565307179 -6.0249651045813755 -1.381673176585458 6.649955575775846 -6.0249651045813755 -1.381673176585458 6.649955575775846 0 0 0 0 0 0 0 0 0 0 0 2.100513085503388 61.04718017977343 -59.11045376747839 21.06296750673255 -0.21372434431781356 13.990481682912826 -0.2483481117306893 62.18199927425333 20.965682192361328 -32.11226436286317 3.8010863666138044 0.1858352990123148 3.393817958205568 -6.817319901526091 -0.48946435295626484 6.1161478555929385 -1.4797741780216294 -0.09465099029960902 0.5160429755898419 -10.399382476373788 -1.1849097978850636 -6.951770401082824 -4.508139933170717 -0.2103179117343248 9.479025945799124 -1.9515625882718577 -0.0956015018120903 0.373710241905053 -45.19436083811403 -3.724307649910415 5.87447489399846 -2.2279087650344316 -0.025074534045533416 1.4823606066814283 0.4232266684310555 0.06315530358856261 0.8060536268154187 -22.849752970425666 -2.132758021397979 -3.910967325479059 -3.00310610741163 0.18536409352862995 9.240853664814157 -0.2151587701774638 0.02258429788489294 0.4347879731171273 -4.198073112239505 -10.601723150749379 35.94130533884448 17.833614117975035 2.020364508487019 6.413317374114259 0.912285961259685 -1.8176100791290317 -0.08207078165616642
-0.2980116406768426 9.105335602060014 -6.524308241041047 -10.541054417110486 -14.377080564248004 -3.0267926686863036 -6.109810996597178 -21.636839150732207 -16.84141837333938 -0.013050188765872803 26.0025821964943 1.5505668137024133 23.924590730098725 -4.206892091027137 1.0437834627056215 0 0 0 16.53590085263487 -3.738049663567358 12.865395854591137 0.0007736731811727083 14.751151689637078 -6.507057707544964 -30.53944331667613 3.5843345471844885 -6.188403598820256 0 0 0 5.588301754678669 9.989590817256857 -1.3942393542532892 5.750625073385636 0.23149415029576298 2.2824839558865837 0 0 0 0 0 5.392879200081752 23.628696129171974 17.01669672586463 -66.84751690864414 -35.329053718943676 2.087326948516611 14.371114234681384 -7.852203691392426 -1.4868860525626522 22.600570522506768 1.1807919963615754 -0.8935840901750361 -1.5777796568462985 -1.7275741618604854 -0.6772504245121161 -20.422994268689123 3.0775686756735694 -0.1538346945541106 -5.540658384015965 6.7676014187921805 -0.8059692652464472 0.7149511902541031 -0.16656037036711305 -0.15330107076826038 -21.98628192843819 2.3148283689024534 -0.04265485213690774 -5.559794664211977 14.557377169458803 -1.1120908968961787 0.7906811586578493 -1.8415640228033938 0.3901144713742089 -21.400589034920408 2.5300591792380094 0.1340937579328481 -5.508581295788175 12.280445230931656 -0.5489824532548984 1.852191584038437 -3.3658096557071784 0.08268283700470545 -21.8964630414721 2.71398896348069 0.16536365839315 -5.999172423095783 16.89667134942304 -3.9372211425876555 -21.33172992686937 -0.313430861041788 1.6710624263783276 -4.196466852320222 -2.603067765400393 1.9782815724025562 0.07491081389578126 -6.655714331136589 -1.6678803419439712 6.387484653182337 -6.655714331136589 -1.6678803419439712 6.387484653182337 0 0 0 0 0 0 0 0 0 0 0 2.1667151675294014 55.39609488196566 -61.29503906118145 25.460308567810742 -0.5100201469478142 12.580813563352455 -0.09293702861332145 60.94923433630857 18.47501762896837 -29.583441350414333 4.99247902053976 0.25271853909672104 8.58882959335135 -6.876715005272193 -0.5280933711867871 7.0684811456070324 -1.6470540161630396 -0.11875016747351189 1.0504336611558602 -8.926038821411662 -0.9669074088092506 -2.303258497815796 -3.665183785968697 -0.17176684171229564 10.637804711651025 -1.3650241683303002 -0.07096511666158682 0.3233756153500466 -44.88803010443955 -3.458658665259705 11.0263716221545 -0.21503750980563002 0.17283903951790447 3.258505401252071 1.4461697369901958 0.12594183946158055 0.9860429722368875 -20.496564967785243 -1.554428077479537 1.9974583771363752 0.8127914934434997 0.12865758007161823 5.711153408269017 0.19836929944723677 0.039849481274999606 0.5992159491439225 -4.143256995847233 -9.923154488334072 33.71780474453491 17.980375342424534 2.0630256330262045 5.778377687714678 2.498178816107276 -2.943782737323126 -0.1705815232981688
-0.3144391956750905 8.755166730321815 -7.078025591744949 -9.695291902460493 -14.164713798159902 -2.92751557673613 -7.8398719665887775 -22.02145229422025 -17.27439201288817 -0.005645754206887348 25.874079206655697 2.2534381789191174 21.664681379621094 -0.5214543622890426 2.934391483891558 0 0 0 16.248705548129713 -2.051006573416574 12.223099541892543 0.0004980375932927006 14.675234352700556 -6.344555360603613 -29.665972546865646 3.3003478864714046 -6.315722772041009 0 0 0 4.639797115181847 9.16490767986546 -1.5348510629178962 4.844365770047658 0.1746723134099389 1.9601364396172174 0 0 0 0 0 6.0932554449305485 22.245250708943352 18.043598721840294 -72.06225510171879 -41.88117738934462 3.166323842462517 8.92743328736815 -12.414154843390419 0.9592901381632924 21.6698840127543 2.3671850835423593 -1.4999190653227858 -9.232567811474787 -1.2842618257266094 -0.9740212174730204 -34.564104421486284 2.465591751781249 -0.11843018843375308 -8.562141068354912 6.838129113488043 -0.8316868602286176 -6.7467914403564135 -0.12190025207060093 -0.13055880544410592 -37.58909153702949 1.8538998158500724 0.014725961383846882 -8.407391997282014 13.909269909529613 -0.4790461814471907 -6.514691424049863 -1.7300241324517431 0.8582250311232623 -37.11552247621027 2.024373692654653 0.30959690618545027 -8.21389058483263 11.508192115385619 0.0038058823770687187 -6.2534955563894234 -2.902102774597541 0.2667404745986942 -37.51955292209522 2.1684084008979263 0.3393595595748757 -9.36616886965116 18.82322109030115 -3.139219474145017 -18.707092504733094 3.651345848319563 1.4552871864392647 -2.9523727664024557 -1.0643203768900524 2.5996661715512754 0.11695039819867149 -6.810077799020935 -2.1822186811245703 6.040871697275845 -6.810077799020935 -2.1822186811245703 6.040871697275845 0 0 0 0 0 0 0 0 0 0 0 3.5394743932978363 41.06352377616652 -61.955139581375754 40.169287671001 -0.9393971998598246 12.224738678497117 0.09177406717619616 52.44207379241065 16.161579500999924 -26.99347411786506 4.321711377292059 -0.1786717950495535 15.624339213389876 -5.580076049627099 0.2118726174156398 25.855730366411592 -1.2839068661189148 -0.10896680929291806 6.108050746681061 -8.748405353634977 -0.9037859124472383 7.07431304706174 -2.945224041966245 0.40609667278519657 30.49078663938479 -1.0667734777758946 0.004566174481197081 5.883767344448586 -38.5161068422353 -1.3731968103175645 16.627352003038894 -0.02728987511581828 1.0647754008816428 24.738431162079564 1.1608268113097988 0.48129109800094466 13.0039336115218 -18.78470569841966 -0.6224653663241697 10.12945774147339 0.7782966474420332 0.6718465699656422 26.65769760831995 0.15148902181545784 0.1956425712014591 5.827129662465323 -6.434593488715076 -8.013660612610442 29.51385773449661 14.015825794175468 2.040273348020579 4.880710174108514 0.9986180470401738 -2.291668800029845 -0.10270976774237742
-0.3483864916318425 8.566230440411555 -7.908212648644365 -9.314346133189662 -14.422222159257846 -2.6296724625073833 -10.043236331161006 -20.732415749922772 -16.658162994017353 0.017191591806268464 23.716220592700154 3.233348691297389 21.787396467354867 -1.6104441873097777 3.6515831534256065 0 0 0 15.865666238127295 -0.3536939342464735 11.67987447668553 0.005680176622582717 12.890173983468852 -6.003454772252762 -29.10797921923063 4.308360096139622 -5.749171293558075 0 0 0 3.080130866236309 7.472846938352575 -1.9816160472574846 3.371337262204065 0.1271539075109764 2.324659455612688 0 0 0 0 0 6.355984896595294 19.983565360845958 17.35569380951644 -75.57706048848564 -48.80942498345257 2.387609212306198 0.8563257665473307 -17.022401671554405 3.323256393355227 20.54586636208328 3.6241322606735227 -1.9427061981705724 -16.900334934267466 -0.7818324016200028 -1.1534908958154302 -48.708154703233134 1.8525999567349214 -0.11533371839821942 -11.583826922521844 6.911399567025513 -0.8480285094465821 -14.208599946466101 -0.08500285516862272 -0.09664255350670022 -53.1918630719842 1.390689618984248 0.049135606509314866 -11.255359790711838 13.185956084202306 0.06641576050662673 -13.826458054337897 -1.7494581122381532 1.3390467575075131 -52.83204646860168 1.5109583231385553 0.46102999069223805 -10.920695032072715 10.66568635655934 0.4421336319942195 -14.366135856578117 -2.505083718819017 0.5688724837155907 -53.14116370800384 1.6135397457767091 0.48100491365609505 -12.734735229602064 20.78308635499893 -2.4305193812713206 -16.058776074133686 7.610101855874519 1.1541009340512753 -1.7263040315228657 0.4757307348873389 3.219697974544853 0.17571006198959827 -6.353267140266742 -2.697274597132536 5.517788048677188 -6.353267140266742 -2.697274597132536 5.517788048677188 0 0 0 0 0 0 0 0 0 0 0 5.726990042719065 22.23107296580092 -58.91865737638567 59.5923328652602 -1.3053010837899444 11.887840208891598 0.1776515630338079 43.92136879476172 14.239702896507161 -24.104616757594506 3.6031277851847676 -0.524624449203771 22.664694940600693 -4.114159594401986 0.49464753709844184 44.65559559929182 -0.9213110573495319 -0.13123559624773548 11.16562984508385 -8.56286153868312 -0.8704478714941661 16.451911115696554 -2.0717495621113216 0.7050569740503472 50.35076812926747 -0.7626074758707883 0.0508421906210063 11.444478929646543 -31.97386245631974 0.06925901550479031 22.422720728501275 0.47424065953461336 1.82597552628992 46.22898134554657 0.9557134171638674 0.888262569399184 25.020884471690554 -16.958374620653625 0.05763181858365493 18.28497569361142 0.940304277232972 1.1914663750203578 47.607117586527515 0.11899892438847888 0.35505917110056195 11.054984432370462 -8.851425917879938 -6.276410925962791 25.253305775455612 10.052248785881764 1.9555578046474413 3.9867936147431657 -0.4995829930242092 -1.6380044018321005 -0.05195973367185052
-0.39039988557549693 8.530964467739974 -8.546813623852893 -9.270871465666781 -14.717409155074773 -2.444292703093433 -10.896877293207702 -18.59286659662138 -15.278062811760678 0.020786392062058977 20.340287140714544 3.6282169749328523 19.492088566556344 -1.131763692244448 2.690902591158916 0 0 0 14.85686390623137 0.6766315021429016 10.916108819367995 0.01861839757069956 10.275056829708834 -5.3200190508558824 -29.433241003052544 5.12862892503531 -4.235143769880629 0 0 0 1.7723105677446327 6.075668448984014 -2.5440342873893345 2.1275443927012914 0.0840066411242443 2.88785314339704 0 0 0 0 0 6.515719284380595 14.916849722700958 13.674497615393516 -78.56106181508538 -52.65152864999035 4.1521219959351665 -0.20636437553187803 -21.690804312479415 5.588667633018922 19.2311880525078 4.929239682689823 -2.213781582901422 -24.577673335836373 -0.25074999422751637 -1.2047589082937835 -62.85380377061621 1.2402968814829283 -0.14455426360827392 -14.605374735108262 6.986172837369068 -0.8547174971945687 -21.67044594624911 -0.058587503843842294 -0.05405200401507662 -68.79459846037994 0.9263416273119592 0.060486832503644665 -14.103513278126343 12.399071885065156 0.515341946567464 -21.14482482191987 -1.8984762876618224 1.7966245578250506 -68.55227264551098 0.9909528829821538 0.5880424400500461 -13.628807308716755 9.769696601080051 0.7571323362601042 -22.484874046873557 -2.204068090013805 0.9667485842994946 -68.76163591800939 1.0512953221536585 0.5897965039416152 -16.104582840598283 22.77276929126296 -1.8134069760349458 -13.388909495812156 11.561115770475439 0.7690880419942172 -0.5240760187711956 2.0174448609079523 3.8379275925792258 0.25118857999260025 -5.452806633957726 -3.0522905087447874 4.820068028634081 -5.452806633957726 -3.0522905087447874 4.820068028634081 0 0 0 0 0 0 0 0 0 0 0 8.13186023438143 7.73179799834486 -52.95267965720752 72.63022157284718 -1.470842417495166 11.48751192220661 0.1844213942607092 35.373321811302695 12.752877184842095 -20.976112279203114 2.847514662400825 -0.7798661046616088 29.709238582964108 -2.6353196277084097 0.28989364845763943 63.456549374166336 -0.5620894577550373 -0.18538227633441787 16.22297670153663 -8.37436513811232 -0.8677843248954316 25.829524701909715 -1.1486325176469667 0.6894832562747476 70.21351156766866 -0.45538850877875986 0.06742609558442322 17.005361223279504 -25.31880083969168 0.8356775005226692 28.34523497976148 1.2201802249444782 2.3504865677629896 67.73406129442809 0.8398198490892728 1.329017534889001 37.03804431635768 -15.053973738159087 0.47145373810749075 26.458290856892535 1.277491325329788 1.6188044566074855 68.56217227224298 0.10116938373783231 0.5167729826049646 16.28285863531363 -11.384366193987095 -4.723403560459982 20.93489343601874 6.090737949518442 1.8093074543906287 3.100932040673467 -1.9968129773189005 -0.9832377677048952 -0.018332856158134004
-0.4309981044895491 8.48949604678437 -8.852332397649237 -9.18185541367681 -13.292141654466372 -2.707254112116939 -7.449506008298812 -14.641694146175583 -13.437634520855923 -0.007997626718271984 18.781450302099728 2.3457873310922035 26.587562622654875 -5.197237351814833 3.395945522965508 0 0 0 13.309637102792585 0.5772838021774492 10.281582953232881 0.002052386781380803 12.564477617503494 -4.964919694571284 -24.534431764484722 1.9722610251973935 -4.232888048971597 0 0 0 0.8964128381140475 4.946632984948528 -2.8739521229374403 1.2779183485140106 0.0527764656332665 3.2976319367517273 0 0 0 0 0 6.689067363669037 3.6408279447486045 3.3592745117365466 -78.77904135991045 -59.69919435532108 12.360739033180963 10.303181944966317 -26.431405154279272 7.738964432348813 17.728958219590233 6.259050117031819 -2.3081199694665067 -32.26014648246064 0.2767579528964263 -1.1247098342235269 -76.99924822917178 0.6303837071238255 -0.20600730020619973 -17.626444661002424 7.061181418801487 -0.8516403692687686 -29.132296458526387 -0.04460098281601079 -0.005926107505856146 -84.39730375746757 0.46200321103805336 0.04875085794433138 -16.9516655583105 11.561344170647452 0.8603315809646123 -28.469253708065118 -2.1660237400278306 2.1967152417376417 -84.27774426479822 0.46551500859614414 0.6903397600556384 -16.338020441341893 8.838140101507712 0.9424061468523756 -30.608050748350948 -2.02129052445055 1.430975100427001 -84.38231681116368 0.483617989933191 0.6653470423670877 -19.47539466216667 24.78850289479299 -1.2899267972268336 -10.699950453940176 15.502918205341514 0.3022558956436069 0.6486858551785798 3.561178548305731 4.453905172098561 0.34338204537229483 -4.537543420088375 -3.2668418127508994 4.052905399557743 -4.537543420088375 -3.2668418127508994 4.052905399557743 0 0 0 0 0 0 0 0 0 0 0 10.30035627514016 0.8613316886192197 -46.57915721319766 76.49541062898146 -1.5627324630797714 9.44710073260054 0.18153889706979429 33.639880782279434 10.010168603949198 -23.5125152786234 1.9178735725369922 -1.0046598240536546 33.20189782738337 -2.0734547099917586 0.05253423393927711 70.09681273704184 -0.4189563716738823 -0.22058198438881282 18.6523444351197 -7.942326957286817 -0.8043017340383266 29.443003908452095 -0.7798896359634355 0.5907753006496874 78.3913433455897 -0.3290755625763515 0.06255707470681385 18.595106453835186 -20.37531373068098 0.8575440169433355 27.971944480082065 1.5749998284349638 2.479157826323845 76.59238086703647 0.6477309390890762 1.2692268023587343 34.109993394345125 -13.839584510700227 0.5868848755836675 28.998992440081857 1.4575210337078044 1.7541166398936907 77.19225431894004 0.08566336477217099 0.5311120702304084 16.726518585948057 -11.378987200028565 -4.607266255543314 20.41370046856789 2.4012906772455 1.6642960722859161 2.7654617735070186 -5.9454095003988225 -0.7142622671863613 0.011297307955446458
-0.44537410812632866 8.470567141456714 -8.793359539761386 -8.954711277522803 -11.640626334612467 -2.7826855200413445 -1.7056032694633718 -11.240898292710417 -11.16259015939584 -0.024630399117459786 17.72183331394764 0.21317580996623806 23.741501937926888 -8.313969450100121 3.291572993363334 0 0 0 13.033238207700126 0.5538352072244775 9.714217818735206 0.0019010804596833971 15.489379086919477 -4.99741087131223 -19.95829433137884 -0.3811531669197851 -4.130214628651036 0 0 0 0.506519011102189 4.024863743168055 -3.3834416001826364 0.8652772892102677 0.04158366941126306 3.8182209199329016 0 0 0 0 0 6.875214165830308 -4.711853222602249 -4.164651238336922 -76.15311098599277 -63.43031286924292 21.30471807531042 20.735333183319284 -31.254089444963665 9.7574156466035 16.043221546770884 7.589550543102867 -2.223967055450861 -39.94276326935231 0.768684262739959 -0.9182076521225152 -91.14273941505863 0.024553307492240953 -0.29951516440621473 -20.646708345011522 7.135155223199813 -0.838849341465857 -36.59412408573662 -0.04407405768731226 0.04418823004595756 -100.00000324823134 -0.0011783430842159173 0.013957440013639855 -19.799629661735565 10.686392535671963 1.095675119083853 -35.79855916086191 -2.532160911038129 2.5093442720218944 -100.00892673788951 -0.06418158308744643 0.7676840984276523 -19.048110523514826 7.88971569208332 0.9941838150792718 -38.73344007244985 -1.9702910268999527 1.9272618043132963 -100.0053272155371 -0.08752660649615349 0.7073873127939782 -22.846830582601502 26.826258171386232 -0.861853711107733 -7.994669394343004 19.434334382407737 -0.2439864870903294 1.7865804586795846 5.1072848109283235 5.067179669351993 0.4522836100638411 -3.8484143857931916 -3.465702346822211 3.360979045670309 -3.8484143857931916 -3.465702346822211 3.360979045670309 0 0 0 0 0 0 0 0 0 0 0 11.921895719693293 -2.2209277545609862 -41.77894772805881 75.6616388766761 -1.6086448572793808 7.35694784329038 0.18085295393788117 32.04305458175512 7.196387449690706 -25.94567561890081 0.9762022774469283 -1.1723792990557378 36.69796670866421 -1.5428010272206385 -0.24819229490751646 76.7344894336765 -0.2774435459562115 -0.2618170030894422 21.081624268584097 -7.507151511957065 -0.7681731412080415 33.05681853608968 -0.4289445600659204 0.44062494251502277 86.56821428254383 -0.20294634252132232 0.0541856796813058 20.184837354888387 -15.432022937909348 0.9114927201974189 27.60192383310142 1.9454476886423806 2.55169945159687 85.45200835815825 0.4589523434882386 1.1997048431216495 31.182226970740484 -12.621251082554078 0.6483496399379352 31.541610340253403 1.6558390383691293 1.8608924492374688 85.82329466567944 0.07026881347078788 0.5455708315763771 17.17017701072802 -11.374669535375377 -4.491085400634436 19.892601257733848 -1.2869680795739624 1.4980115091133783 2.440045988155261 -9.893678080501187 -0.44388512094301025 0.02233319856188756
-0.45280922297886267 8.511108495961153 -8.67592961604001 -8.565059424601982 -11.013759890119001 -2.72636798367766 3.336835928186969 -12.71058031197581 -7.697465647470602 0.09845826410084062 24.27649385967848 -1.5102055615325496 17.426269870169822 -0.5927483700588255 1.6928178682707065 0 0 0 12.379854588346882 1.4896208650324128 9.317161183232853 -0.001845785133601215 17.03361547105337 -4.799550212251377 -16.555993063237487 -0.19615210362369662 -4.019090353494327 0 0 0 1.0853224995317412 4.769631725599307 -3.8061567661064806 1.3759429130797183 0.09607800155481314 4.157377064610027 0 0 0 0 0 7.056426886638234 -11.705773302729044 -9.252018989708038 -69.63419862719283 -62.50420832463945 23.844629424557287 31.040105584921083 -34.95819726279398 5.711420669297369 16.223513150493464 5.101208643101802 -1.9021212092456021 -38.65526749247444 0.7717989041279673 -0.9184465259817147 -91.35621851933642 0.0646852731496428 -0.4148482640143334 -28.99873897849476 7.334761341283261 -0.8607354614510365 -35.80419483332123 -0.04407405768731226 0.04418823004595756 -100.00000324823134 -0.0009034009068917562 0.012848262952295453 -18.192282222211915 8.970507371411541 1.1853526809818877 -34.21149444056065 -2.532160911038129 2.5093442720218944 -100.00892673788951 -0.058180607293638345 0.7436135388299449 -18.437484753823714 8.264459854133856 0.9494624804736199 -38.52380860572168 -1.9702910268999527 1.9272618043132963 -100.0053272155371 -0.06708625716206483 0.6421178177384588 -20.668767631260504 30.751919979325127 -0.7144282857027431 -8.602541264295402 19.364722307125493 0.1305123680413602 0.3823606987492495 12.439338763541627 11.80241276549353 3.032618826482215 -3.2399784118085293 -3.8645421885692772 2.6844635785898485 -3.2399784118085293 -3.8645421885692772 2.6844635785898485 0 0 0 0 0 0 0 0 0 0 0 12.965755801929273 -2.25836016596845 -40.53993734083109 72.07866564067598 -1.6524591820133083 3.3584506990865375 0.19376227949331332 31.4767122010651 3.085566675640243 -26.00778652461556 1.5039364180543404 -1.0923943226631032 41.869610418627346 -1.1646806427756649 -0.5233702566284206 88.36840311059673 -0.15378065228516402 -0.2844692094971229 21.813284412785645 -5.4665519987027915 -0.4607998378867401 39.01287012894705 -0.15899476263827306 0.2809110111562353 93.2845582892244 -0.09904399716707477 0.046820208254339316 22.41845926593614 -15.183039829787843 0.7655933397770237 31.163335409297733 2.255238958155971 2.5680313636371115 92.73060761993726 0.2906587982850872 1.0990612728015674 27.788409332198867 -8.38398619059662 1.3791311816103502 38.25165175920268 1.8292895691010937 1.9255325757097803 92.91422770634176 0.07705681668172791 0.6329359809897005 19.973439259476223 -16.362963302785023 -3.8229732108966825 20.476007718144018 -3.263315469792163 1.3610696656884476 1.9575768946580965 -7.394584650385876 -0.22218613032305912 0.006325503012626418
-0.4367808073079612 8.664939273897545 -8.544089553684747 -8.211069688479766 -11.125833389223073 -2.4117949727105876 4.635665467317692 -15.994395816822127 -5.515237440809254 0.07580564029266945 32.80291045728137 -1.7657238061747427 14.043305999952041 3.1303865616852025 1.0570658579804906 0 0 0 11.57105848220797 2.7968938465879316 8.58402238428526 -0.002528443559534209 17.596929674750385 -4.4889967343760055 -13.145453488817017 1.1120518293933157 -2.9950784246163966 0 0 0 1.48149577977247 5.968210317785364 -3.7072419161737336 1.697731181046328 0.11486783719178087 3.992701391801825 0 0 0 0 0 7.21097048643464 -15.177830239051055 -11.305937778377881 -66.07717643741928 -63.02641918582284 22.39479731397623 35.0793987848251 -34.999057159701024 0.5540020210461379 15.083567710809675 3.1187896324461555 -1.6259455072226794 -37.58621137170121 0.5376293470243836 -0.9059989562890508 -89.21399145962415 0.20653656160225153 -0.5474162405340551 -38.38494273466871 9.553063023232642 -1.1321127403371294 -36.478032985066164 -0.04407405768731226 0.04418823004595756 -100.00000324823134 -0.0008037435735767704 0.01240968592291503 -17.559685712628553 9.073820159208745 1.1374936369012827 -33.104579105938555 -2.532160911038129 2.5093442720218944 -100.00892673788951 -0.03805134508081379 0.6532155030991117 -16.157770978620118 9.894042148994442 0.8135597508637439 -40.39792663958284 -1.9702910268999527 1.9272618043132963 -100.0053272155371 -0.04536732744070622 0.5608339742799522 -17.98943375259615 33.92286504517472 -0.583613204377511 -9.209686680484275 19.992692175740338 1.0785841899969737 -3.2687596476491256 19.44664513059649 17.355969315426268 6.615236606303452 -2.6567229652085143 -4.345054851218312 1.9378849236793654 -2.6567229652085143 -4.345054851218312 1.9378849236793654 0 0 0 0 0 0 0 0 0 0 0 13.69967987622572 -0.46444988578813623 -40.931119372018 67.36915657570414 -1.686746563688671 -0.7062252384407111 0.2132802301696292 30.79879351484484 -0.7541312743526134 -26.589720360744906 0.24387642626202466 -1.4181962422856242 48.568150970161106 -0.9482418033180875 -0.6932822386138225 90.11053263113867 -0.11696241806299786 -0.36547306758706105 27.700015878771893 -4.791308791923251 -0.4068087379230671 46.92146897482307 -0.03149946497031153 0.18947268773940937 96.64239754229688 -0.042700951264616795 0.0548903033928384 30.911842068261713 -17.18334237442002 0.6553386564206134 44.335163651347806 2.4102883394207866 2.5614361860291877 96.36992095074177 0.3498921367829563 1.3405133012301125 34.144733626166065 -6.100722488558734 1.8511120368757512 47.51615927223815 1.9186837764012163 1.9496911075867 96.4598493363394 0.17957509263991306 0.9276582314731697 29.807322050444373 -25.104549455918217 -2.369925768774113 19.276210014397833 -6.397757100756735 1.4017733091466686 3.2058760196282425 -2.7116077637917453 -1.0980945166111968 0.004988745147820102
-0.37920393285762843 8.88168019575687 -7.816881528998677 -8.044218171039676 -11.355854134927382 -1.7641028014220126 2.3600295731406837 -18.92935316602272 -4.448874282352342 -0.02630773314827857 40.04580632272593 -1.0041926921544324 14.075706336344364 2.2346676019503104 1.9125607717465938 0 0 0 11.267476783843012 3.8975932846878574 7.705254450240366 -0.0010436169079935552 17.438679195170817 -4.336908980722196 -11.17525886285779 1.360479434921535 -2.5314632415329723 0 0 0 1.789418002089806 6.962430169101975 -3.761319779098971 1.9227247507851666 0.12166489041589368 3.7271930486034046 0 0 0 0 0 7.357347401127946 -16.59644817118616 -12.041155822915854 -64.45551305193987 -63.838526616518905 20.39539625398919 37.32790943921065 -32.785895263556064 -3.904417513791448 14.829350004647745 -0.07219725405706871 -1.1337503848855477 -43.6285989164862 -0.3492722917985528 -0.8866248351005519 -81.06748779654768 0.27747717824607065 -0.5330709782504074 -37.129814194764435 10.20237232935763 -1.241514021650572 -43.39210845583067 -0.04407405768731226 0.04418823004595756 -100.00000324823134 -0.0012051872425229268 0.014059045750687178 -19.947441718220066 7.199668466606712 1.7642190889118639 -40.34695134700594 -2.532160911038129 2.5093442720218944 -100.00892673788951 -0.025348959333626863 0.5850797969706397 -14.451757444132712 9.350586595602138 1.1584707970761026 -49.01182699068241 -1.9702910268999527 1.9272618043132963 -100.0053272155371 -0.054808649997500354 0.5980595024348264 -19.21233548232586 37.783422660302115 -0.4295245245304834 -10.352451042004363 21.367231539910087 1.713729273917508 -5.591264833869855 24.851680166705314 20.97753023011372 9.923306735320605 -2.1966609152081547 -4.660922897182339 1.2241255522507133 -2.1966609152081547 -4.660922897182339 1.2241255522507133 0 0 0 0 0 0 0 0 0 0 0 14.588689692898283 0.23001106334939792 -5.651046192912221 67.68844805407716 58.25097648425684 14.212166959548513 -38.084108616226736 23.450177728200163 -6.342921945285005 -24.976345546178432 0.25251447512073993 -1.4268019445575646 52.37198650861125 -0.8466475885911303 -0.7807060823782366 91.33909508766259 -0.08535154447176461 -0.3701502693987642 27.65423900989603 -3.651632971160307 -0.2852549044057129 51.53790888156315 0.030184105895433227 0.14099148180104482 98.32123240756859 -0.016092803383926272 0.05207177524490544 32.68890143348387 -18.0614398583084 0.7536791620689535 49.236743934666606 2.487576885006465 2.55445325719532 98.18955640161546 0.38170161658335067 1.4462196583568179 36.970253531244175 -4.804770869359379 1.9164982016326295 50.71721261315715 1.9638993892526533 1.9596858616220978 98.23269081665875 0.1962393824113583 0.9698663705587208 31.255935845231807 -28.74374766423005 -1.9665422730242241 20.132301468550835 -6.127091081171737 1.066854912934143 0.6759702689304036 -2.2561939829450153 -0.5490572152420437 0.00031224394916750227
-0.28566413240939537 9.121162656839497 -5.900526234329362 -8.150771984502786 -11.82285559114925 -0.4968356179511575 -0.9171154322453722 -21.971340452821828 -4.380652663538337 -0.09206519452575469 46.00530875317741 -0.017939963253010605 14.625823268972875 1.9011663778928003 2.347364539025199 0 0 0 10.781279097899604 5.009224000311105 6.301811678556768 0.0006348027752390387 16.939479921110777 -4.082742614513716 -9.318261916119276 0.501403383014225 -2.776760188223577 0 0 0 2.0244744297154718 8.004550782408177 -3.892184239616838 2.047069302923211 0.09964468618574 2.911409861597844 0 0 0 0 0 7.4927418895499915 -16.91448799860482 -12.623602488986279 -65.88772828411017 -55.96687557902521 24.29582664836891 40.94834892276932 -26.193203071601022 0.6695344458849722 26.57629728334604 1.0892027627055179 -1.4837539987850377 -46.916626962056625 -1.8581262407067964 -1.0609251797983934 -78.28465464986228 0.45041045542280433 -0.4180076567975408 -31.324614810837733 9.543243053322291 -1.0847572197081092 -46.84315399650283 -0.6202352893525641 0.035872315947056116 -98.2733350590426 -0.00467464401833531 0.01461253955225694 -20.53723102967355 6.214110077406573 2.053444380123765 -43.78505528750064 -3.7973499059769282 2.428562694211834 -96.61898832956713 -0.26392415590908064 1.2842676248658467 -32.71508704539287 7.8110615947321955 1.5627136009150433 -52.910745206686045 -2.3724859940859693 1.9278001997945513 -98.64752800892535 -0.23221192716452121 1.0304589559797774 -34.138136445767444 38.04705890275546 -0.5081973904118341 -12.902050058510056 17.747712257973205 2.2271234896361607 -7.758670409104639 21.24112697326813 18.61246885975781 7.700473932748552 -1.860576620497099 -4.829772411357966 0.6468938460485715 -1.860576620497099 -4.829772411357966 0.6468938460485715 0 0 0 0 0 0 0 0 0 0 0 15.30364078417659 3.094331314841304 -4.102190186044831 62.96167414393791 63.77792460347731 14.234305190327952 -41.93288345261809 16.20077644203444 -10.95444067994251 -25.92595713568349 -0.3072829123681522 -1.6049930445816112 56.61295517862149 -0.8533196590002191 -0.8049940526537414 90.84689062511603 -0.10343195576587916 -0.4007411914764417 29.842341700207722 -2.796780610313608 -0.08655617880902322 56.91020797418221 0.04274796798639376 0.12804374196019566 97.21280781854485 -0.007051823464405352 0.05571194751826602 36.258397361655604 -17.075503583516205 1.3119085969169886 57.7151882925323 2.433980506783422 2.556070631999521 96.87171910875782 0.4382966451270972 1.5432879174552796 39.763732179373505 -4.822938137886424 1.9832009672782016 58.15450505627844 1.9592146107826838 1.9631507976344995 98.17335524954395 0.25811601455734373 1.0838473609634793 35.31682380895951 -32.358365222685784 -1.5090132887867689 20.044785894265065 -4.268558446318877 1.006100255224743 -0.6712120406627337 -1.1879407173246264 -0.9114889844650053 -0.007134704377371841
-0.13367051813394154 9.272225547530962 -5.025932081307848 -7.982047567802395 -10.622691024588574 0.04194068056538339 -4.080525980720412 -19.319058181341475 -4.164893411342155 0.060237619030882594 42.16553403473615 1.2675946107607126 16.62502356367081 0.31379724119582525 0.6691356678863237 0 0 0 10.31301706925877 4.061249921572156 5.300591757536272 0.0018926311340501237 16.447792266508078 -3.8863470786310823 -8.067487009356228 -0.08522144228565554 -3.16921722887818 0 0 0 2.0877871207516674 7.092855368617399 -3.0321211134402586 2.090145362287889 0.0630591205928851 1.857371635318815 0 0 0 0 0 6.969432696341222 -8.891637060151847 -7.0444984880233035 -69.35982455708327 -38.15454141543997 21.655524301083645 39.96505049955406 -18.79170923774143 3.7744798991595796 38.79715598297542 2.2689545164427356 -1.7665129868036418 -50.21158413538217 -3.3737338095748046 -1.1617209257643333 -75.49806838252037 0.634093219233951 -0.32102585338064576 -25.519164785944984 8.875899964504702 -0.9679619695867405 -50.29562404106408 -1.1963855793483975 0.0449208881178841 -96.54667167011354 -0.008149614228520402 0.01513029325519104 -21.127021172157576 5.212799254536145 2.283031974450095 -47.2282127209705 -5.065064953136651 2.422677481988613 -93.22820149623068 -0.7097776037460143 1.8734478806288122 -50.98681106160729 6.247321852568584 1.8612234611276859 -56.81982721405303 -2.7745566809719033 1.9378633787739856 -97.28976206369107 -0.5150594287432877 1.4025722536266485 -49.067419278841385 38.31393164801662 -0.5750643587241291 -15.452015311229488 14.110180970268722 2.602384612729683 -9.954893794062821 17.776141639555508 16.12288757671205 5.666157996387898 -1.6879637339775222 -4.729272721116351 0.20492214784824442 -1.6879637339775222 -4.729272721116351 0.20492214784824442 0 0 0 0 0 0 0 0 0 0 0 15.44566204718321 6.19427307059551 -5.763105775675459 55.113952791572295 76.2557342782125 15.490224286306063 -41.05342165963923 8.890576510070614 -15.647690313957174 -26.282588851713864 -0.8787754706201325 -1.7413033275043335 60.85580637637439 -0.8597829482783117 -0.8293384158243509 90.35468602878862 -0.12266725690104764 -0.4306194933979575 32.0304635914812 -1.9270820406860638 0.03121365922601944 62.284857982174344 0.055559938626468616 0.11534145573756538 96.10438118105994 0.002198251330347449 0.05878217244390975 39.82789662550338 -16.017790571426843 1.718600423252924 66.20383238944294 2.3803610565629993 2.5564560674582975 95.55387996094113 0.4995597066762446 1.6374834938410703 42.55743561632818 -4.832313520428858 2.0516930204523467 65.5920865138029 1.9545263976960445 1.9666108287375839 98.11401936685075 0.32791315680134575 1.1931608422573248 39.3779947570687 -35.97303683995537 -1.0579093491935383 19.92860982418502 -2.409133575835789 0.9890744952641762 -2.0196401600724925 -0.11951155685353206 -1.2737188644907085 -0.021339861603236292
0.018323096141512302 9.423288438222428 -4.151337928286333 -7.801519630456644 -9.42167984875615 0.5766490070555054 -7.186222726651167 -16.659707179544668 -4.1053997508015305 0.09437512859367408 38.32428343470659 2.4691749977030533 18.670272106830147 -1.2133755095422867 -1.0638001155847814 0 0 0 9.86190065860879 3.1052990673857863 4.308203740692457 0.001394427430596594 15.956103999876296 -3.690451670022674 -6.812640465589596 -0.6631255341380519 -3.574412522936725 0 0 0 2.1639946620804182 6.181120056090025 -2.1726612493006265 2.1338872920560954 0.027272155978048832 0.8033066090539129 0 0 0 0 0 6.4461240635418005 -1.2762127105959507 -1.0523145823643592 -71.99702081865962 -21.229814599812457 20.17041128087948 36.69193298443814 -10.87774018570207 5.218388968569713 51.352005304001224 3.463183239027127 -1.9809635954611426 -53.51213287252567 -4.892484496480069 -1.1887012594987723 -72.70972726888708 0.8266423618304143 -0.24312117968204716 -19.713477756607386 8.202752230458024 -0.891566484953379 -53.7491260544526 -1.7720016159568175 0.0713248157781188 -94.82018555631527 -0.01162972994921448 0.015612248495845554 -21.7168090203808 4.199351785191766 2.452074745204528 -50.67535548181234 -6.33093929932897 2.491711570797326 -89.83803360212492 -1.3181503416535054 2.2931373987930397 -69.26836788652466 4.666632500878049 2.0523743418526124 -60.736166061198624 -3.176279331590557 1.9574453178742202 -95.93208777555844 -0.8843082850531416 1.6892593637459015 -64.00066128725666 38.58352362942081 -0.6299914036578423 -18.00229096258362 10.460015540825692 2.8374148909364703 -12.171077303261592 14.444590958932785 13.522626972795313 3.81392594342156 -1.516158450146936 -4.627449655455138 -0.23667999523174107 -1.516158450146936 -4.627449655455138 -0.23667999523174107 0 0 0 0 0 0 0 0 0 0 0 15.587682831078055 9.50210160953705 -6.983801535302387 47.16554919305247 88.97300517024469 16.546784923108234 -38.92248184120134 1.4138555805292867 -20.346586462944934 -26.009644433058984 -1.458827178001066 -1.8349692849717525 65.10006757544352 -0.8660368700198483 -0.8537374162066842 89.862481072599 -0.1430294179820124 -0.45974160466778363 34.218605330998685 -1.0501753039125008 0.06699240495417756 67.66068008254439 0.06861522659639893 0.1028893912956805 94.99595182414757 0.011621531952207049 0.06127054379245304 43.39739635346609 -14.911411477511978 1.9646818727936615 74.70006433543972 2.3267466756799298 2.555609348806056 94.23604114663071 0.5653459691152547 1.728582244988591 45.351368683575345 -4.832737982802317 2.1208215138706086 73.029980698499 1.9498343231134565 1.9700659549134838 98.05468345908967 0.4052816073384322 1.2972573517516852 43.43945410084227 -39.58820231601206 -0.6150258960201683 19.784237110879374 -0.5498200056357355 1.0158046898676534 -3.367912735121532 0.9491789503169691 -1.6356208671943793 -0.04230186587310063
0.1328371693129896 9.4967478014147 -3.9991989982133127 -7.333851703471904 -7.850373086063434 0.9966064997608531 -8.650128515840569 -12.331477995247226 -4.594571728830881 0.09787604151223696 31.369036496274173 3.229869359153918 19.5481734643287 -2.609175079216223 -1.668123806552286 0 0 0 9.363262241001905 1.6094869426171232 3.4180287422964795 0.001372749008933593 15.595571750494999 -3.483277504672509 -4.966066764656734 -2.084094981638564 -3.39744755310969 0 0 0 2.1098789050876188 4.712154974388963 -1.0569930094103681 2.0629038719207795 -0.007375861440862311 -0.2206698911832316 0 0 0 0 0 4.820866169739214 4.890182782247979 4.191607784601504 -75.30733958947422 -17.36849213391105 18.174914888210377 28.899861424868423 -9.513933859089828 4.256670044009675 54.27953348455779 2.4977336083349044 -1.856582893649116 -60.754862669121366 -3.501551108939103 -1.0262902683073163 -78.65510923543629 0.18140714657105209 -0.3353451797074973 -31.71318848343787 4.884211932242458 -0.30019947335510666 -61.80019779325368 -0.9059639909556385 0.05996826477864691 -94.53710526067586 -0.009120183144846167 0.02141057414571098 -31.39679660447901 3.0491466061990207 2.7868165345663107 -57.16757898034637 -4.359464226896778 2.447904304225107 -93.15370322070575 -1.4991823923209484 2.370115682418322 -74.11533499864136 3.3035050185399513 2.263564060704897 -65.82260608648292 -2.5268948422175432 1.942590445313695 -96.48506806842673 -0.7749264058974655 1.6197822044465273 -59.87194980185633 39.88692195863544 -0.7192456002758516 -25.048400947921937 5.051070917378525 2.2069512208265682 -9.445837386552018 11.19226019145188 10.740352967531592 2.3752155790487413 -1.4680209220707472 -4.285979965546931 -0.4705731403743323 -1.4680209220707472 -4.285979965546931 -0.4705731403743323 0 0 0 0 0 0 0 0 0 0 0 13.859018152480047 15.044479284419449 -8.054903125482202 39.10552470343041 92.81661976182868 14.578935857511748 -35.37255506168072 -0.38082524187693373 -21.248778881238714 -25.39854725341151 -2.4679099498104016 -1.9728752524268856 67.2000556827297 -0.9122598401428231 -0.8685676454173095 89.66964339668901 -0.13874476360254703 -0.4574231614323084 33.99799465021144 -0.43991984222779007 0.08398050094834617 70.98560334793615 0.07481174252984499 0.09690719036399081 94.29454446079448 0.01563587608171767 0.06150686580533863 44.47204135389495 -14.547097814979889 1.9862230044615692 79.44427668795298 2.3055084035115936 2.555456798495085 92.69107502995995 0.5595356132796501 1.7267546587620781 45.25701270710275 -5.204558303537113 2.100778170553225 77.20487284399411 1.9428101838412433 1.9720412617548582 97.8775293319804 0.4189237141875335 1.3145491585896 44.1327253648243 -41.912640961684076 -0.347222582473115 19.860120555586875 -10.351699708773637 0.6089011614998632 -0.8912674717439109 8.687170036325734 -8.754467192994452 -1.8327320615247251
0.2511529623438135 9.485098667910448 -3.965248789354382 -6.9069645603174825 -6.7944152249560625 1.2645768918846665 -9.244196093353294 -9.316921050184062 -5.087621897638391 0.06346725063095379 26.404661359147973 3.556399789845825 18.425797857754095 -3.4689720955053818 -1.8529823924573179 0 0 0 7.973992192188289 0.5991452416025062 2.872056324202868 0.0017323816924337992 15.37917654097824 -2.9487419185991026 -4.414550485989985 -3.2801151042822903 -2.851204500832453 0 0 0 1.9912807820299565 3.69725033135218 -0.18016276134466386 1.9297524138665731 -0.028683057117361275 -0.9339469041560546 0 0 0 0 0 2.9804291969323162 8.41399178449205 6.953306144360115 -75.3050899309704 -15.614032950402146 14.799550845245822 22.642007159401714 -9.779285379386698 3.194042883148345 54.625116880598 2.4013659700068763 -1.91569798173539 -65.8319143887213 -1.3359886112256378 -1.1259972530352083 -86.72701280255055 0.18607309718927556 -0.4910716406867606 -39.7313057463003 2.6021781290607344 -0.05926480160407522 -67.29253543120626 -0.4749461348364538 0.04307915441247609 -96.93339382809796 -0.008735664512257072 0.025217856307621283 -37.560035353376435 2.364507579645787 2.988263955088236 -63.014417949735126 -3.444903050833278 2.45131205409014 -96.58152055273149 -1.09901172380098 2.173996877157673 -63.1215826386879 2.7695534684654626 2.328962278792129 -69.86560721160811 -2.248710085526062 1.9306534210552624 -98.24518304252996 -0.6354153121537479 1.513574453566654 -54.284483566182246 41.69692036269404 -0.5918648805703756 -30.71182968323989 2.174564091688834 2.018687509193979 -8.387571812156235 9.69172204761999 9.401892805578656 1.747364464464238 -1.4610376267282268 -3.910628641681653 -0.5519866502884683 -1.4610376267282268 -3.910628641681653 -0.5519866502884683 0 0 0 0 0 0 0 0 0 0 0 11.768669094317564 22.328499963922955 -10.191212724236271 32.69740776506601 92.11581843096072 10.409407229461596 -33.033741011411244 1.1476981683400338 -22.08829874910014 -24.233394277421052 -2.930350619478559 -2.0205498926210876 68.15231382786781 -0.8544440082422543 -0.8707634306457119 89.37640019392221 -0.19146793813142196 -0.5034676202541176 37.59600926206197 -0.1145161809586589 0.08079576854245682 72.29142096396029 0.07837358783167893 0.09396152045556624 94.23767713391096 0.021036086275058843 0.06543749534297492 48.490709011709455 -14.626501304176577 1.9516819807919017 81.65738816804257 2.2941797002329047 2.554631446076526 92.92254739833983 0.6160610547181075 1.7929256899043133 47.38846778880252 -5.370123540502814 2.104533888249957 79.58664363064467 1.9317098343626644 1.9734540272491614 97.55172636100988 0.5204074938830558 1.427175266140778 48.86918440172194 -43.447186093931165 -0.1405009340003591 17.366983372100382 -13.83905267943321 1.3948372142669956 4.009792656884272 14.011276515226315 -13.296549126590564 -3.7592531592054192
0.3266675235498074 9.458097660125253 -3.971242540871011 -6.570933901281497 -6.156395469338222 1.5275581723693488 -9.280000350917396 -7.276431947649671 -5.546597675320273 0.0334251652206862 22.955625983401553 3.620290443524721 17.197509509448086 -4.348344939770342 -1.764069855809095 0 0 0 6.025971612216491 0.030025446264579387 2.4582657318351266 0.0012577213090766116 15.320819105286002 -2.206853499625067 -2.6141250364242836 -4.415441064447473 -2.617262877464356 0 0 0 1.648157790055935 2.984396871914563 0.5273621188626045 1.5687792745253188 -0.03556309307952266 -1.5695000569888529 0 0 0 0 0 0.7997879475520746 10.391869535761632 8.147488206832747 -74.2753850459328 -14.781619916542915 12.88835398330489 20.049390957571585 -11.065928379529865 2.534013831487604 55.32709398013273 2.374661310342865 -1.9511096205216127 -68.33606265356195 -0.21286483668911388 -1.086940070580937 -93.36520778210543 0.21178780025375396 -0.5873679767491535 -45.44552417817325 1.3116239060980928 0.004834552891714325 -70.53118435114385 -0.2595026728787807 0.04075085302500693 -98.46669950682734 -0.00952619144800511 0.028230933890105562 -42.604532670590636 1.9550250845822454 3.0558372126343243 -65.28789799541457 -2.9881027299039045 2.4735091074848237 -98.29532025193028 -0.8784564239165582 2.020021078027277 -56.49265444602372 2.1455338525713246 2.3886243770749904 -71.7662230156702 -2.1095134683110213 1.9278890425400743 -99.12525341780074 -0.6064005088174721 1.4886307935611913 -53.06565346261194 43.23573657736102 -0.3775343413238726 -34.96923031384185 -0.4145521127837761 2.0047470388560398 -8.7784108727935 7.324959454581132 7.193220627313108 1.042570301005031 -1.4656848360404342 -3.6320060079446077 -0.5477827420705415 -1.4656848360404342 -3.6320060079446077 -0.5477827420705415 0 0 0 0 0 0 0 0 0 0 0 9.87729230469905 27.089879189154225 -10.749184712349072 30.615223920119764 89.11665046490867 6.869591482282065 -32.88837919732856 3.4302584171313626 -23.27806794418314 -23.469357288647874 -3.1631373733439814 -2.0368620708825738 68.18260606070861 -0.9062661401131975 -0.873730958098695 87.23134164897341 -0.38241044848500905 -0.5275529628986889 38.51904249893251 -0.07122514021702699 0.06120475649336996 72.18279628806562 0.07987178769427622 0.09248211553140229 94.01640773266676 0.022148332192624343 0.06553921453524188 48.85605007456201 -14.779559385764465 1.9177336632973063 81.65228431505943 2.3382268689147145 2.55511623105953 94.24661103667876 0.6259679619780386 1.804795791724639 47.771954555161535 -5.748591155712006 2.071758164481909 79.47450276029208 1.9458029634073133 1.9730076658370908 98.0031496680614 0.5442994336610771 1.4512164717309044 49.928746949952 -44.840229376748084 -0.00016418393166791042 14.496178554610077 -20.865923186347185 2.665550772904608 8.760540787870886 23.755723550693148 -20.24040275147909 -9.59374920047263
0.36300263089717844 9.434921186788609 -3.9840547160402666 -6.308752549233166 -5.790112456344886 1.8476709002511629 -8.560555442581919 -5.871643647362729 -5.859695040230843 0.010923201637252543 20.48973003566335 3.3718044619710494 16.60950581721638 -5.233723307687287 -1.6925083959506457 0 0 0 5.4212353330947245 -0.2852544241520849 3.085816333566064 0.0006436255920639227 15.313956887431935 -1.9688674409934261 -0.8790959004264264 -4.968384840160538 -2.721990041200733 0 0 0 1.2219193795934333 2.45308953097479 0.7305024963323039 1.1177916048838066 -0.0285254258032248 -1.7798317133609467 0 0 0 0 0 -1.223642009849083 11.027165041814598 8.187720567620298 -73.00893684067606 -20.163596715917354 10.62064186161982 22.1109338659469 -14.588668016880307 2.116150527371175 50.65576061248715 4.268936051143906 -2.050740238880573 -65.25349009944539 0.12667614939193747 -1.0493445513976463 -95.38179427414948 0.1788298964530584 -0.5632326600209997 -42.468102128301275 2.558130846325563 -0.1121428798502955 -67.41720492623257 -0.19403963061900772 0.04118550062828661 -98.93256906149095 -0.008418633480569137 0.027322812108457786 -40.88915294739399 3.3535402577976208 2.9006189377608957 -63.7083711388235 -2.8494628605105423 2.482955983732142 -98.81599486176167 -0.6582660920045189 1.8225888106978023 -49.203961267618745 2.613328768858976 2.318440898783912 -70.13187186431801 -2.067214324048016 1.9274723786462624 -99.39264956710186 -0.5340044793554473 1.4214302625460085 -49.91887529152675 43.15285564055026 -0.32576770770612185 -29.661376280644284 4.446202626491807 2.569918392336565 -12.447969571405396 9.263350460933644 9.006387884111335 1.6184619117433936 -1.4362037954830802 -3.4659580928946534 -0.5485699391888788 -1.4362037954830802 -3.4659580928946534 -0.5485699391888788 0 0 0 0 0 0 0 0 0 0 0 8.154600510079264 29.968271410524174 -11.812971983107813 31.722696941596297 86.87148815567744 4.163935166198166 -33.853495007635765 3.1140694615907796 -25.40343511083124 -23.97578707145434 -2.1272426395767736 -1.928747784797761 64.89181069457459 -0.8892379408376839 -0.871005877006539 91.11120171834658 -0.2952356850893422 -0.5104743879738538 37.397893562162615 0.6438254939156214 0.09412551191761673 69.17487215578252 0.08309553599442926 0.09206460633673978 95.8344260881654 0.022964768408281135 0.06606352528130156 49.43728489295976 -16.065231637369223 1.831618429228813 77.02976946485406 2.40709973929775 2.5544560347196574 95.99747615950945 0.6993248282330942 1.8803487933540854 50.33399213979936 -6.018651623053826 2.014989659248415 74.9066834288445 1.9651436672523677 1.9718056941708417 98.61154758793053 0.5435004089841614 1.4504762261107251 49.895265114836484 -43.081149629269035 -0.13721937865208367 15.116466597499585 -14.985922008995427 1.6555666289648479 4.909113871967954 16.383417165636644 -14.880760751229099 -5.797606944779771
0.3710270454595729 9.388441921647487 -3.9659390153982805 -6.166105793837018 -5.587915297923575 2.0841556460111006 -7.4090700949018435 -4.909416018523715 -5.752420951918124 -0.0007940949931664011 18.907239463222517 2.942963214949971 14.57596461806573 -5.402487414982303 -1.3042243305078889 0 0 0 6.459528803272256 -0.5318029629141932 4.158434748807172 0.0005439805255979274 15.377545491209878 -2.35475274255791 -2.0682433586806788 -5.428762617767207 -2.831842993279511 0 0 0 0.8524637187339925 2.0830659309287953 0.5585075580765667 0.7272478811296611 -0.018487836637797087 -1.3728186196728465 0 0 0 0 0 -2.5405238380190993 10.903256388230483 7.694946487434171 -72.14427718163451 -26.711544241945646 10.032679436357636 28.93013347643864 -18.064652235357144 1.4140225757578342 46.02028770065387 6.155295961006399 -2.2519618750996564 -62.175591281239946 0.4646790749500321 -0.9998272594937607 -97.39809513349547 0.1471703153178048 -0.5374180497301893 -39.49070666980826 3.7964553923571707 -0.2966283298799972 -64.30647349168845 -0.12858225743690807 0.04215240954354074 -99.39843838109108 -0.007338755618362648 0.026381945109316584 -39.173774558546164 4.747032929602292 2.707015245582279 -62.133342132387455 -2.7109139934280986 2.4936610865961293 -99.33665038560275 -0.4649365171541197 1.5988349298855637 -41.91687695646202 3.0789050794655846 2.2349583195510756 -68.49823612769853 -2.0249135626225376 1.9272530481803392 -99.66004521991518 -0.46540963934021 1.3503583180697396 -46.7722746903003 43.07511799940055 -0.2665561908975665 -24.353629052761846 9.264028445312142 3.4424943194113724 -16.058821751823125 11.230867931263594 10.799075069410996 2.2596178683508423 -1.326021258004407 -3.3230261276057957 -0.5837709785080039 -1.326021258004407 -3.3230261276057957 -0.5837709785080039 0 0 0 0 0 0 0 0 0 0 0 6.687568230584174 28.833302354709424 -13.822245898276352 38.65254272656995 85.48045406900255 2.8094817932830947 -35.64455634018071 2.8131743583090962 -27.53125690181378 -24.47843418646387 -1.0993446695984994 -1.7614062810958058 61.60375996977181 -0.8720643507636573 -0.86943912837976 94.99106025787923 -0.20841201594067416 -0.4916935309368357 36.276772555072455 1.3561650295018097 0.16451901929305623 66.1675853463305 0.08630441648341922 0.09154503104517442 97.65244444144197 0.023786479351976322 0.06657952507444376 50.01852222077194 -17.339688149905975 1.642259752224332 72.41068325314193 2.475920122753472 2.5516938965601175 97.74833679548316 0.7759907527412572 1.9525488506917006 52.89623411758944 -6.283319995171658 1.93690895458928 70.33936831305255 1.984470680624132 1.9703984828878378 99.21994318353782 0.5427017908443434 1.4497354469533206 49.86178274996017 -41.323639945031495 -0.2932426456289062 15.732261094867537 -9.053458687713276 1.0471213796595278 0.975842165977612 9.534866823168839 -9.114880850654199 -2.803955289325385
0.37383676263694343 9.330086420061457 -3.9547653474918674 -6.149454354060235 -5.494091118730378 2.243258181536635 -5.68736430350886 -4.1717897384967335 -5.416000097921802 -0.006365244022627522 17.905997489716775 2.2910601926388128 12.20057129812154 -5.485360512710872 -1.343076634549282 0 0 0 7.7035922753363355 -0.6366720036039016 4.934190744748999 0.0008335032930054767 15.50974634189558 -2.8235270939986052 -4.73749739159419 -6.70008413446022 -3.209938355162348 0 0 0 0.5699850872341102 1.7804469506423473 0.3092668948139387 0.4262313939427303 -0.010904847307957443 -1.008826802511731 0 0 0 0 0 -3.2837015669231837 10.392350965566264 6.978434195689833 -70.67881505636265 -34.73148358999976 11.573445351591854 34.847670149125435 -20.451389800557095 0.19171553683701678 43.38330175776614 7.602708601138928 -2.2431462837610265 -52.67055372100201 0.6818934560346768 -0.9615524225404718 -98.6997102538608 0.13591227893575292 -0.5332193812070303 -38.65146526054724 5.599939708861257 -0.44031992286651483 -55.27761003041691 -0.08632549173754123 0.04305941089132844 -99.69922062669525 -0.0067643684991563905 0.025921954499161327 -38.34351034626627 5.869665068073741 2.5215596695939273 -60.061484126718256 -2.6215145225366414 2.5012408314930066 -99.67279299080052 -0.3470596021857363 1.4281295476951708 -36.806991174154106 4.541689529075709 2.0471992966015113 -64.0991283315534 -1.9976023173129402 1.9272163151352542 -99.83268563825844 -0.376640368517898 1.245387010614342 -42.39251347527242 43.38873525597929 -0.1595017984019078 -18.6568584305348 13.032030828690246 3.435777324789806 -14.281887888531985 13.641913416286583 12.903993454010267 3.2132040554304573 -1.209406984505881 -3.292153684187516 -0.6744367812123817 -1.209406984505881 -3.292153684187516 -0.6744367812123817 0 0 0 0 0 0 0 0 0 0 0 6.1694712791750375 23.374841031983145 -12.322720421101433 48.92161979327721 84.94690974331398 3.1029951939453975 -37.81361682437029 1.3682100505004509 -29.387095205265812 -24.614959657835833 -2.6776350508231492 -2.026063585259149 65.61505777899015 -0.896810225086724 -0.8745038199112588 92.02375182007864 -0.18712656511284168 -0.44523110893139556 32.549880869861425 1.338248628849275 0.18239970946104161 69.36248734075288 0.08637377225983135 0.09125735565109144 97.46085467777843 0.020218649685786835 0.06254524193063382 46.292840109835986 -19.369700098292796 1.3728046021643767 71.65759096059942 2.520295203192154 2.5487950252697193 98.87875603718176 0.674241685990478 1.8559503423212786 49.48797579035596 -5.975908055574434 1.9858703975768859 71.65652481111172 1.996940542933333 1.9693808236251866 99.61274638646853 0.44941535855099135 1.3509076605915946 45.61948599148943 -39.57345879120081 -0.46530769651286674 16.347135013984733 -5.809556000545216 0.854468701223955 -1.386240067813092 7.336517005576594 -7.152607654961104 -1.5948406923999983
0.3766985050694117 9.258286218511842 -3.9462325496983643 -6.259443526035285 -5.549130598882638 2.307788264919454 -3.9322072524632343 -3.585697703028845 -5.026682990193909 -0.006104946718798435 17.42525790270143 1.6246194031494106 9.96889519347149 -5.998533788067313 -1.1958010436494444 0 0 0 8.596381084943983 -0.6133527770709754 5.801136357058846 -0.0006981821057709145 15.133801200246658 -3.1517631806580106 -8.078762716880695 -7.704778401540428 -3.2986969868870677 0 0 0 0.32963570173128487 1.4742263393431416 -0.5258277311296397 0.1690434916385652 -0.00746691673450422 -0.2710133170220296 0 0 0 0 0 -3.7560276236831465 8.554612154302289 5.100388486438213 -64.99237057045882 -47.94656956979831 13.258054876816205 34.411156597857925 -24.863841948814432 -1.4637008670783307 41.65801845618771 5.772747632374363 -2.158562852931152 -48.709789131401735 2.1629891248555304 -0.745583040777113 -90.50871855046867 0.580752468180067 -0.5355024178660189 -37.36998582527937 5.811716414365615 -0.5094762870451954 -52.11048977765206 -0.07402143737410077 0.0436672645510175 -98.7851391864289 -0.006724535452040262 0.025972253778275244 -38.41558842415275 8.376532193323678 2.277114480132952 -58.82767499976973 -2.5969675838462787 2.50341447744528 -99.76511880661823 -0.31288380615722095 1.3718287791641777 -35.185275734732464 6.737726874986718 1.835209532023784 -63.09435435790564 -1.990100862619337 1.9272205864195258 -99.8801051454634 -0.3267804334874725 1.1784944589539585 -39.73501243160038 42.91218229169117 -0.19475510836655371 -17.146375190714092 14.519071855658034 3.3708964806400012 -13.419889909975536 14.182199909366302 13.365379795201621 3.429679169459261 -1.0104417714306715 -3.3372481852989484 -0.8188405862312246 -1.0104417714306715 -3.3372481852989484 -0.8188405862312246 0 0 0 0 0 0 0 0 0 0 0 4.889398334096244 18.67914474022417 -12.466242355811067 57.4062633944409 85.35649399532157 3.1686312757384165 -38.45528519445525 -5.751146211205309 -32.35569708840857 -24.190240294027486 -2.6198600140143675 -2.0169250813378885 71.23067930771482 -0.8024123197621247 -0.8701335931771921 87.10491112355196 -0.1696876230399269 -0.44554317262756926 32.70631224655434 1.0931664147269402 0.1272463287359399 74.92405046510598 0.0810797243441485 0.09121616769054669 93.77098953067147 0.02066299074516378 0.06298886431744465 46.71125891538187 -16.932396223699453 1.9562766739966178 76.93976417751598 2.4516295357613376 2.552698076670729 97.22086070967052 0.6848752045787324 1.8666808951616405 49.85553257411189 -5.048838387485069 2.2203291650239954 76.66512913603597 2.000364299561291 1.9690865247979479 99.72063692389999 0.45132183002676 1.3530893394550827 45.709992150469105 -38.18369386035444 -0.6664784222214821 18.81026143730699 -3.77857272546083 0.9704502219848101 -1.5261131361041143 7.241290482378806 -7.080739971225326 -1.3880583763500238